method,model_family,mean_fit_time,std_fit_time,mean_score_time,std_score_time,param_model__colsample_bytree,param_model__gamma,param_model__learning_rate,param_model__max_depth,param_model__min_child_weight,param_model__n_estimators,param_model__reg_alpha,param_model__reg_lambda,param_model__subsample,params,split0_test_pr_auc,split1_test_pr_auc,split2_test_pr_auc,mean_test_pr_auc,std_test_pr_auc,rank_test_pr_auc,split0_test_roc_auc,split1_test_roc_auc,split2_test_roc_auc,mean_test_roc_auc,std_test_roc_auc,rank_test_roc_auc,split0_test_f1,split1_test_f1,split2_test_f1,mean_test_f1,std_test_f1,rank_test_f1,split0_test_recall,split1_test_recall,split2_test_recall,mean_test_recall,std_test_recall,rank_test_recall,split0_test_precision,split1_test_precision,split2_test_precision,mean_test_precision,std_test_precision,rank_test_precision,param_model__scale_pos_weight
Original,XGBoost,4.730236291885376,0.03401587122918064,1.0050901571909587,0.06599306127303944,0.8,0,0.05,3,1,100,0.0,1,0.8,"{'model__colsample_bytree': 0.8, 'model__gamma': 0, 'model__learning_rate': 0.05, 'model__max_depth': 3, 'model__min_child_weight': 1, 'model__n_estimators': 100, 'model__reg_alpha': 0, 'model__reg_lambda': 1, 'model__subsample': 0.8}",0.22278119709973085,0.22932858957855623,0.23124622362146222,0.22778533676658308,0.0036240300251378617,27,0.7439565230385641,0.74683998667994,0.7445982062835672,0.7451315720006905,0.0012361094568405628,25,0.0027567195037904893,0.0006902502157031924,0.001724435247456458,0.0017238016556500467,0.000843632673119029,29,0.001380977041256689,0.0003453038674033149,0.0008632596685082873,0.0008631801923894303,0.00042281180643971334,27,0.7272727272727273,0.6666666666666666,0.7142857142857143,0.7027417027417028,0.026054069387110832,3,
Original,XGBoost,4.795676628748576,0.07570387862367053,0.9814740022023519,0.02967391919182465,0.8,0,0.05,3,1,100,0.0,5,0.8,"{'model__colsample_bytree': 0.8, 'model__gamma': 0, 'model__learning_rate': 0.05, 'model__max_depth': 3, 'model__min_child_weight': 1, 'model__n_estimators': 100, 'model__reg_alpha': 0, 'model__reg_lambda': 5, 'model__subsample': 0.8}",0.22362959621694578,0.22853489679129407,0.23080188508107818,0.22765545936310602,0.002993380422444714,31,0.7441754987643752,0.746010231328463,0.7440372563293842,0.744740995474074,0.0008992580212811541,31,0.0027571945545407546,0.0006901311249137336,0.0017250301880282904,0.0017241186224942594,0.0008438753575969806,27,0.001380977041256689,0.0003453038674033149,0.0008632596685082873,0.0008631801923894303,0.00042281180643971334,27,0.8,0.5,1.0,0.7666666666666666,0.20548046676563256,1,
Original,XGBoost,4.9502542813618975,0.060513945400297295,1.0269525051116943,0.04177804839564086,0.8,0,0.05,3,1,100,0.1,1,0.8,"{'model__colsample_bytree': 0.8, 'model__gamma': 0, 'model__learning_rate': 0.05, 'model__max_depth': 3, 'model__min_child_weight': 1, 'model__n_estimators': 100, 'model__reg_alpha': 0.1, 'model__reg_lambda': 1, 'model__subsample': 0.8}",0.22365355079220278,0.2286802899743795,0.23137031329175456,0.2279013846861123,0.0031981375783091976,25,0.743861782381593,0.7466556317930003,0.7446354248682443,0.7450509463476126,0.0011778206451656355,27,0.0027571945545407546,0.0010348395998620215,0.002068608860541286,0.0019535476716480205,0.0007078398855526316,25,0.001380977041256689,0.0005179558011049724,0.0010359116022099447,0.0009782814815238686,0.00035467575647434236,25,0.8,0.5,0.6666666666666666,0.6555555555555556,0.12272623352430291,5,
Original,XGBoost,4.764240662256877,0.03187427087162361,0.9965065320332845,0.02998649122520643,0.8,0,0.05,3,1,100,0.1,5,0.8,"{'model__colsample_bytree': 0.8, 'model__gamma': 0, 'model__learning_rate': 0.05, 'model__max_depth': 3, 'model__min_child_weight': 1, 'model__n_estimators': 100, 'model__reg_alpha': 0.1, 'model__reg_lambda': 5, 'model__subsample': 0.8}",0.22371733437805452,0.22820245802635472,0.2310686644863879,0.22766281896359905,0.003025328778712721,29,0.7443340502019491,0.7463298638217034,0.7441701258128984,0.7449446799455169,0.0009817564461944586,29,0.0017241379310344827,0.0,0.0013800241504226323,0.0010347206938190383,0.0007450229343963218,31,0.0008631106507854307,0.0,0.0006906077348066298,0.0005179061285306868,0.00037292482037941686,31,0.7142857142857143,0.0,0.8,0.5047619047619047,0.3586318168335758,31,
Original,XGBoost,6.114422718683879,0.09300131360792518,1.023380438486735,0.02968140756434316,0.8,0,0.05,3,1,200,0.0,1,0.8,"{'model__colsample_bytree': 0.8, 'model__gamma': 0, 'model__learning_rate': 0.05, 'model__max_depth': 3, 'model__min_child_weight': 1, 'model__n_estimators': 200, 'model__reg_alpha': 0, 'model__reg_lambda': 1, 'model__subsample': 0.8}",0.23124026186541397,0.23701839370491878,0.23965934841743203,0.23597266799592162,0.003515718161479587,10,0.750627821400894,0.7527987608742448,0.7524423770244983,0.7519563197665459,0.0009505904455458075,10,0.01701258931609391,0.011278195488721804,0.013665869490946362,0.013985551431920693,0.0023519446633781817,19,0.008631106507854307,0.005697513812154696,0.006906077348066298,0.0070782325560251,0.0012038049642102966,19,0.5882352941176471,0.55,0.6451612903225806,0.5944655281467425,0.039098419882885226,13,
Original,XGBoost,6.259828567504883,0.10652831889867602,0.9825557072957357,0.008785349020339438,0.8,0,0.05,3,1,200,0.0,5,0.8,"{'model__colsample_bytree': 0.8, 'model__gamma': 0, 'model__learning_rate': 0.05, 'model__max_depth': 3, 'model__min_child_weight': 1, 'model__n_estimators': 200, 'model__reg_alpha': 0, 'model__reg_lambda': 5, 'model__subsample': 0.8}",0.23190947570040937,0.23630845545752097,0.23882027954099674,0.235679403566309,0.002856172513714496,14,0.7509074373234588,0.7525144702004228,0.751526539135974,0.7516494822199519,0.0006618030514356678,18,0.016683690840994213,0.01330603889457523,0.012656062938258937,0.014215264224609461,0.0017654960882246534,17,0.008458484377697221,0.006733425414364641,0.006388121546961326,0.007193343779674396,0.0009056284152583719,17,0.6049382716049383,0.5571428571428572,0.6727272727272727,0.6116028004916894,0.047421874280824436,7,
Original,XGBoost,6.228361209233602,0.14281411884840037,0.993458112080892,0.024095700541365058,0.8,0,0.05,3,1,200,0.1,1,0.8,"{'model__colsample_bytree': 0.8, 'model__gamma': 0, 'model__learning_rate': 0.05, 'model__max_depth': 3, 'model__min_child_weight': 1, 'model__n_estimators': 200, 'model__reg_alpha': 0.1, 'model__reg_lambda': 1, 'model__subsample': 0.8}",0.23112793185414576,0.23639750135809895,0.23929598166314184,0.2356071382917955,0.0033811008811719524,16,0.7504514176003598,0.752919545245905,0.7520452618718358,0.7518054082393668,0.0010217830305997743,12,0.015326975476839238,0.01161003926925047,0.014334470989761093,0.013757161911950267,0.0015713832592789457,23,0.007767995857068877,0.005870165745856353,0.007251381215469613,0.006963180939464947,0.0008011384949237798,23,0.569620253164557,0.5230769230769231,0.6176470588235294,0.5701147450216698,0.03860967957589953,21,
Original,XGBoost,6.1891030470530195,0.07532911843996314,1.0106150309244792,0.02912652684102856,0.8,0,0.05,3,1,200,0.1,5,0.8,"{'model__colsample_bytree': 0.8, 'model__gamma': 0, 'model__learning_rate': 0.05, 'model__max_depth': 3, 'model__min_child_weight': 1, 'model__n_estimators': 200, 'model__reg_alpha': 0.1, 'model__reg_lambda': 5, 'model__subsample': 0.8}",0.23136217016417107,0.2360966151745552,0.23972294541016018,0.23572724358296215,0.0034232506197076325,12,0.7506585811675223,0.7526970216127974,0.7519257456909261,0.7517604494904152,0.0008403578553849741,16,0.01735284110241579,0.01161400512382579,0.012658227848101266,0.013875024691447614,0.002495863980772054,21,0.008803728638011392,0.005870165745856353,0.006388121546961326,0.007020671976943025,0.001278420339171167,21,0.6,0.5396825396825397,0.6851851851851852,0.6082892416225749,0.05968968982482211,9,
Original,XGBoost,4.72220500310262,0.06549048994969715,0.9875868956247965,0.03768026443625179,0.8,0,0.1,3,1,100,0.0,1,0.8,"{'model__colsample_bytree': 0.8, 'model__gamma': 0, 'model__learning_rate': 0.1, 'model__max_depth': 3, 'model__min_child_weight': 1, 'model__n_estimators': 100, 'model__reg_alpha': 0, 'model__reg_lambda': 1, 'model__subsample': 0.8}",0.23052707620887536,0.23666910065050262,0.23828804301732537,0.23516140662556775,0.003342953524962004,17,0.7504640567540528,0.7523350598177699,0.7516619764112855,0.7514870309943694,0.0007737861635209375,21,0.015298317185109638,0.014991482112436116,0.018392370572207085,0.01622738995658428,0.0015359888758218092,9,0.007767995857068877,0.007596685082872928,0.009323204419889503,0.00822929511994377,0.0007766659568178709,9,0.5,0.5641025641025641,0.675,0.5797008547008548,0.07228983332019123,17,
Original,XGBoost,4.850265105565389,0.11909372321233727,0.9588582515716553,0.036090382608332555,0.8,0,0.1,3,1,100,0.0,5,0.8,"{'model__colsample_bytree': 0.8, 'model__gamma': 0, 'model__learning_rate': 0.1, 'model__max_depth': 3, 'model__min_child_weight': 1, 'model__n_estimators': 100, 'model__reg_alpha': 0, 'model__reg_lambda': 5, 'model__subsample': 0.8}",0.23113175687338441,0.23531637494409482,0.23807890064131992,0.23484234415293304,0.002855898052139162,21,0.7507578048704145,0.7520605639216301,0.751196783365693,0.7513383840525792,0.0005411921114699903,23,0.016660999659979598,0.01432713627835579,0.016027280477408354,0.01567180547191458,0.000985393806444654,13,0.008458484377697221,0.007251381215469613,0.0081146408839779,0.007941502159048245,0.0005077776906072664,13,0.550561797752809,0.5915492957746479,0.6438356164383562,0.5953155699886042,0.03817189130880747,11,
Original,XGBoost,4.815706094106038,0.20933139134955445,0.9395325183868408,0.0035606996930000233,0.8,0,0.1,3,1,100,0.1,1,0.8,"{'model__colsample_bytree': 0.8, 'model__gamma': 0, 'model__learning_rate': 0.1, 'model__max_depth': 3, 'model__min_child_weight': 1, 'model__n_estimators': 100, 'model__reg_alpha': 0.1, 'model__reg_lambda': 1, 'model__subsample': 0.8}",0.2301876291039291,0.23540188132467565,0.23897299700749197,0.23485416914536558,0.003607461136197373,19,0.7501263993881493,0.7523972312660612,0.7520160411340876,0.7515132239294328,0.0009929042284825987,19,0.013964577656675749,0.015670243570090274,0.017705141300646918,0.015779987509137648,0.001529049136504545,11,0.007077507336440532,0.007941988950276244,0.008977900552486187,0.00799913227973432,0.000776883781087087,11,0.5189873417721519,0.5822784810126582,0.6341463414634146,0.578470721416075,0.04709050206663826,18,
Original,XGBoost,4.748298168182373,0.06483234451076289,1.0047082901000977,0.0517062275209654,0.8,0,0.1,3,1,100,0.1,5,0.8,"{'model__colsample_bytree': 0.8, 'model__gamma': 0, 'model__learning_rate': 0.1, 'model__max_depth': 3, 'model__min_child_weight': 1, 'model__n_estimators': 100, 'model__reg_alpha': 0.1, 'model__reg_lambda': 5, 'model__subsample': 0.8}",0.230897117715891,0.2352305143497271,0.23826899660796996,0.23479887622452936,0.00302499401687706,23,0.7507630063028536,0.752544392434809,0.7520023344656397,0.7517699110677674,0.0007455868447916524,13,0.01665533650577838,0.014668258570697595,0.015683600409137403,0.015669065161871127,0.0008112862770855709,15,0.008458484377697221,0.007424033149171271,0.007941988950276244,0.007941502159048245,0.00042231308589243494,13,0.5384615384615384,0.6056338028169014,0.6216216216216216,0.5885723209666871,0.03602980691956665,15,
Original,XGBoost,5.951127926508586,0.039252763475144954,1.0012420018513997,0.017013768893037837,0.8,0,0.1,3,1,200,0.0,1,0.8,"{'model__colsample_bytree': 0.8, 'model__gamma': 0, 'model__learning_rate': 0.1, 'model__max_depth': 3, 'model__min_child_weight': 1, 'model__n_estimators': 200, 'model__reg_alpha': 0, 'model__reg_lambda': 1, 'model__subsample': 0.8}",0.23365865384020526,0.2399630085999193,0.2421314790953811,0.2385843805118352,0.0035937588033633297,4,0.7531590778879635,0.7553586412031065,0.7569186048216063,0.7551454413042255,0.0015422065012741847,8,0.02886390333948649,0.02956492524777423,0.03022162525184688,0.029550151279702536,0.00055438608714224,6,0.014845503193509408,0.015193370165745856,0.015538674033149171,0.015192515797468146,0.0002829864551418074,6,0.5180722891566265,0.546583850931677,0.5487804878048781,0.5378122092977272,0.013987009181640695,27,
Original,XGBoost,5.909650564193726,0.09019276940246033,0.9978148937225342,0.005187119602307249,0.8,0,0.1,3,1,200,0.0,5,0.8,"{'model__colsample_bytree': 0.8, 'model__gamma': 0, 'model__learning_rate': 0.1, 'model__max_depth': 3, 'model__min_child_weight': 1, 'model__n_estimators': 200, 'model__reg_alpha': 0, 'model__reg_lambda': 5, 'model__subsample': 0.8}",0.23411370632022344,0.23947152414227885,0.24252447183759948,0.2387032341000339,0.003476391456556642,2,0.7536448655070522,0.755657757537215,0.7566193340535365,0.7553073190326013,0.0012393469093688152,4,0.03147497070149004,0.03154362416107383,0.031223770354205135,0.031414121738923,0.00013748590625033087,1,0.016226480234766097,0.0162292817679558,0.016056629834254144,0.016170797278992014,8.073667578630413e-05,1,0.5222222222222223,0.5595238095238095,0.5636363636363636,0.5484607984607984,0.018629285862191165,23,
Original,XGBoost,5.949874639511108,0.12328118618027803,1.0475439230600994,0.03288309586861502,0.8,0,0.1,3,1,200,0.1,1,0.8,"{'model__colsample_bytree': 0.8, 'model__gamma': 0, 'model__learning_rate': 0.1, 'model__max_depth': 3, 'model__min_child_weight': 1, 'model__n_estimators': 200, 'model__reg_alpha': 0.1, 'model__reg_lambda': 1, 'model__subsample': 0.8}",0.23247533938764867,0.23871979165926704,0.24294237351045972,0.23804583485245848,0.004299640617935832,7,0.753065648384528,0.7558642593012171,0.7567561887185102,0.7552286988014184,0.0015722541887081742,5,0.028169014084507043,0.02824478816408877,0.030903594222371517,0.029105798823655774,0.0012716096490974814,8,0.014500258933195235,0.014502762430939226,0.015883977900552487,0.014962333088228983,0.000651702098066982,7,0.49122807017543857,0.5384615384615384,0.5679012345679012,0.5325302810682927,0.0315814122038803,29,
Original,XGBoost,6.167999823888143,0.20150561948060144,1.0026568571726482,0.01855303339056947,0.8,0,0.1,3,1,200,0.1,5,0.8,"{'model__colsample_bytree': 0.8, 'model__gamma': 0, 'model__learning_rate': 0.1, 'model__max_depth': 3, 'model__min_child_weight': 1, 'model__n_estimators': 200, 'model__reg_alpha': 0.1, 'model__reg_lambda': 5, 'model__subsample': 0.8}",0.23425221150199674,0.23898435890415148,0.2414391296197183,0.23822523334195553,0.0029827450133608083,6,0.7541914987631191,0.7560443175212501,0.7568962014271163,0.7557106725704953,0.0011291127313165427,2,0.029515344625188664,0.029233870967741934,0.031213290820607486,0.02998750213784603,0.0008743474809054893,4,0.01519074745382358,0.015020718232044199,0.016056629834254144,0.015422698506707308,0.00045359980900840807,4,0.5176470588235295,0.54375,0.5568862275449101,0.5394277621228132,0.016308267753637227,26,
Original,XGBoost,4.987301588058472,0.07151914784282429,0.9569685459136963,0.0036715407531862296,0.8,1,0.05,3,1,100,0.0,1,0.8,"{'model__colsample_bytree': 0.8, 'model__gamma': 1, 'model__learning_rate': 0.05, 'model__max_depth': 3, 'model__min_child_weight': 1, 'model__n_estimators': 100, 'model__reg_alpha': 0, 'model__reg_lambda': 1, 'model__subsample': 0.8}",0.22278119709973085,0.22932858957855623,0.23124622362146222,0.22778533676658308,0.0036240300251378617,27,0.7439565230385641,0.74683998667994,0.7445982062835672,0.7451315720006905,0.0012361094568405628,25,0.0027567195037904893,0.0006902502157031924,0.001724435247456458,0.0017238016556500467,0.000843632673119029,29,0.001380977041256689,0.0003453038674033149,0.0008632596685082873,0.0008631801923894303,0.00042281180643971334,27,0.7272727272727273,0.6666666666666666,0.7142857142857143,0.7027417027417028,0.026054069387110832,3,
Original,XGBoost,4.88039755821228,0.10782985951763577,1.0339563687642415,0.04106134030908191,0.8,1,0.05,3,1,100,0.0,5,0.8,"{'model__colsample_bytree': 0.8, 'model__gamma': 1, 'model__learning_rate': 0.05, 'model__max_depth': 3, 'model__min_child_weight': 1, 'model__n_estimators': 100, 'model__reg_alpha': 0, 'model__reg_lambda': 5, 'model__subsample': 0.8}",0.22362959621694578,0.22853489679129407,0.23080188508107818,0.22765545936310602,0.002993380422444714,31,0.7441754987643752,0.746010231328463,0.7440372563293842,0.744740995474074,0.0008992580212811541,31,0.0027571945545407546,0.0006901311249137336,0.0017250301880282904,0.0017241186224942594,0.0008438753575969806,27,0.001380977041256689,0.0003453038674033149,0.0008632596685082873,0.0008631801923894303,0.00042281180643971334,27,0.8,0.5,1.0,0.7666666666666666,0.20548046676563256,1,
Original,XGBoost,4.939698060353597,0.19817150099640538,0.9760668277740479,0.04040706705228258,0.8,1,0.05,3,1,100,0.1,1,0.8,"{'model__colsample_bytree': 0.8, 'model__gamma': 1, 'model__learning_rate': 0.05, 'model__max_depth': 3, 'model__min_child_weight': 1, 'model__n_estimators': 100, 'model__reg_alpha': 0.1, 'model__reg_lambda': 1, 'model__subsample': 0.8}",0.22365355079220278,0.2286802899743795,0.23137031329175456,0.2279013846861123,0.0031981375783091976,25,0.743861782381593,0.7466556317930003,0.7446354248682443,0.7450509463476126,0.0011778206451656355,27,0.0027571945545407546,0.0010348395998620215,0.002068608860541286,0.0019535476716480205,0.0007078398855526316,25,0.001380977041256689,0.0005179558011049724,0.0010359116022099447,0.0009782814815238686,0.00035467575647434236,25,0.8,0.5,0.6666666666666666,0.6555555555555556,0.12272623352430291,5,
Original,XGBoost,5.3249038855234785,0.34827094439445444,1.0596205393473308,0.0703559973020892,0.8,1,0.05,3,1,100,0.1,5,0.8,"{'model__colsample_bytree': 0.8, 'model__gamma': 1, 'model__learning_rate': 0.05, 'model__max_depth': 3, 'model__min_child_weight': 1, 'model__n_estimators': 100, 'model__reg_alpha': 0.1, 'model__reg_lambda': 5, 'model__subsample': 0.8}",0.22371733437805452,0.22820245802635472,0.2310686644863879,0.22766281896359905,0.003025328778712721,29,0.7443340502019491,0.7463298638217034,0.7441701258128984,0.7449446799455169,0.0009817564461944586,29,0.0017241379310344827,0.0,0.0013800241504226323,0.0010347206938190383,0.0007450229343963218,31,0.0008631106507854307,0.0,0.0006906077348066298,0.0005179061285306868,0.00037292482037941686,31,0.7142857142857143,0.0,0.8,0.5047619047619047,0.3586318168335758,31,
Original,XGBoost,7.140635967254639,0.5122837881473172,1.2646283308664958,0.25464071423700074,0.8,1,0.05,3,1,200,0.0,1,0.8,"{'model__colsample_bytree': 0.8, 'model__gamma': 1, 'model__learning_rate': 0.05, 'model__max_depth': 3, 'model__min_child_weight': 1, 'model__n_estimators': 200, 'model__reg_alpha': 0, 'model__reg_lambda': 1, 'model__subsample': 0.8}",0.2312430637707314,0.23702320953915856,0.2396701191319013,0.2359787974805971,0.0035187036368627884,9,0.7506287098971522,0.7528059381271589,0.7524428979119272,0.7519591819787461,0.0009523887579465344,9,0.01701258931609391,0.011278195488721804,0.013665869490946362,0.013985551431920693,0.0023519446633781817,19,0.008631106507854307,0.005697513812154696,0.006906077348066298,0.0070782325560251,0.0012038049642102966,19,0.5882352941176471,0.55,0.6451612903225806,0.5944655281467425,0.039098419882885226,13,
Original,XGBoost,6.6134514808654785,0.17453110597290877,1.0023362636566162,0.024400639348767215,0.8,1,0.05,3,1,200,0.0,5,0.8,"{'model__colsample_bytree': 0.8, 'model__gamma': 1, 'model__learning_rate': 0.05, 'model__max_depth': 3, 'model__min_child_weight': 1, 'model__n_estimators': 200, 'model__reg_alpha': 0, 'model__reg_lambda': 5, 'model__subsample': 0.8}",0.23190947570040937,0.23630950413074897,0.2388233359330475,0.23568077192140194,0.0028573698830003927,13,0.7509074373234588,0.7525170772550918,0.7515264278911713,0.7516503141565739,0.0006629459668496993,17,0.016683690840994213,0.01330603889457523,0.012656062938258937,0.014215264224609461,0.0017654960882246534,17,0.008458484377697221,0.006733425414364641,0.006388121546961326,0.007193343779674396,0.0009056284152583719,17,0.6049382716049383,0.5571428571428572,0.6727272727272727,0.6116028004916894,0.047421874280824436,7,
Original,XGBoost,6.351418574651082,0.1552575119542209,0.9955017566680908,0.004583231297900768,0.8,1,0.05,3,1,200,0.1,1,0.8,"{'model__colsample_bytree': 0.8, 'model__gamma': 1, 'model__learning_rate': 0.05, 'model__max_depth': 3, 'model__min_child_weight': 1, 'model__n_estimators': 200, 'model__reg_alpha': 0.1, 'model__reg_lambda': 1, 'model__subsample': 0.8}",0.2311310734926248,0.23640302742605118,0.23930929725847427,0.2356144660590501,0.0033849872243206756,15,0.7504523728319775,0.7529269659286224,0.7520452631805983,0.751808200647066,0.0010240611088843483,11,0.015326975476839238,0.01161003926925047,0.014334470989761093,0.013757161911950267,0.0015713832592789457,23,0.007767995857068877,0.005870165745856353,0.007251381215469613,0.006963180939464947,0.0008011384949237798,23,0.569620253164557,0.5230769230769231,0.6176470588235294,0.5701147450216698,0.03860967957589953,21,
Original,XGBoost,6.304846127827962,0.03178602515479074,1.0423974990844727,0.03545658842848822,0.8,1,0.05,3,1,200,0.1,5,0.8,"{'model__colsample_bytree': 0.8, 'model__gamma': 1, 'model__learning_rate': 0.05, 'model__max_depth': 3, 'model__min_child_weight': 1, 'model__n_estimators': 200, 'model__reg_alpha': 0.1, 'model__reg_lambda': 5, 'model__subsample': 0.8}",0.2313616818181552,0.23610338156127675,0.23972050843660397,0.23572852393867863,0.0034227556429712097,11,0.7506568368884176,0.7526999414616761,0.7519261186882055,0.751760965679433,0.0008422294665736511,15,0.01735284110241579,0.01161400512382579,0.012658227848101266,0.013875024691447614,0.002495863980772054,21,0.008803728638011392,0.005870165745856353,0.006388121546961326,0.007020671976943025,0.001278420339171167,21,0.6,0.5396825396825397,0.6851851851851852,0.6082892416225749,0.05968968982482211,9,
Original,XGBoost,4.86608099937439,0.133459987779906,0.9435812632242838,0.030808307521334927,0.8,1,0.1,3,1,100,0.0,1,0.8,"{'model__colsample_bytree': 0.8, 'model__gamma': 1, 'model__learning_rate': 0.1, 'model__max_depth': 3, 'model__min_child_weight': 1, 'model__n_estimators': 100, 'model__reg_alpha': 0, 'model__reg_lambda': 1, 'model__subsample': 0.8}",0.23052707620887536,0.23658345528649327,0.23828804301732537,0.23513285817089802,0.003330297828953208,18,0.7504640567540528,0.7522744012987949,0.7516619764112855,0.7514668114880444,0.000751843890319929,22,0.015298317185109638,0.014988928632260262,0.018392370572207085,0.01622653879652566,0.0015366740664114103,10,0.007767995857068877,0.007596685082872928,0.009323204419889503,0.00822929511994377,0.0007766659568178709,9,0.5,0.5569620253164557,0.675,0.5773206751054852,0.07287937964392155,20,
Original,XGBoost,4.765357891718547,0.10511005145888137,0.9915156364440918,0.027564068640796885,0.8,1,0.1,3,1,100,0.0,5,0.8,"{'model__colsample_bytree': 0.8, 'model__gamma': 1, 'model__learning_rate': 0.1, 'model__max_depth': 3, 'model__min_child_weight': 1, 'model__n_estimators': 100, 'model__reg_alpha': 0, 'model__reg_lambda': 5, 'model__subsample': 0.8}",0.23113175687338441,0.23531637494409482,0.23807890064131992,0.23484234415293304,0.002855898052139162,21,0.7507578048704145,0.7520605639216301,0.751196783365693,0.7513383840525792,0.0005411921114699903,23,0.016660999659979598,0.01432713627835579,0.016027280477408354,0.01567180547191458,0.000985393806444654,13,0.008458484377697221,0.007251381215469613,0.0081146408839779,0.007941502159048245,0.0005077776906072664,13,0.550561797752809,0.5915492957746479,0.6438356164383562,0.5953155699886042,0.03817189130880747,11,
Original,XGBoost,4.859141031901042,0.13572177479426956,0.9452931880950928,0.02779128180724984,0.8,1,0.1,3,1,100,0.1,1,0.8,"{'model__colsample_bytree': 0.8, 'model__gamma': 1, 'model__learning_rate': 0.1, 'model__max_depth': 3, 'model__min_child_weight': 1, 'model__n_estimators': 100, 'model__reg_alpha': 0.1, 'model__reg_lambda': 1, 'model__subsample': 0.8}",0.2301876291039291,0.23540188132467565,0.23897299700749197,0.23485416914536558,0.003607461136197373,19,0.7501263993881493,0.7523972312660612,0.7520160411340876,0.7515132239294328,0.0009929042284825987,19,0.013964577656675749,0.015670243570090274,0.017705141300646918,0.015779987509137648,0.001529049136504545,11,0.007077507336440532,0.007941988950276244,0.008977900552486187,0.00799913227973432,0.000776883781087087,11,0.5189873417721519,0.5822784810126582,0.6341463414634146,0.578470721416075,0.04709050206663826,18,
Original,XGBoost,4.969964027404785,0.14428310096776176,0.9613854885101318,0.023601502587111446,0.8,1,0.1,3,1,100,0.1,5,0.8,"{'model__colsample_bytree': 0.8, 'model__gamma': 1, 'model__learning_rate': 0.1, 'model__max_depth': 3, 'model__min_child_weight': 1, 'model__n_estimators': 100, 'model__reg_alpha': 0.1, 'model__reg_lambda': 5, 'model__subsample': 0.8}",0.23089221791121844,0.2352305143497271,0.23826899660796996,0.2347972429563052,0.003027100819869302,24,0.7507598304848587,0.752544392434809,0.7520023344656397,0.751768852461769,0.0007470166097667512,14,0.01665533650577838,0.014668258570697595,0.015683600409137403,0.015669065161871127,0.0008112862770855709,15,0.008458484377697221,0.007424033149171271,0.007941988950276244,0.007941502159048245,0.00042231308589243494,13,0.5384615384615384,0.6056338028169014,0.6216216216216216,0.5885723209666871,0.03602980691956665,15,
Original,XGBoost,6.085155328114827,0.041931325489107565,0.9851288795471191,0.019376010116678125,0.8,1,0.1,3,1,200,0.0,1,0.8,"{'model__colsample_bytree': 0.8, 'model__gamma': 1, 'model__learning_rate': 0.1, 'model__max_depth': 3, 'model__min_child_weight': 1, 'model__n_estimators': 200, 'model__reg_alpha': 0, 'model__reg_lambda': 1, 'model__subsample': 0.8}",0.23394002046744053,0.2402135155017633,0.24212432386450944,0.23875928661123777,0.0034958825088330955,1,0.7531764434753598,0.7554345468038557,0.756927372220817,0.7551794541666775,0.001541897273606133,7,0.02981574539363484,0.028907563025210085,0.03022162525184688,0.02964831122356394,0.000549372693684298,5,0.015363369583980666,0.014848066298342542,0.015538674033149171,0.015250036638490795,0.0002931075209358549,5,0.5028248587570622,0.5443037974683544,0.5487804878048781,0.5319697146767649,0.02068940403568059,30,
Original,XGBoost,6.34890349706014,0.11935748207707104,0.9780493577321371,0.03279876315475229,0.8,1,0.1,3,1,200,0.0,5,0.8,"{'model__colsample_bytree': 0.8, 'model__gamma': 1, 'model__learning_rate': 0.1, 'model__max_depth': 3, 'model__min_child_weight': 1, 'model__n_estimators': 200, 'model__reg_alpha': 0, 'model__reg_lambda': 5, 'model__subsample': 0.8}",0.2341127700442317,0.23946804914247316,0.2425271728177774,0.2387026640014941,0.0034775378569122735,3,0.7536528240258181,0.7556548795687323,0.75662203141281,0.7553099116691202,0.001236473551560771,3,0.03147497070149004,0.03154362416107383,0.031223770354205135,0.031414121738923,0.00013748590625033087,1,0.016226480234766097,0.0162292817679558,0.016056629834254144,0.016170797278992014,8.073667578630413e-05,1,0.5222222222222223,0.5595238095238095,0.5636363636363636,0.5484607984607984,0.018629285862191165,23,
Original,XGBoost,6.10459836324056,0.054054689785035685,0.9815633296966553,0.01151859915672874,0.8,1,0.1,3,1,200,0.1,1,0.8,"{'model__colsample_bytree': 0.8, 'model__gamma': 1, 'model__learning_rate': 0.1, 'model__max_depth': 3, 'model__min_child_weight': 1, 'model__n_estimators': 200, 'model__reg_alpha': 0.1, 'model__reg_lambda': 1, 'model__subsample': 0.8}",0.2324789734527244,0.23871997571305897,0.24268181452590365,0.2379602545638957,0.004199791555105478,8,0.7530756770079781,0.7558645681691399,0.7566710759743893,0.7552037737171692,0.0015403918143845432,6,0.028169014084507043,0.02824478816408877,0.030913978494623656,0.029109260247739823,0.0012765033988101262,7,0.014500258933195235,0.014502762430939226,0.015883977900552487,0.014962333088228983,0.000651702098066982,7,0.49122807017543857,0.5384615384615384,0.575,0.5348965362123257,0.03429252578828686,28,
Original,XGBoost,6.2697116533915205,0.24116881156223316,0.9718341032663981,0.0007554757677526315,0.8,1,0.1,3,1,200,0.1,5,0.8,"{'model__colsample_bytree': 0.8, 'model__gamma': 1, 'model__learning_rate': 0.1, 'model__max_depth': 3, 'model__min_child_weight': 1, 'model__n_estimators': 200, 'model__reg_alpha': 0.1, 'model__reg_lambda': 5, 'model__subsample': 0.8}",0.2342499980317871,0.2389852560723671,0.24177797470685483,0.23833774293700302,0.003107202723827631,5,0.7541965549480107,0.756041785066037,0.7569998135275355,0.7557460511805277,0.0011633739909414748,1,0.029515344625188664,0.029233870967741934,0.03220395840322039,0.030317724665383666,0.0013387096125932235,3,0.01519074745382358,0.015020718232044199,0.016574585635359115,0.015595350440408965,0.0006958944648611215,3,0.5176470588235295,0.54375,0.5647058823529412,0.5420343137254903,0.019249950693226624,25,
XGBoost_scale_pos_weight,XGBoost,5.090345939000447,0.03396152211923263,1.0082957744598389,0.018019280554861024,0.8,0,0.05,3,1,100,0.0,1,0.8,"{'model__colsample_bytree': 0.8, 'model__gamma': 0, 'model__learning_rate': 0.05, 'model__max_depth': 3, 'model__min_child_weight': 1, 'model__n_estimators': 100, 'model__reg_alpha': 0, 'model__reg_lambda': 1, 'model__scale_pos_weight': 9.3875, 'model__subsample': 0.8}",0.22206810055725362,0.22747233080826534,0.22954630551544442,0.2263622456269878,0.0031522588918050866,83,0.7436640219574512,0.7465094849151,0.7439698354351708,0.7447144474359074,0.0012754084664840031,93,0.27183696126244006,0.27462090981644055,0.2732089198165428,0.2732222636318078,0.0011365814037087205,31,0.5917486621784913,0.5940953038674033,0.5965124309392266,0.5941187989950404,0.0019448714125799831,95,0.17644636606959027,0.17858625700643554,0.17717948717948717,0.17740403675183766,0.0008879189858803661,31,9.3875
XGBoost_scale_pos_weight,XGBoost,4.896132389704387,0.06726098636381612,1.0411793390909831,0.025793683557534194,0.8,0,0.05,3,1,100,0.0,1,0.8,"{'model__colsample_bytree': 0.8, 'model__gamma': 0, 'model__learning_rate': 0.05, 'model__max_depth': 3, 'model__min_child_weight': 1, 'model__n_estimators': 100, 'model__reg_alpha': 0, 'model__reg_lambda': 1, 'model__scale_pos_weight': 11.3875, 'model__subsample': 0.8}",0.2214824292714837,0.2267942314170571,0.22931599960339627,0.22586422009731236,0.0032649550101438557,95,0.7438838089758693,0.7463882699606157,0.7438449847387836,0.7447056878917562,0.0011898707616605543,95,0.25664902525624705,0.2594670877994691,0.2566788200198873,0.25759831102520114,0.001321480711428805,57,0.661315380631797,0.6666091160220995,0.6685082872928176,0.6654775946489048,0.003043543113109719,61,0.1592203150326254,0.16108306562643415,0.15883173353023217,0.1597117047297639,0.0009825890723619613,57,11.3875
XGBoost_scale_pos_weight,XGBoost,4.9735950628916425,0.16566885788234387,0.9539915720621744,0.007192578038769111,0.8,0,0.05,3,1,100,0.0,1,0.8,"{'model__colsample_bytree': 0.8, 'model__gamma': 0, 'model__learning_rate': 0.05, 'model__max_depth': 3, 'model__min_child_weight': 1, 'model__n_estimators': 100, 'model__reg_alpha': 0, 'model__reg_lambda': 1, 'model__scale_pos_weight': 13.3875, 'model__subsample': 0.8}",0.22241980404969508,0.22711588408994038,0.22938013330643858,0.226305273815358,0.002898777052886701,89,0.7436103196210226,0.7465571343359779,0.7442365572827496,0.7448013370799167,0.0012675860011679243,79,0.24474811339995922,0.24363943694809548,0.2443982443982444,0.24426193158209972,0.00046276470379180007,89,0.7250129466597618,0.7216850828729282,0.7306629834254144,0.725787004319368,0.00370585559422555,19,0.14722378014582166,0.14655867606325165,0.14674063800277393,0.14684103140394908,0.0002806539819926057,89,13.3875
XGBoost_scale_pos_weight,XGBoost,4.935371319452922,0.09002401070170081,0.9591190814971924,0.023641002231086856,0.8,0,0.05,3,1,100,0.0,5,0.8,"{'model__colsample_bytree': 0.8, 'model__gamma': 0, 'model__learning_rate': 0.05, 'model__max_depth': 3, 'model__min_child_weight': 1, 'model__n_estimators': 100, 'model__reg_alpha': 0, 'model__reg_lambda': 5, 'model__scale_pos_weight': 9.3875, 'model__subsample': 0.8}",0.2224791238395828,0.22761821465024473,0.2293873744646598,0.22649490431816244,0.0029300001423596435,75,0.74382506484845,0.7466815191129564,0.7440873295781973,0.7448646378465346,0.0012891829064238924,75,0.27215365689114646,0.2750718620249122,0.2734941190447903,0.27357321265361634,0.0011926642863499637,25,0.5919212843086483,0.59478591160221,0.5961671270718232,0.5942914409942271,0.00176827054472635,91,0.17669792847572915,0.1789052762775239,0.17745002312554603,0.17768440929293303,0.0009162600562863477,25,9.3875
XGBoost_scale_pos_weight,XGBoost,4.961835622787476,0.08071817032192169,1.0074596405029297,0.009494510146244408,0.8,0,0.05,3,1,100,0.0,5,0.8,"{'model__colsample_bytree': 0.8, 'model__gamma': 0, 'model__learning_rate': 0.05, 'model__max_depth': 3, 'model__min_child_weight': 1, 'model__n_estimators': 100, 'model__reg_alpha': 0, 'model__reg_lambda': 5, 'model__scale_pos_weight': 11.3875, 'model__subsample': 0.8}",0.22220896241581123,0.2266730618947484,0.22948812053214251,0.22612338161423406,0.002997014851339875,91,0.7437112732091187,0.7465789147595729,0.7438991949854925,0.7447297943180614,0.0013097743963295938,91,0.2566655529568994,0.25874569815229376,0.25634568228510834,0.2572523111314338,0.0010640278527753759,61,0.6630416019333678,0.6685082872928176,0.6678176795580111,0.6664558562613988,0.00243064932657958,57,0.1591332808551187,0.1604176161080499,0.1586155991142459,0.1593888320258048,0.0007575381671875868,61,11.3875
XGBoost_scale_pos_weight,XGBoost,4.951922178268433,0.12072687820885115,0.9694351355234782,0.034565500296959734,0.8,0,0.05,3,1,100,0.0,5,0.8,"{'model__colsample_bytree': 0.8, 'model__gamma': 0, 'model__learning_rate': 0.05, 'model__max_depth': 3, 'model__min_child_weight': 1, 'model__n_estimators': 100, 'model__reg_alpha': 0, 'model__reg_lambda': 5, 'model__scale_pos_weight': 13.3875, 'model__subsample': 0.8}",0.2225832214055935,0.2271349350220725,0.2295340978335369,0.22641741808706764,0.002882683205296629,81,0.743570024549191,0.7464231039802292,0.7443967641949416,0.7447966309081205,0.0011985923969903773,81,0.24431834715553616,0.24389675464662355,0.2441200324412003,0.24411171141445334,0.0001722149635531111,93,0.7246677023994476,0.7227209944751382,0.7275552486187845,0.7249813151644567,0.001985995637142408,27,0.14692706145877082,0.14670217985561085,0.14666573854935264,0.14676499328791145,0.00011556112727248743,93,13.3875
XGBoost_scale_pos_weight,XGBoost,5.092643102010091,0.010175081699430844,0.9332844416300455,0.008465719355239232,0.8,0,0.05,3,1,100,0.1,1,0.8,"{'model__colsample_bytree': 0.8, 'model__gamma': 0, 'model__learning_rate': 0.05, 'model__max_depth': 3, 'model__min_child_weight': 1, 'model__n_estimators': 100, 'model__reg_alpha': 0.1, 'model__reg_lambda': 1, 'model__scale_pos_weight': 9.3875, 'model__subsample': 0.8}",0.22240602576922713,0.2274690919672977,0.22954724517114217,0.22647412096922234,0.002999080870514636,77,0.7437620915311834,0.7465090909776224,0.743969144408632,0.7447467756391459,0.0012490087370089261,87,0.27256510881198714,0.27462090981644055,0.2732089198165428,0.2734649794816568,0.0008585857971306255,27,0.5934748834800622,0.5940953038674033,0.5965124309392266,0.5946942060955641,0.0013103909215296378,89,0.1769064526088299,0.17858625700643554,0.17717948717948717,0.1775573989315842,0.0007360021163165256,29,9.3875
XGBoost_scale_pos_weight,XGBoost,4.901022116343181,0.09769571239834395,1.0034664471944172,0.030299871533636374,0.8,0,0.05,3,1,100,0.1,1,0.8,"{'model__colsample_bytree': 0.8, 'model__gamma': 0, 'model__learning_rate': 0.05, 'model__max_depth': 3, 'model__min_child_weight': 1, 'model__n_estimators': 100, 'model__reg_alpha': 0.1, 'model__reg_lambda': 1, 'model__scale_pos_weight': 11.3875, 'model__subsample': 0.8}",0.22148228773862444,0.22734876618872707,0.22935589862226002,0.2260623175165372,0.003340623666958066,93,0.743883500161264,0.7463245450113747,0.7439939232068489,0.7447339894598292,0.0011255957042571388,89,0.2566576223495126,0.25920204191295004,0.2562947256824808,0.2573847966483145,0.0012934988111361556,59,0.661315380631797,0.6662638121546961,0.6678176795580111,0.6651322907815014,0.0027725112918265617,63,0.15922693266832919,0.16089893262174784,0.158576582486061,0.159567482592046,0.0009781984209381496,59,11.3875
XGBoost_scale_pos_weight,XGBoost,5.085959831873576,0.0873348895812326,0.990397055943807,0.016737194975060495,0.8,0,0.05,3,1,100,0.1,1,0.8,"{'model__colsample_bytree': 0.8, 'model__gamma': 0, 'model__learning_rate': 0.05, 'model__max_depth': 3, 'model__min_child_weight': 1, 'model__n_estimators': 100, 'model__reg_alpha': 0.1, 'model__reg_lambda': 1, 'model__scale_pos_weight': 13.3875, 'model__subsample': 0.8}",0.22246358536964217,0.22707285477029598,0.2293806743601945,0.22630570483337756,0.0028755195814658733,87,0.7435482910670822,0.7465534527873916,0.7442364892271056,0.744779411027193,0.0012855147612431243,85,0.2441637072829947,0.24362523677691972,0.24439118759564576,0.24406004388518673,0.0003211746557151262,95,0.7239772138788193,0.7216850828729282,0.7306629834254144,0.7254417600590539,0.003808704610766651,23,0.14684359791323834,0.14654839953721557,0.1467355500849485,0.1467091825118008,0.00012194795881001617,95,13.3875
XGBoost_scale_pos_weight,XGBoost,4.977802276611328,0.12370497218753632,0.9318801561991373,0.006198492711362368,0.8,0,0.05,3,1,100,0.1,5,0.8,"{'model__colsample_bytree': 0.8, 'model__gamma': 0, 'model__learning_rate': 0.05, 'model__max_depth': 3, 'model__min_child_weight': 1, 'model__n_estimators': 100, 'model__reg_alpha': 0.1, 'model__reg_lambda': 5, 'model__scale_pos_weight': 9.3875, 'model__subsample': 0.8}",0.22262132710042487,0.22760540870472004,0.2293938537961963,0.2265401965337804,0.002865633983149587,73,0.7438183939295633,0.7466777132319438,0.7441048709204306,0.7448669926939792,0.001285703158205404,73,0.2718007693222826,0.2750938273576619,0.2733676296003166,0.2734207420934204,0.0013449097884955855,29,0.5915760400483342,0.59478591160221,0.5963397790055248,0.5942339102186897,0.0019835710824369496,93,0.1764312191103789,0.1789238599771476,0.17732826778930075,0.17756111562560908,0.0010308502021232969,27,9.3875
XGBoost_scale_pos_weight,XGBoost,4.849632024765015,0.05792482110419853,0.9665888945261637,0.03784897370191649,0.8,0,0.05,3,1,100,0.1,5,0.8,"{'model__colsample_bytree': 0.8, 'model__gamma': 0, 'model__learning_rate': 0.05, 'model__max_depth': 3, 'model__min_child_weight': 1, 'model__n_estimators': 100, 'model__reg_alpha': 0.1, 'model__reg_lambda': 5, 'model__scale_pos_weight': 11.3875, 'model__subsample': 0.8}",0.22220707712755836,0.22726743926320508,0.22948628252339115,0.22632026630471822,0.0030462611245751646,85,0.7437110716945035,0.7467638415756745,0.7438987787990545,0.7447912306897443,0.0013969499560931517,83,0.2566827051590484,0.258522062021209,0.2564119557293393,0.25720557430319885,0.0009374366635229343,63,0.6630416019333678,0.6671270718232044,0.6679903314917127,0.6660530017494284,0.002158348280969377,59,0.15914646778537395,0.1603252977054894,0.1586566062494874,0.15937612391345024,0.000700328135807664,63,11.3875
XGBoost_scale_pos_weight,XGBoost,5.0557967821757,0.17995933045292142,0.9948228995005289,0.02768046167998423,0.8,0,0.05,3,1,100,0.1,5,0.8,"{'model__colsample_bytree': 0.8, 'model__gamma': 0, 'model__learning_rate': 0.05, 'model__max_depth': 3, 'model__min_child_weight': 1, 'model__n_estimators': 100, 'model__reg_alpha': 0.1, 'model__reg_lambda': 5, 'model__scale_pos_weight': 13.3875, 'model__subsample': 0.8}",0.22256409421540183,0.2271366788645584,0.2296029469202847,0.226434573333415,0.0029161705463279434,79,0.7436525395499911,0.7464225974891865,0.7444112849135923,0.74482880731759,0.0011687739915554889,77,0.24420194965808234,0.24389675464662355,0.24425004345055326,0.24411624925175304,0.0001564430982376121,91,0.7243224581391334,0.7227209944751382,0.7279005524861878,0.7249813350334865,0.0021652627814180477,25,0.14685706285874284,0.14670217985561085,0.1467455621301775,0.14676826828151038,6.523732646300027e-05,91,13.3875
XGBoost_scale_pos_weight,XGBoost,6.279614289601644,0.09451619558089155,0.9876717726389567,0.014598990431805353,0.8,0,0.05,3,1,200,0.0,1,0.8,"{'model__colsample_bytree': 0.8, 'model__gamma': 0, 'model__learning_rate': 0.05, 'model__max_depth': 3, 'model__min_child_weight': 1, 'model__n_estimators': 200, 'model__reg_alpha': 0, 'model__reg_lambda': 1, 'model__scale_pos_weight': 9.3875, 'model__subsample': 0.8}",0.23116037028789665,0.23580133793640579,0.23842111288951118,0.23512760703793786,0.0030022248166304707,43,0.7500960361080693,0.7526017083746553,0.7517703223052479,0.7514893555959908,0.0010420508930846127,50,0.27796853789028186,0.27868654796832926,0.279283928075259,0.2786463379779567,0.0005377579797504041,21,0.6008976350768168,0.5985842541436464,0.607389502762431,0.602290463994298,0.003727204502454986,87,0.18080299174154676,0.18162292419718162,0.1813308592340601,0.1812522583909295,0.000339318805212721,19,9.3875
XGBoost_scale_pos_weight,XGBoost,6.214822133382161,0.05797113532558628,1.0018734137217205,0.03180199616083776,0.8,0,0.05,3,1,200,0.0,1,0.8,"{'model__colsample_bytree': 0.8, 'model__gamma': 0, 'model__learning_rate': 0.05, 'model__max_depth': 3, 'model__min_child_weight': 1, 'model__n_estimators': 200, 'model__reg_alpha': 0, 'model__reg_lambda': 1, 'model__scale_pos_weight': 11.3875, 'model__subsample': 0.8}",0.23052846140889066,0.23574796579933593,0.23847333377094948,0.2349165869930587,0.00329632545440088,51,0.750373460232059,0.7526430914412385,0.7517759198819642,0.7515974905184205,0.0009351236049319577,33,0.2621468158172112,0.26240195579097486,0.26184555413670274,0.2621314419149629,0.0002274100083871169,52,0.665458311755567,0.6671270718232044,0.6726519337016574,0.6684124390934763,0.003074212738293935,53,0.16322296553476162,0.16332051227862546,0.16256363181173328,0.16303570320837346,0.00033617197429684976,50,11.3875
XGBoost_scale_pos_weight,XGBoost,6.170916398366292,0.05336256235799933,0.9491768678029379,0.004469408607605928,0.8,0,0.05,3,1,200,0.0,1,0.8,"{'model__colsample_bytree': 0.8, 'model__gamma': 0, 'model__learning_rate': 0.05, 'model__max_depth': 3, 'model__min_child_weight': 1, 'model__n_estimators': 200, 'model__reg_alpha': 0, 'model__reg_lambda': 1, 'model__scale_pos_weight': 13.3875, 'model__subsample': 0.8}",0.23138715437583063,0.23583437521728812,0.23827372151595766,0.23516508370302547,0.0028509840514188947,37,0.7498280556917305,0.752631877965132,0.7515777771833088,0.7513459036133904,0.001156338718982049,59,0.24990317294801132,0.2486935866983373,0.2495146202270989,0.24937045995781584,0.0005042230731729326,85,0.7239772138788193,0.7230662983425414,0.7322168508287292,0.7264201210166966,0.004115742068678784,13,0.15101541120553075,0.1501721170395869,0.15037940571590666,0.15052231132034144,0.00035879685191194175,85,13.3875
XGBoost_scale_pos_weight,XGBoost,6.302542845408122,0.0391798424415944,0.9984100659688314,0.02014385421396095,0.8,0,0.05,3,1,200,0.0,5,0.8,"{'model__colsample_bytree': 0.8, 'model__gamma': 0, 'model__learning_rate': 0.05, 'model__max_depth': 3, 'model__min_child_weight': 1, 'model__n_estimators': 200, 'model__reg_alpha': 0, 'model__reg_lambda': 5, 'model__scale_pos_weight': 9.3875, 'model__subsample': 0.8}",0.23123179008255337,0.23569528342161997,0.23859445581229233,0.23517384310548853,0.0030283259032490243,35,0.7504531226233706,0.7528123576066527,0.7518803054609524,0.7517152618969919,0.000970198247812979,27,0.27958361584174213,0.27989535117729925,0.28032559062934287,0.27993485254946143,0.0003041950198593131,9,0.6050405662005869,0.600310773480663,0.6094613259668509,0.6049375552160335,0.0037364074677711367,75,0.18179460580912862,0.18249094630766807,0.18202444180890012,0.1821033313085656,0.00028970121084161295,9,9.3875
XGBoost_scale_pos_weight,XGBoost,6.557024558385213,0.1800116158312951,0.9901721477508545,0.04326437492852405,0.8,0,0.05,3,1,200,0.0,5,0.8,"{'model__colsample_bytree': 0.8, 'model__gamma': 0, 'model__learning_rate': 0.05, 'model__max_depth': 3, 'model__min_child_weight': 1, 'model__n_estimators': 200, 'model__reg_alpha': 0, 'model__reg_lambda': 5, 'model__scale_pos_weight': 11.3875, 'model__subsample': 0.8}",0.23122206533483408,0.23651432716839033,0.2385492022409969,0.23542853158140709,0.0030882517009841784,27,0.7501907191894359,0.7528994374206367,0.7516394879472408,0.7515765481857711,0.0011067247999360583,37,0.2620250161011491,0.2617974863647142,0.2625882352941176,0.26213691258666033,0.0003323768794009562,50,0.6671845330571379,0.6671270718232044,0.674378453038674,0.6695633526396721,0.0034048709557243408,43,0.16302513919352118,0.16285244657984574,0.16303531179564237,0.1629709658563364,8.390861947534396e-05,51,11.3875
XGBoost_scale_pos_weight,XGBoost,6.368648926417033,0.17248763511214513,0.9962418079376221,0.028679030854647132,0.8,0,0.05,3,1,200,0.0,5,0.8,"{'model__colsample_bytree': 0.8, 'model__gamma': 0, 'model__learning_rate': 0.05, 'model__max_depth': 3, 'model__min_child_weight': 1, 'model__n_estimators': 200, 'model__reg_alpha': 0, 'model__reg_lambda': 5, 'model__scale_pos_weight': 13.3875, 'model__subsample': 0.8}",0.23146580002927342,0.23602153858406022,0.23825478002646042,0.23524737287993136,0.002825132652182113,29,0.7501357423384929,0.7524519375337138,0.7520262337755346,0.7515379712159138,0.0010066413763721628,43,0.2502081103579498,0.2493909323192109,0.2499484308236334,0.24984915783359804,0.00034091673632743357,77,0.7263939237010185,0.7246201657458563,0.7322168508287292,0.7277436467585346,0.003244864692718746,5,0.1511331393887153,0.15061365104428337,0.15069466652453542,0.1508138189858447,0.0002282031503977746,77,13.3875
XGBoost_scale_pos_weight,XGBoost,6.364752689997355,0.2802364722055649,0.971368153889974,0.010078887924570937,0.8,0,0.05,3,1,200,0.1,1,0.8,"{'model__colsample_bytree': 0.8, 'model__gamma': 0, 'model__learning_rate': 0.05, 'model__max_depth': 3, 'model__min_child_weight': 1, 'model__n_estimators': 200, 'model__reg_alpha': 0.1, 'model__reg_lambda': 1, 'model__scale_pos_weight': 9.3875, 'model__subsample': 0.8}",0.23103130502822067,0.23592564091612248,0.2386331794554536,0.2351967084665989,0.0031459636137788575,31,0.7504739806945857,0.7526216355907146,0.7518409234920544,0.7516455132591182,0.0008875976031095526,30,0.2789603763055091,0.27914455700273355,0.27979192312274154,0.27929895214366135,0.00035660054399748675,17,0.6040048334196444,0.5994475138121547,0.6082527624309392,0.6039017032209127,0.003595467302782719,84,0.181361115430467,0.18193250890798573,0.18168222371203135,0.181658616016828,0.00023386694079090403,15,9.3875
XGBoost_scale_pos_weight,XGBoost,6.2199530601501465,0.16684659940815966,0.9692955811818441,0.042733087893311414,0.8,0,0.05,3,1,200,0.1,1,0.8,"{'model__colsample_bytree': 0.8, 'model__gamma': 0, 'model__learning_rate': 0.05, 'model__max_depth': 3, 'model__min_child_weight': 1, 'model__n_estimators': 200, 'model__reg_alpha': 0.1, 'model__reg_lambda': 1, 'model__scale_pos_weight': 11.3875, 'model__subsample': 0.8}",0.2307070114423359,0.23593684199006904,0.2384273779261119,0.23502374378617227,0.0032172789650492485,49,0.7504335351410607,0.7526261874662863,0.7512329274564526,0.7514308833545998,0.0009060246347047267,53,0.2625637538252295,0.2618805504711545,0.2614304431081399,0.2619582491348413,0.00046592281701413247,56,0.6664940445365096,0.6669544198895028,0.6717886740331491,0.6684123794863872,0.0023947873971443007,54,0.16348393106660455,0.16292703500632644,0.16229405630865484,0.16290167412719528,0.0004860952345265959,56,11.3875
XGBoost_scale_pos_weight,XGBoost,6.177577257156372,0.09703353542235235,0.9550463358561198,0.005041009323745302,0.8,0,0.05,3,1,200,0.1,1,0.8,"{'model__colsample_bytree': 0.8, 'model__gamma': 0, 'model__learning_rate': 0.05, 'model__max_depth': 3, 'model__min_child_weight': 1, 'model__n_estimators': 200, 'model__reg_alpha': 0.1, 'model__reg_lambda': 1, 'model__scale_pos_weight': 13.3875, 'model__subsample': 0.8}",0.23117221378476735,0.23580952198854227,0.23819118970410555,0.23505764182580505,0.0029143894241505297,45,0.7499497234120308,0.7526154634673115,0.7515552638527787,0.7513734835773738,0.0010958483964419717,57,0.24968699695939903,0.2487677415523487,0.2495954811567768,0.2493500732228415,0.00041346214367347656,87,0.7229414810978767,0.7232389502762431,0.732389502762431,0.7261899780455169,0.004385407773874682,15,0.1509026051237704,0.15021874775873198,0.1504308663427781,0.15051740640842684,0.00028581125607783983,87,13.3875
XGBoost_scale_pos_weight,XGBoost,6.239526271820068,0.08348072064962395,0.9867323239644369,0.02637967535804159,0.8,0,0.05,3,1,200,0.1,5,0.8,"{'model__colsample_bytree': 0.8, 'model__gamma': 0, 'model__learning_rate': 0.05, 'model__max_depth': 3, 'model__min_child_weight': 1, 'model__n_estimators': 200, 'model__reg_alpha': 0.1, 'model__reg_lambda': 5, 'model__scale_pos_weight': 9.3875, 'model__subsample': 0.8}",0.23192029115623577,0.23569078002846883,0.23874683003328606,0.2354526337393302,0.0027920056711072555,25,0.750571804263463,0.7528082297700933,0.7518074649817067,0.751729166338421,0.0009146940362153562,25,0.27935723114956734,0.2798840859695726,0.2801775382420544,0.2798062851203981,0.00033937752881350105,11,0.6046953219402728,0.600310773480663,0.6103245856353591,0.6051102270187649,0.0040986353936811526,73,0.1816343461578347,0.1824813687414716,0.18182285773068615,0.1819795242099975,0.0003631070582280992,11,9.3875
XGBoost_scale_pos_weight,XGBoost,6.15735141436259,0.09901599678070784,1.000580072402954,0.036997600381622045,0.8,0,0.05,3,1,200,0.1,5,0.8,"{'model__colsample_bytree': 0.8, 'model__gamma': 0, 'model__learning_rate': 0.05, 'model__max_depth': 3, 'model__min_child_weight': 1, 'model__n_estimators': 200, 'model__reg_alpha': 0.1, 'model__reg_lambda': 5, 'model__scale_pos_weight': 11.3875, 'model__subsample': 0.8}",0.23109757833424827,0.23597536128606966,0.2383422289374813,0.23513838951926638,0.003016248430810535,41,0.75006551711215,0.7528388718237907,0.7516231611364999,0.7515091833574802,0.0011350821672835502,47,0.2620427811112241,0.26193779823344276,0.2623655913978495,0.26211539024750546,0.00018203628371274842,53,0.6671845330571379,0.6681629834254144,0.6740331491712708,0.6697935552179409,0.003024341134597514,41,0.16303889310723024,0.1628993559792903,0.1628838451268358,0.1629406980711188,6.972252373355794e-05,53,11.3875
XGBoost_scale_pos_weight,XGBoost,6.1174263159434,0.14386573588494134,0.9969062010447184,0.030045550272570522,0.8,0,0.05,3,1,200,0.1,5,0.8,"{'model__colsample_bytree': 0.8, 'model__gamma': 0, 'model__learning_rate': 0.05, 'model__max_depth': 3, 'model__min_child_weight': 1, 'model__n_estimators': 200, 'model__reg_alpha': 0.1, 'model__reg_lambda': 5, 'model__scale_pos_weight': 13.3875, 'model__subsample': 0.8}",0.23134879337987962,0.2358539514024514,0.2383438722892839,0.2351822056905383,0.0028949627474060655,33,0.75012558155286,0.7525256810590044,0.7519470588863499,0.7515327738327381,0.0010226904025113523,45,0.25014865025567845,0.24963603410880353,0.2501549815498155,0.24997988863809917,0.00024315560766610198,73,0.7262213015708614,0.725310773480663,0.7315262430939227,0.7276861060484823,0.002740712163724657,7,0.15109722371870848,0.1507626054189844,0.15087419435245522,0.1509113411633827,0.00013910970682431734,73,13.3875
XGBoost_scale_pos_weight,XGBoost,4.704455534617106,0.05496005294228357,0.9883205890655518,0.04018807455017759,0.8,0,0.1,3,1,100,0.0,1,0.8,"{'model__colsample_bytree': 0.8, 'model__gamma': 0, 'model__learning_rate': 0.1, 'model__max_depth': 3, 'model__min_child_weight': 1, 'model__n_estimators': 100, 'model__reg_alpha': 0, 'model__reg_lambda': 1, 'model__scale_pos_weight': 9.3875, 'model__subsample': 0.8}",0.23094579935477005,0.23562979851828098,0.2376939047660998,0.23475650087971692,0.0028232626793299044,56,0.7503241087793688,0.752473112000325,0.7518411957146304,0.7515461388314414,0.000901793632770398,41,0.27724105163129553,0.27882809065110514,0.2794516180455922,0.2785069201093309,0.0009305961729564399,23,0.6043500776799585,0.6022099447513812,0.6053176795580111,0.6039592339964502,0.001298479365973492,82,0.17987977187483944,0.18141155666510636,0.1816580310880829,0.18098311987600957,0.0007866469004833045,23,9.3875
XGBoost_scale_pos_weight,XGBoost,4.84018596013387,0.049353810905648714,0.9993183612823486,0.07723008116356736,0.8,0,0.1,3,1,100,0.0,1,0.8,"{'model__colsample_bytree': 0.8, 'model__gamma': 0, 'model__learning_rate': 0.1, 'model__max_depth': 3, 'model__min_child_weight': 1, 'model__n_estimators': 100, 'model__reg_alpha': 0, 'model__reg_lambda': 1, 'model__scale_pos_weight': 11.3875, 'model__subsample': 0.8}",0.23024801211645718,0.23417967845267995,0.23777712018454372,0.23406827025122698,0.003074754832041596,63,0.7499737324390481,0.7523406600120113,0.7513564994919908,0.7512236306476834,0.0009708508746640928,63,0.26323977003719984,0.26167782059082,0.2633933075500252,0.2627702993926817,0.0007750380168520748,43,0.6718453305713793,0.668335635359116,0.6761049723756906,0.6720953127687287,0.003176740231067336,33,0.16368759725785423,0.16268807262335042,0.16355511005304263,0.16331025997808243,0.00044326519011460725,47,11.3875
XGBoost_scale_pos_weight,XGBoost,4.804171482721965,0.09902026765853436,0.9733027617136637,0.034836185585452185,0.8,0,0.1,3,1,100,0.0,1,0.8,"{'model__colsample_bytree': 0.8, 'model__gamma': 0, 'model__learning_rate': 0.1, 'model__max_depth': 3, 'model__min_child_weight': 1, 'model__n_estimators': 100, 'model__reg_alpha': 0, 'model__reg_lambda': 1, 'model__scale_pos_weight': 13.3875, 'model__subsample': 0.8}",0.22989239059955602,0.23310346055934256,0.23870161422227473,0.23389915512705775,0.003640096389986121,65,0.7494986944470005,0.751299730614821,0.7516458877952987,0.7508147709523735,0.0009412754553955211,71,0.24938381588715663,0.2484483117037389,0.2510998907491068,0.24964400611333412,0.0010980261301709476,83,0.7248403245296047,0.7222030386740331,0.7341160220994475,0.7270531284343617,0.005108957451654917,9,0.15059895272935944,0.1500304867113805,0.15145146927871772,0.1506936362398192,0.0005839643765012894,83,13.3875
XGBoost_scale_pos_weight,XGBoost,4.93820317586263,0.0646163506808969,0.9674636522928873,0.060240276768024875,0.8,0,0.1,3,1,100,0.0,5,0.8,"{'model__colsample_bytree': 0.8, 'model__gamma': 0, 'model__learning_rate': 0.1, 'model__max_depth': 3, 'model__min_child_weight': 1, 'model__n_estimators': 100, 'model__reg_alpha': 0, 'model__reg_lambda': 5, 'model__scale_pos_weight': 9.3875, 'model__subsample': 0.8}",0.23116435792502493,0.23553846864625458,0.2384688435246085,0.235057223365296,0.0030013969229859875,47,0.750947685287978,0.7521433261285091,0.7518410334280947,0.7516440149481939,0.000507609735888586,31,0.28068222478432,0.27722693107308494,0.28054838068746274,0.27948584551495587,0.0015982280609758077,15,0.6093561194545141,0.5985842541436464,0.6094613259668509,0.6058005665216705,0.005102884175018226,69,0.18233471074380164,0.1803850156087409,0.18221235740463532,0.1816440279190593,0.0008916563549750981,17,9.3875
XGBoost_scale_pos_weight,XGBoost,4.774027268091838,0.061302039181687806,0.9906816482543945,0.0317270323257273,0.8,0,0.1,3,1,100,0.0,5,0.8,"{'model__colsample_bytree': 0.8, 'model__gamma': 0, 'model__learning_rate': 0.1, 'model__max_depth': 3, 'model__min_child_weight': 1, 'model__n_estimators': 100, 'model__reg_alpha': 0, 'model__reg_lambda': 5, 'model__scale_pos_weight': 11.3875, 'model__subsample': 0.8}",0.2315516356733492,0.23452520019803602,0.23744555125862024,0.2345074623766685,0.002406213651404132,59,0.7507299356608323,0.7519639000407077,0.7515332413081426,0.7514090256698941,0.0005113636450963681,55,0.2629408757880389,0.2616365856968381,0.2629662102920348,0.2625145572589706,0.0006209057938250089,47,0.6659761781460383,0.6657458563535912,0.6731698895027625,0.6682973080007972,0.0034467182364280764,55,0.16380774456521738,0.16281033609187637,0.16339787109211298,0.16333865058306893,0.00040933785327989624,45,11.3875
XGBoost_scale_pos_weight,XGBoost,4.819302876790364,0.07640374371990913,0.9496018886566162,0.018810903966870293,0.8,0,0.1,3,1,100,0.0,5,0.8,"{'model__colsample_bytree': 0.8, 'model__gamma': 0, 'model__learning_rate': 0.1, 'model__max_depth': 3, 'model__min_child_weight': 1, 'model__n_estimators': 100, 'model__reg_alpha': 0, 'model__reg_lambda': 5, 'model__scale_pos_weight': 13.3875, 'model__subsample': 0.8}",0.22941898085257018,0.2336674637921373,0.23791029890594811,0.23366558118355188,0.0034665663346763217,69,0.7501871521190386,0.751771972654614,0.751585285553106,0.7511814701089196,0.0007072077569418086,65,0.2505781203676253,0.24967420921691744,0.24966869864829047,0.24997367607761103,0.00042741257694000294,75,0.729501122043846,0.7277279005524862,0.731871546961326,0.7297001898525527,0.0016974829178757987,1,0.15126892651322618,0.15068640068640068,0.1505059470974614,0.1508204247656961,0.0003255827980646676,75,13.3875
XGBoost_scale_pos_weight,XGBoost,4.730046113332112,0.06443808332372877,0.9366022745768229,0.02821256646213068,0.8,0,0.1,3,1,100,0.1,1,0.8,"{'model__colsample_bytree': 0.8, 'model__gamma': 0, 'model__learning_rate': 0.1, 'model__max_depth': 3, 'model__min_child_weight': 1, 'model__n_estimators': 100, 'model__reg_alpha': 0.1, 'model__reg_lambda': 1, 'model__scale_pos_weight': 9.3875, 'model__subsample': 0.8}",0.23107078704562667,0.23558230921557896,0.23805069231537015,0.2349012628588586,0.002889940887359669,54,0.7505740981278821,0.7523464224927883,0.7518447777972754,0.751588432805982,0.0007459079387033161,35,0.2783194609591756,0.2784406049239855,0.27927927927927926,0.2786797817208135,0.00042678406484413157,19,0.6060762989815295,0.6023825966850829,0.604799723756906,0.6044195398078395,0.0015317232213076521,78,0.18063487163656944,0.18106803674295502,0.18155903389654815,0.1810873140920242,0.00037753382438539306,21,9.3875
XGBoost_scale_pos_weight,XGBoost,4.834806521733602,0.12277411932365337,0.9902945359547933,0.02457899122265649,0.8,0,0.1,3,1,100,0.1,1,0.8,"{'model__colsample_bytree': 0.8, 'model__gamma': 0, 'model__learning_rate': 0.1, 'model__max_depth': 3, 'model__min_child_weight': 1, 'model__n_estimators': 100, 'model__reg_alpha': 0.1, 'model__reg_lambda': 1, 'model__scale_pos_weight': 11.3875, 'model__subsample': 0.8}",0.23031790357607945,0.23418297723064133,0.2378187158742538,0.23410653222699151,0.00306267085640928,62,0.7500265659072654,0.7522829985588955,0.7516907155244765,0.7513334266635457,0.0009552010522902211,61,0.26319174141140633,0.26175426736521884,0.263583659161386,0.26284322264600374,0.0007864551622520024,41,0.6711548420507509,0.6685082872928176,0.6750690607734806,0.6715773967056831,0.0026950388362626918,35,0.16369147861232738,0.16273693943596856,0.1637627743340593,0.16339706412745172,0.00046768524045818805,43,11.3875
XGBoost_scale_pos_weight,XGBoost,4.814644018809001,0.04102041911315218,0.9358108838399252,0.008518690002249134,0.8,0,0.1,3,1,100,0.1,1,0.8,"{'model__colsample_bytree': 0.8, 'model__gamma': 0, 'model__learning_rate': 0.1, 'model__max_depth': 3, 'model__min_child_weight': 1, 'model__n_estimators': 100, 'model__reg_alpha': 0.1, 'model__reg_lambda': 1, 'model__scale_pos_weight': 13.3875, 'model__subsample': 0.8}",0.22978983494631522,0.233107785763574,0.23870412911301483,0.233867249940968,0.003678654600092474,67,0.7497819991338536,0.7513002227094774,0.7516636398482757,0.7509152872305357,0.0008149742068531421,69,0.24952414941708304,0.24845569018769303,0.2510776498376144,0.24968582981413015,0.0010764984949814223,81,0.7241498360089763,0.7222030386740331,0.7341160220994475,0.7268229655941524,0.005217854594748478,11,0.15073119902267257,0.15003586800573887,0.15143528741363346,0.1507341181473483,0.000571314309736574,81,13.3875
XGBoost_scale_pos_weight,XGBoost,4.765331109364827,0.0398326951825348,0.9815821647644043,0.008092678691597363,0.8,0,0.1,3,1,100,0.1,5,0.8,"{'model__colsample_bytree': 0.8, 'model__gamma': 0, 'model__learning_rate': 0.1, 'model__max_depth': 3, 'model__min_child_weight': 1, 'model__n_estimators': 100, 'model__reg_alpha': 0.1, 'model__reg_lambda': 5, 'model__scale_pos_weight': 9.3875, 'model__subsample': 0.8}",0.23116290471761106,0.23553633855242626,0.23876737542926924,0.23515553956643553,0.0031161674753790586,39,0.7509473686221539,0.7521441087684149,0.75161853335271,0.7515700035810929,0.0004897707616617231,39,0.28068222478432,0.27721584775916525,0.28086187056069206,0.2795866477013924,0.0016780122021388664,13,0.6093561194545141,0.5985842541436464,0.6110151933701657,0.6063185223227754,0.005510735568833795,65,0.18233471074380164,0.1803756308204568,0.18233809057653666,0.18168281071359837,0.0009243167965557175,13,9.3875
XGBoost_scale_pos_weight,XGBoost,4.908470710118611,0.06689019712106183,0.9219073454538981,0.01020302844315322,0.8,0,0.1,3,1,100,0.1,5,0.8,"{'model__colsample_bytree': 0.8, 'model__gamma': 0, 'model__learning_rate': 0.1, 'model__max_depth': 3, 'model__min_child_weight': 1, 'model__n_estimators': 100, 'model__reg_alpha': 0.1, 'model__reg_lambda': 5, 'model__scale_pos_weight': 11.3875, 'model__subsample': 0.8}",0.23163769951041804,0.23452975067455345,0.23802966933183273,0.23473237317226806,0.0026134410849687683,57,0.7507110220748008,0.751964460191008,0.751715002228037,0.7514634948312819,0.0005417371784406048,51,0.2629463068956119,0.26164546225614926,0.2635915445397447,0.262727771230502,0.0008093731901188685,45,0.6661488002761954,0.6657458563535912,0.673860497237569,0.6685850512891186,0.003733928977851432,47,0.16380151958911668,0.1628172106574336,0.1638401477625724,0.16348629266970757,0.0004733751777097217,41,11.3875
XGBoost_scale_pos_weight,XGBoost,4.675812721252441,0.01421101838065854,0.9719853401184082,0.03300467561841938,0.8,0,0.1,3,1,100,0.1,5,0.8,"{'model__colsample_bytree': 0.8, 'model__gamma': 0, 'model__learning_rate': 0.1, 'model__max_depth': 3, 'model__min_child_weight': 1, 'model__n_estimators': 100, 'model__reg_alpha': 0.1, 'model__reg_lambda': 5, 'model__scale_pos_weight': 13.3875, 'model__subsample': 0.8}",0.22941764924528782,0.2335948216347132,0.2379058507950486,0.23363944055834987,0.003465437396500886,71,0.7501868158251679,0.7515525206868218,0.7514389633010464,0.751059433271012,0.000618772831260766,67,0.2505706916486318,0.24889574007648296,0.25003679609078333,0.24983440927196607,0.0006986110079217785,79,0.729501122043846,0.724792817679558,0.7332527624309392,0.7291822340514478,0.003461110945238738,3,0.15126351206242394,0.15024515944311229,0.15071507150715072,0.15074124767089567,0.00041615254252579836,79,13.3875
XGBoost_scale_pos_weight,XGBoost,6.452508608500163,0.2509291331376705,0.9841152826944987,0.020698989113581853,0.8,0,0.1,3,1,200,0.0,1,0.8,"{'model__colsample_bytree': 0.8, 'model__gamma': 0, 'model__learning_rate': 0.1, 'model__max_depth': 3, 'model__min_child_weight': 1, 'model__n_estimators': 200, 'model__reg_alpha': 0, 'model__reg_lambda': 1, 'model__scale_pos_weight': 9.3875, 'model__subsample': 0.8}",0.23371185211508905,0.2384498629885477,0.24119692791608136,0.23778621433990602,0.0030915920476116176,11,0.7536780630771105,0.7551674362538487,0.7556258813205894,0.7548237935505163,0.0008314913140747256,5,0.2812701482914249,0.2834050848834376,0.2831872638096004,0.28262083232815427,0.000959208712206274,5,0.6024512342482307,0.6023825966850829,0.6080801104972375,0.6043046471435171,0.0026698027929959703,80,0.18346212479629923,0.18528943175783325,0.1845718478146945,0.184441134789609,0.0007516990107363122,5,9.3875
XGBoost_scale_pos_weight,XGBoost,6.269574562708537,0.16541185950625628,0.9855224291483561,0.03138767641207955,0.8,0,0.1,3,1,200,0.0,1,0.8,"{'model__colsample_bytree': 0.8, 'model__gamma': 0, 'model__learning_rate': 0.1, 'model__max_depth': 3, 'model__min_child_weight': 1, 'model__n_estimators': 200, 'model__reg_alpha': 0, 'model__reg_lambda': 1, 'model__scale_pos_weight': 11.3875, 'model__subsample': 0.8}",0.23422176799719335,0.23739103334606315,0.24189907293694266,0.23783729142673304,0.003150091267502911,8,0.7530619334495104,0.7553410344227542,0.7555031128651551,0.7546353602458066,0.0011145466246714815,16,0.2668417052442479,0.2649764029074374,0.26850904128283865,0.2667757164781746,0.0014429482228583911,35,0.6666666666666666,0.6640193370165746,0.679385359116022,0.6700237875997545,0.006707277366647328,38,0.16680343799939532,0.16551189912639325,0.16731864954502934,0.16654466222360595,0.0007599607206568679,35,11.3875
XGBoost_scale_pos_weight,XGBoost,6.014082829157512,0.12024049072997901,0.9839921792348226,0.04351357872758228,0.8,0,0.1,3,1,200,0.0,1,0.8,"{'model__colsample_bytree': 0.8, 'model__gamma': 0, 'model__learning_rate': 0.1, 'model__max_depth': 3, 'model__min_child_weight': 1, 'model__n_estimators': 200, 'model__reg_alpha': 0, 'model__reg_lambda': 1, 'model__scale_pos_weight': 13.3875, 'model__subsample': 0.8}",0.23325402363380443,0.2357616741691027,0.24166216408727567,0.23689262063006092,0.003524531779257149,24,0.7524370994373608,0.7542503720549706,0.7556877569885818,0.7541250761603043,0.0013300295547449767,23,0.2534595775673707,0.2527905848095123,0.2538749812621796,0.2533750478796875,0.00044671979861671366,72,0.7208700155359917,0.7194406077348067,0.7310082872928176,0.723772970187872,0.005149314638691331,32,0.15376118413785486,0.1533338239623197,0.1536117258643834,0.1535689113215193,0.00017707624293668016,72,13.3875
XGBoost_scale_pos_weight,XGBoost,6.154376904169719,0.11616279669727593,0.9935699303944906,0.01650633016470396,0.8,0,0.1,3,1,200,0.0,5,0.8,"{'model__colsample_bytree': 0.8, 'model__gamma': 0, 'model__learning_rate': 0.1, 'model__max_depth': 3, 'model__min_child_weight': 1, 'model__n_estimators': 200, 'model__reg_alpha': 0, 'model__reg_lambda': 5, 'model__scale_pos_weight': 9.3875, 'model__subsample': 0.8}",0.2351654144851757,0.23822070684213953,0.24230784722997567,0.23856465618576364,0.002926011191791346,1,0.7542854464469938,0.7553225756380897,0.756529331773149,0.7553791179527442,0.000916934426678911,1,0.28373618365116,0.2821623810487953,0.28392131622350053,0.28327329364115195,0.000789161414932648,3,0.6048679440704299,0.6015193370165746,0.6092886740331491,0.6052253183733846,0.0031818691271628557,71,0.1853379879403364,0.18430936888324603,0.18508417685005507,0.18491051122454583,0.0004375188401772015,3,9.3875
XGBoost_scale_pos_weight,XGBoost,6.101075251897176,0.29584054085243194,0.9540796279907227,0.008080907618228439,0.8,0,0.1,3,1,200,0.0,5,0.8,"{'model__colsample_bytree': 0.8, 'model__gamma': 0, 'model__learning_rate': 0.1, 'model__max_depth': 3, 'model__min_child_weight': 1, 'model__n_estimators': 200, 'model__reg_alpha': 0, 'model__reg_lambda': 5, 'model__scale_pos_weight': 11.3875, 'model__subsample': 0.8}",0.23469203333451977,0.23798813012591205,0.2403283178639398,0.23766949377479055,0.0023120081700168374,13,0.7535473572954624,0.7550742261968579,0.7554186060780181,0.7546800631901128,0.0008131897517262242,10,0.267339741373349,0.265218890037918,0.26695842450765866,0.2665056853063085,0.0009231223050348268,39,0.667357155187295,0.6641919889502762,0.6740331491712708,0.6685274311029472,0.004101972526552594,49,0.16714946603830688,0.16569041261090534,0.1664392905866303,0.16642638974528082,0.0005957259156041995,39,11.3875
XGBoost_scale_pos_weight,XGBoost,6.102642933527629,0.0850403227702934,0.9649073282877604,0.022342503574146685,0.8,0,0.1,3,1,200,0.0,5,0.8,"{'model__colsample_bytree': 0.8, 'model__gamma': 0, 'model__learning_rate': 0.1, 'model__max_depth': 3, 'model__min_child_weight': 1, 'model__n_estimators': 200, 'model__reg_alpha': 0, 'model__reg_lambda': 5, 'model__scale_pos_weight': 13.3875, 'model__subsample': 0.8}",0.23297643052474032,0.23691300632816628,0.24160016472338486,0.2371632005254305,0.0035250669718911113,21,0.7530350979837337,0.7551077527628498,0.7558050508909635,0.7546493005458489,0.0011763768113781784,12,0.25439315305472093,0.25279418446160834,0.25427126656892374,0.25381953469508434,0.0007267376440054822,65,0.7234593474883481,0.7204765193370166,0.7335980662983426,0.7258446443745691,0.005616106574910673,17,0.15433053468846664,0.1532894978510818,0.15378768685077274,0.15380257313010706,0.0004251318424382123,65,13.3875
XGBoost_scale_pos_weight,XGBoost,6.015836715698242,0.01519932732733068,1.0142791271209717,0.03688032139803291,0.8,0,0.1,3,1,200,0.1,1,0.8,"{'model__colsample_bytree': 0.8, 'model__gamma': 0, 'model__learning_rate': 0.1, 'model__max_depth': 3, 'model__min_child_weight': 1, 'model__n_estimators': 200, 'model__reg_alpha': 0.1, 'model__reg_lambda': 1, 'model__scale_pos_weight': 9.3875, 'model__subsample': 0.8}",0.23445284389608234,0.23785059900758113,0.24096191129374916,0.23775511806580418,0.0026581731890560033,12,0.7533107909139833,0.7547035650582641,0.7555466187443252,0.7545203249055241,0.0009219234374989621,19,0.2825648065896794,0.28199935191186,0.282939358670787,0.2825011723907755,0.0003863850930179485,7,0.6040048334196444,0.6010013812154696,0.6085980662983426,0.6045347603111523,0.00312388891659561,77,0.18441996521372478,0.18421888230313294,0.1843137254901961,0.1843175243356846,8.213569119981071e-05,7,9.3875
XGBoost_scale_pos_weight,XGBoost,6.011878728866577,0.1773292448692322,0.9864567120869955,0.018199088556780055,0.8,0,0.1,3,1,200,0.1,1,0.8,"{'model__colsample_bytree': 0.8, 'model__gamma': 0, 'model__learning_rate': 0.1, 'model__max_depth': 3, 'model__min_child_weight': 1, 'model__n_estimators': 200, 'model__reg_alpha': 0.1, 'model__reg_lambda': 1, 'model__scale_pos_weight': 11.3875, 'model__subsample': 0.8}",0.23394283081072173,0.23664702632582196,0.2412263424236572,0.23727206652006694,0.0030061483426757065,18,0.7532062519359797,0.7547999135274518,0.7559164776115778,0.754640881025003,0.0011121448664012867,14,0.26745594904282205,0.26650585802894555,0.26798123994385675,0.2673143490052081,0.0006105876277275633,33,0.6668392887968237,0.6676450276243094,0.6757596685082873,0.6700813283098067,0.004028644463653486,37,0.167272884731965,0.16648011021181333,0.16712925402451,0.16696074965609609,0.00034488466824080134,33,11.3875
XGBoost_scale_pos_weight,XGBoost,6.088533878326416,0.18876124458672608,1.0042134126027424,0.027359851952370902,0.8,0,0.1,3,1,200,0.1,1,0.8,"{'model__colsample_bytree': 0.8, 'model__gamma': 0, 'model__learning_rate': 0.1, 'model__max_depth': 3, 'model__min_child_weight': 1, 'model__n_estimators': 200, 'model__reg_alpha': 0.1, 'model__reg_lambda': 1, 'model__scale_pos_weight': 13.3875, 'model__subsample': 0.8}",0.23382159674176406,0.23578218926540034,0.24210111002695206,0.23723496534470548,0.0035327518841409425,19,0.752725430212767,0.7540632975597968,0.7551070473399248,0.7539652583708296,0.0009747593880963124,24,0.25412150469077327,0.2527202739975146,0.25411750613882733,0.25365309494237176,0.0006596060356897455,69,0.7224236147074055,0.71978591160221,0.7325621546961326,0.7249238936685827,0.005507367372379821,29,0.15417771883289125,0.15326642402852836,0.15372074487355988,0.1537216292449932,0.0003720350715540341,69,13.3875
XGBoost_scale_pos_weight,XGBoost,6.248469750086467,0.04034393036141171,0.9688831170399984,0.028096631252710016,0.8,0,0.1,3,1,200,0.1,5,0.8,"{'model__colsample_bytree': 0.8, 'model__gamma': 0, 'model__learning_rate': 0.1, 'model__max_depth': 3, 'model__min_child_weight': 1, 'model__n_estimators': 200, 'model__reg_alpha': 0.1, 'model__reg_lambda': 5, 'model__scale_pos_weight': 9.3875, 'model__subsample': 0.8}",0.2344961995774621,0.2384079034468744,0.24222254080230493,0.23837554794221383,0.0031543485687420846,3,0.7540574915439757,0.7551200996271806,0.756351001119463,0.7551761974302064,0.0009371612333144378,3,0.28402701937467134,0.2824606905495218,0.2839035738638643,0.2834637612626858,0.0007110662605037311,1,0.6060762989815295,0.6016919889502762,0.6110151933701657,0.6062611604339905,0.003808426226252909,67,0.185472794506075,0.18454776530396103,0.18491039239249699,0.18497698406751098,0.000380565889675528,1,9.3875
XGBoost_scale_pos_weight,XGBoost,6.1884909470876055,0.16884985174840283,0.9745559692382812,0.02248799571071218,0.8,0,0.1,3,1,200,0.1,5,0.8,"{'model__colsample_bytree': 0.8, 'model__gamma': 0, 'model__learning_rate': 0.1, 'model__max_depth': 3, 'model__min_child_weight': 1, 'model__n_estimators': 200, 'model__reg_alpha': 0.1, 'model__reg_lambda': 5, 'model__scale_pos_weight': 11.3875, 'model__subsample': 0.8}",0.2342178010123931,0.2383394519624249,0.2413649116318971,0.23797405486890502,0.002929213071665192,5,0.7533621221823416,0.7552036405476783,0.7556218477149218,0.7547292034816473,0.00098163393308195,8,0.26625601273488597,0.2651274982770503,0.26860055416823453,0.26666135506005695,0.0014465490212349386,37,0.6640773347143104,0.6641919889502762,0.6778314917127072,0.6687002717924312,0.006456917186128842,45,0.16650796398891968,0.16561908042018253,0.16748432234119706,0.16653712225009976,0.0007617609026126154,37,11.3875
XGBoost_scale_pos_weight,XGBoost,6.0451836585998535,0.039219926025788505,1.000092347462972,0.04260797022217662,0.8,0,0.1,3,1,200,0.1,5,0.8,"{'model__colsample_bytree': 0.8, 'model__gamma': 0, 'model__learning_rate': 0.1, 'model__max_depth': 3, 'model__min_child_weight': 1, 'model__n_estimators': 200, 'model__reg_alpha': 0.1, 'model__reg_lambda': 5, 'model__scale_pos_weight': 13.3875, 'model__subsample': 0.8}",0.23374987097996291,0.23712800326169312,0.2418712884302708,0.23758305422397563,0.0033311318280975777,15,0.7535241046025205,0.7545571917644713,0.7557201488575866,0.7546004817415262,0.0008970537364570414,17,0.25439742382355623,0.2529118136439268,0.2538153091148483,0.25370818219411045,0.000611210020813763,67,0.7227688589677197,0.7216850828729282,0.7322168508287292,0.7255569308897923,0.004730013590586312,21,0.15436513788526765,0.15332135128195723,0.15351480489394048,0.1537337646870551,0.00045338001835338996,67,13.3875
XGBoost_scale_pos_weight,XGBoost,4.899303595225017,0.12434889005765842,0.9813090165456136,0.014238468191152423,0.8,1,0.05,3,1,100,0.0,1,0.8,"{'model__colsample_bytree': 0.8, 'model__gamma': 1, 'model__learning_rate': 0.05, 'model__max_depth': 3, 'model__min_child_weight': 1, 'model__n_estimators': 100, 'model__reg_alpha': 0, 'model__reg_lambda': 1, 'model__scale_pos_weight': 9.3875, 'model__subsample': 0.8}",0.22206810055725362,0.22747233080826534,0.22954630551544442,0.2263622456269878,0.0031522588918050866,83,0.7436640219574512,0.7465094849151,0.7439698354351708,0.7447144474359074,0.0012754084664840031,93,0.27183696126244006,0.27462090981644055,0.2732089198165428,0.2732222636318078,0.0011365814037087205,31,0.5917486621784913,0.5940953038674033,0.5965124309392266,0.5941187989950404,0.0019448714125799831,95,0.17644636606959027,0.17858625700643554,0.17717948717948717,0.17740403675183766,0.0008879189858803661,31,9.3875
XGBoost_scale_pos_weight,XGBoost,4.988283236821492,0.13703866764570707,0.9415552616119385,0.025626943563807854,0.8,1,0.05,3,1,100,0.0,1,0.8,"{'model__colsample_bytree': 0.8, 'model__gamma': 1, 'model__learning_rate': 0.05, 'model__max_depth': 3, 'model__min_child_weight': 1, 'model__n_estimators': 100, 'model__reg_alpha': 0, 'model__reg_lambda': 1, 'model__scale_pos_weight': 11.3875, 'model__subsample': 0.8}",0.2214824292714837,0.22679283945771303,0.22931599960339627,0.22586375611086437,0.0032648229084488757,96,0.7438838089758693,0.7463859757001565,0.7438449847387836,0.7447049231382697,0.0011887893329534313,96,0.25664902525624705,0.2594670877994691,0.2566788200198873,0.25759831102520114,0.001321480711428805,57,0.661315380631797,0.6666091160220995,0.6685082872928176,0.6654775946489048,0.003043543113109719,61,0.1592203150326254,0.16108306562643415,0.15883173353023217,0.1597117047297639,0.0009825890723619613,57,11.3875
XGBoost_scale_pos_weight,XGBoost,4.85916010538737,0.06736372156789777,0.9542953968048096,0.03913545850939206,0.8,1,0.05,3,1,100,0.0,1,0.8,"{'model__colsample_bytree': 0.8, 'model__gamma': 1, 'model__learning_rate': 0.05, 'model__max_depth': 3, 'model__min_child_weight': 1, 'model__n_estimators': 100, 'model__reg_alpha': 0, 'model__reg_lambda': 1, 'model__scale_pos_weight': 13.3875, 'model__subsample': 0.8}",0.22241980404969508,0.22711588408994038,0.22938013330643858,0.226305273815358,0.002898777052886701,89,0.7436103196210226,0.7465571343359779,0.7442365572827496,0.7448013370799167,0.0012675860011679243,79,0.24474811339995922,0.24363943694809548,0.2443982443982444,0.24426193158209972,0.00046276470379180007,89,0.7250129466597618,0.7216850828729282,0.7306629834254144,0.725787004319368,0.00370585559422555,19,0.14722378014582166,0.14655867606325165,0.14674063800277393,0.14684103140394908,0.0002806539819926057,89,13.3875
XGBoost_scale_pos_weight,XGBoost,4.8698469797770185,0.102306494452877,0.9825385411580404,0.042465326121805924,0.8,1,0.05,3,1,100,0.0,5,0.8,"{'model__colsample_bytree': 0.8, 'model__gamma': 1, 'model__learning_rate': 0.05, 'model__max_depth': 3, 'model__min_child_weight': 1, 'model__n_estimators': 100, 'model__reg_alpha': 0, 'model__reg_lambda': 5, 'model__scale_pos_weight': 9.3875, 'model__subsample': 0.8}",0.2224791238395828,0.22761821465024473,0.2293873744646598,0.22649490431816244,0.0029300001423596435,75,0.74382506484845,0.7466815191129564,0.7440873295781973,0.7448646378465346,0.0012891829064238924,75,0.27215365689114646,0.2750718620249122,0.2734941190447903,0.27357321265361634,0.0011926642863499637,25,0.5919212843086483,0.59478591160221,0.5961671270718232,0.5942914409942271,0.00176827054472635,91,0.17669792847572915,0.1789052762775239,0.17745002312554603,0.17768440929293303,0.0009162600562863477,25,9.3875
XGBoost_scale_pos_weight,XGBoost,5.048763751983643,0.0588536240500623,0.926988442738851,0.005160287834182052,0.8,1,0.05,3,1,100,0.0,5,0.8,"{'model__colsample_bytree': 0.8, 'model__gamma': 1, 'model__learning_rate': 0.05, 'model__max_depth': 3, 'model__min_child_weight': 1, 'model__n_estimators': 100, 'model__reg_alpha': 0, 'model__reg_lambda': 5, 'model__scale_pos_weight': 11.3875, 'model__subsample': 0.8}",0.22220896241581123,0.2266730618947484,0.22948812053214251,0.22612338161423406,0.002997014851339875,91,0.7437112732091187,0.7465789147595729,0.7438991949854925,0.7447297943180614,0.0013097743963295938,91,0.2566655529568994,0.25874569815229376,0.25634568228510834,0.2572523111314338,0.0010640278527753759,61,0.6630416019333678,0.6685082872928176,0.6678176795580111,0.6664558562613988,0.00243064932657958,57,0.1591332808551187,0.1604176161080499,0.1586155991142459,0.1593888320258048,0.0007575381671875868,61,11.3875
XGBoost_scale_pos_weight,XGBoost,4.968007167180379,0.23199674291362277,0.952501138051351,0.03650606216013631,0.8,1,0.05,3,1,100,0.0,5,0.8,"{'model__colsample_bytree': 0.8, 'model__gamma': 1, 'model__learning_rate': 0.05, 'model__max_depth': 3, 'model__min_child_weight': 1, 'model__n_estimators': 100, 'model__reg_alpha': 0, 'model__reg_lambda': 5, 'model__scale_pos_weight': 13.3875, 'model__subsample': 0.8}",0.2225832214055935,0.2271349350220725,0.2295340978335369,0.22641741808706764,0.002882683205296629,81,0.743570024549191,0.7464231039802292,0.7443967641949416,0.7447966309081205,0.0011985923969903773,81,0.24431834715553616,0.24389675464662355,0.2441200324412003,0.24411171141445334,0.0001722149635531111,93,0.7246677023994476,0.7227209944751382,0.7275552486187845,0.7249813151644567,0.001985995637142408,27,0.14692706145877082,0.14670217985561085,0.14666573854935264,0.14676499328791145,0.00011556112727248743,93,13.3875
XGBoost_scale_pos_weight,XGBoost,4.998828093210856,0.10427464604829288,0.9589525063832601,0.024092930882426738,0.8,1,0.05,3,1,100,0.1,1,0.8,"{'model__colsample_bytree': 0.8, 'model__gamma': 1, 'model__learning_rate': 0.05, 'model__max_depth': 3, 'model__min_child_weight': 1, 'model__n_estimators': 100, 'model__reg_alpha': 0.1, 'model__reg_lambda': 1, 'model__scale_pos_weight': 9.3875, 'model__subsample': 0.8}",0.22240602576922713,0.2274690919672977,0.22954724517114217,0.22647412096922234,0.002999080870514636,77,0.7437620915311834,0.7465090909776224,0.743969144408632,0.7447467756391459,0.0012490087370089261,87,0.27256510881198714,0.27462090981644055,0.2732089198165428,0.2734649794816568,0.0008585857971306255,27,0.5934748834800622,0.5940953038674033,0.5965124309392266,0.5946942060955641,0.0013103909215296378,89,0.1769064526088299,0.17858625700643554,0.17717948717948717,0.1775573989315842,0.0007360021163165256,29,9.3875
XGBoost_scale_pos_weight,XGBoost,4.84583838780721,0.11380736705736444,0.9290183385213217,0.010270948894713285,0.8,1,0.05,3,1,100,0.1,1,0.8,"{'model__colsample_bytree': 0.8, 'model__gamma': 1, 'model__learning_rate': 0.05, 'model__max_depth': 3, 'model__min_child_weight': 1, 'model__n_estimators': 100, 'model__reg_alpha': 0.1, 'model__reg_lambda': 1, 'model__scale_pos_weight': 11.3875, 'model__subsample': 0.8}",0.22148228773862444,0.22734876618872707,0.22935589862226002,0.2260623175165372,0.003340623666958066,93,0.743883500161264,0.7463245450113747,0.7439939232068489,0.7447339894598292,0.0011255957042571388,89,0.2566576223495126,0.25920204191295004,0.2562947256824808,0.2573847966483145,0.0012934988111361556,59,0.661315380631797,0.6662638121546961,0.6678176795580111,0.6651322907815014,0.0027725112918265617,63,0.15922693266832919,0.16089893262174784,0.158576582486061,0.159567482592046,0.0009781984209381496,59,11.3875
XGBoost_scale_pos_weight,XGBoost,4.868396759033203,0.09429410906394928,0.9943383534749349,0.01922676963541622,0.8,1,0.05,3,1,100,0.1,1,0.8,"{'model__colsample_bytree': 0.8, 'model__gamma': 1, 'model__learning_rate': 0.05, 'model__max_depth': 3, 'model__min_child_weight': 1, 'model__n_estimators': 100, 'model__reg_alpha': 0.1, 'model__reg_lambda': 1, 'model__scale_pos_weight': 13.3875, 'model__subsample': 0.8}",0.22246358536964217,0.22707285477029598,0.2293806743601945,0.22630570483337756,0.0028755195814658733,87,0.7435482910670822,0.7465534527873916,0.7442364892271056,0.744779411027193,0.0012855147612431243,85,0.2441637072829947,0.24362523677691972,0.24439118759564576,0.24406004388518673,0.0003211746557151262,95,0.7239772138788193,0.7216850828729282,0.7306629834254144,0.7254417600590539,0.003808704610766651,23,0.14684359791323834,0.14654839953721557,0.1467355500849485,0.1467091825118008,0.00012194795881001617,95,13.3875
XGBoost_scale_pos_weight,XGBoost,4.794745842615764,0.03829204310156164,0.950237512588501,0.04288552943241202,0.8,1,0.05,3,1,100,0.1,5,0.8,"{'model__colsample_bytree': 0.8, 'model__gamma': 1, 'model__learning_rate': 0.05, 'model__max_depth': 3, 'model__min_child_weight': 1, 'model__n_estimators': 100, 'model__reg_alpha': 0.1, 'model__reg_lambda': 5, 'model__scale_pos_weight': 9.3875, 'model__subsample': 0.8}",0.22262132710042487,0.22760540870472004,0.2293938537961963,0.2265401965337804,0.002865633983149587,73,0.7438183939295633,0.7466777132319438,0.7441048709204306,0.7448669926939792,0.001285703158205404,73,0.2718007693222826,0.2750938273576619,0.2733676296003166,0.2734207420934204,0.0013449097884955855,29,0.5915760400483342,0.59478591160221,0.5963397790055248,0.5942339102186897,0.0019835710824369496,93,0.1764312191103789,0.1789238599771476,0.17732826778930075,0.17756111562560908,0.0010308502021232969,27,9.3875
XGBoost_scale_pos_weight,XGBoost,4.9593772093455,0.1579073313800675,0.9659632841746012,0.030701476987835565,0.8,1,0.05,3,1,100,0.1,5,0.8,"{'model__colsample_bytree': 0.8, 'model__gamma': 1, 'model__learning_rate': 0.05, 'model__max_depth': 3, 'model__min_child_weight': 1, 'model__n_estimators': 100, 'model__reg_alpha': 0.1, 'model__reg_lambda': 5, 'model__scale_pos_weight': 11.3875, 'model__subsample': 0.8}",0.22220707712755836,0.22726743926320508,0.22948628252339115,0.22632026630471822,0.0030462611245751646,85,0.7437110716945035,0.7467638415756745,0.7438987787990545,0.7447912306897443,0.0013969499560931517,83,0.2566827051590484,0.258522062021209,0.2564119557293393,0.25720557430319885,0.0009374366635229343,63,0.6630416019333678,0.6671270718232044,0.6679903314917127,0.6660530017494284,0.002158348280969377,59,0.15914646778537395,0.1603252977054894,0.1586566062494874,0.15937612391345024,0.000700328135807664,63,11.3875
XGBoost_scale_pos_weight,XGBoost,4.8900783856709795,0.07637330423673096,0.9449371496836344,0.026857392512257616,0.8,1,0.05,3,1,100,0.1,5,0.8,"{'model__colsample_bytree': 0.8, 'model__gamma': 1, 'model__learning_rate': 0.05, 'model__max_depth': 3, 'model__min_child_weight': 1, 'model__n_estimators': 100, 'model__reg_alpha': 0.1, 'model__reg_lambda': 5, 'model__scale_pos_weight': 13.3875, 'model__subsample': 0.8}",0.22256409421540183,0.2271366788645584,0.2296029469202847,0.226434573333415,0.0029161705463279434,79,0.7436525395499911,0.7464225974891865,0.7444112849135923,0.74482880731759,0.0011687739915554889,77,0.24420194965808234,0.24389675464662355,0.24425004345055326,0.24411624925175304,0.0001564430982376121,91,0.7243224581391334,0.7227209944751382,0.7279005524861878,0.7249813350334865,0.0021652627814180477,25,0.14685706285874284,0.14670217985561085,0.1467455621301775,0.14676826828151038,6.523732646300027e-05,91,13.3875
XGBoost_scale_pos_weight,XGBoost,6.513785759607951,0.19991924477481401,0.9638848304748535,0.009222106580296659,0.8,1,0.05,3,1,200,0.0,1,0.8,"{'model__colsample_bytree': 0.8, 'model__gamma': 1, 'model__learning_rate': 0.05, 'model__max_depth': 3, 'model__min_child_weight': 1, 'model__n_estimators': 200, 'model__reg_alpha': 0, 'model__reg_lambda': 1, 'model__scale_pos_weight': 9.3875, 'model__subsample': 0.8}",0.23116037028789665,0.23579949059966837,0.23841771956310484,0.2351258601502233,0.0030008457821538563,44,0.7500960361080693,0.7526071999416187,0.7517701704888113,0.7514911355128332,0.0010439927643734082,49,0.27796853789028186,0.27868654796832926,0.279283928075259,0.2786463379779567,0.0005377579797504041,21,0.6008976350768168,0.5985842541436464,0.607389502762431,0.602290463994298,0.003727204502454986,87,0.18080299174154676,0.18162292419718162,0.1813308592340601,0.1812522583909295,0.000339318805212721,19,9.3875
XGBoost_scale_pos_weight,XGBoost,6.330254713694255,0.15757333423412595,0.9713810284932455,0.02945064891767599,0.8,1,0.05,3,1,200,0.0,1,0.8,"{'model__colsample_bytree': 0.8, 'model__gamma': 1, 'model__learning_rate': 0.05, 'model__max_depth': 3, 'model__min_child_weight': 1, 'model__n_estimators': 200, 'model__reg_alpha': 0, 'model__reg_lambda': 1, 'model__scale_pos_weight': 11.3875, 'model__subsample': 0.8}",0.2305269603736057,0.23574729337811767,0.23847545560646752,0.23491656978606365,0.003297698225682384,52,0.7503719514895175,0.7526412709527623,0.7517736413266537,0.7515956212563112,0.0009349584895059985,34,0.2622059023527812,0.26240195579097486,0.26184555413670274,0.2621511374268196,0.0002304272814517584,49,0.6656309338857241,0.6671270718232044,0.6726519337016574,0.6684699798035286,0.003019510002914132,51,0.16325839366611627,0.16332051227862546,0.16256363181173328,0.16304751258549166,0.000343093896686006,49,11.3875
XGBoost_scale_pos_weight,XGBoost,6.38082234064738,0.16883808579301873,0.9877564112345377,0.04295400624206289,0.8,1,0.05,3,1,200,0.0,1,0.8,"{'model__colsample_bytree': 0.8, 'model__gamma': 1, 'model__learning_rate': 0.05, 'model__max_depth': 3, 'model__min_child_weight': 1, 'model__n_estimators': 200, 'model__reg_alpha': 0, 'model__reg_lambda': 1, 'model__scale_pos_weight': 13.3875, 'model__subsample': 0.8}",0.23138715437583063,0.23583437521728812,0.23827372151595766,0.23516508370302547,0.0028509840514188947,37,0.7498280556917305,0.752631877965132,0.7515777771833088,0.7513459036133904,0.001156338718982049,59,0.24990317294801132,0.2486935866983373,0.2495146202270989,0.24937045995781584,0.0005042230731729326,85,0.7239772138788193,0.7230662983425414,0.7322168508287292,0.7264201210166966,0.004115742068678784,13,0.15101541120553075,0.1501721170395869,0.15037940571590666,0.15052231132034144,0.00035879685191194175,85,13.3875
XGBoost_scale_pos_weight,XGBoost,6.261998256047566,0.0417445929910436,0.9859360059102377,0.047323342978504254,0.8,1,0.05,3,1,200,0.0,5,0.8,"{'model__colsample_bytree': 0.8, 'model__gamma': 1, 'model__learning_rate': 0.05, 'model__max_depth': 3, 'model__min_child_weight': 1, 'model__n_estimators': 200, 'model__reg_alpha': 0, 'model__reg_lambda': 5, 'model__scale_pos_weight': 9.3875, 'model__subsample': 0.8}",0.23123179008255337,0.23569528342161997,0.23859445581229233,0.23517384310548853,0.0030283259032490243,35,0.7504531226233706,0.7528123576066527,0.7518803054609524,0.7517152618969919,0.000970198247812979,27,0.27958361584174213,0.27989535117729925,0.28032559062934287,0.27993485254946143,0.0003041950198593131,9,0.6050405662005869,0.600310773480663,0.6094613259668509,0.6049375552160335,0.0037364074677711367,75,0.18179460580912862,0.18249094630766807,0.18202444180890012,0.1821033313085656,0.00028970121084161295,9,9.3875
XGBoost_scale_pos_weight,XGBoost,6.453388055165608,0.2770244517667044,0.9709532260894775,0.022431880888380232,0.8,1,0.05,3,1,200,0.0,5,0.8,"{'model__colsample_bytree': 0.8, 'model__gamma': 1, 'model__learning_rate': 0.05, 'model__max_depth': 3, 'model__min_child_weight': 1, 'model__n_estimators': 200, 'model__reg_alpha': 0, 'model__reg_lambda': 5, 'model__scale_pos_weight': 11.3875, 'model__subsample': 0.8}",0.23122206533483408,0.23651432716839033,0.2385492022409969,0.23542853158140709,0.0030882517009841784,27,0.7501907191894359,0.7528994374206367,0.7516394879472408,0.7515765481857711,0.0011067247999360583,37,0.2620250161011491,0.2617974863647142,0.2625882352941176,0.26213691258666033,0.0003323768794009562,50,0.6671845330571379,0.6671270718232044,0.674378453038674,0.6695633526396721,0.0034048709557243408,43,0.16302513919352118,0.16285244657984574,0.16303531179564237,0.1629709658563364,8.390861947534396e-05,51,11.3875
XGBoost_scale_pos_weight,XGBoost,6.405395587285359,0.18945712883188945,0.9789873758951823,0.026132284473245174,0.8,1,0.05,3,1,200,0.0,5,0.8,"{'model__colsample_bytree': 0.8, 'model__gamma': 1, 'model__learning_rate': 0.05, 'model__max_depth': 3, 'model__min_child_weight': 1, 'model__n_estimators': 200, 'model__reg_alpha': 0, 'model__reg_lambda': 5, 'model__scale_pos_weight': 13.3875, 'model__subsample': 0.8}",0.23146580002927342,0.23602153858406022,0.23825478002646042,0.23524737287993136,0.002825132652182113,29,0.7501357423384929,0.7524519375337138,0.7520262337755346,0.7515379712159138,0.0010066413763721628,43,0.2502081103579498,0.2493909323192109,0.2499484308236334,0.24984915783359804,0.00034091673632743357,77,0.7263939237010185,0.7246201657458563,0.7322168508287292,0.7277436467585346,0.003244864692718746,5,0.1511331393887153,0.15061365104428337,0.15069466652453542,0.1508138189858447,0.0002282031503977746,77,13.3875
XGBoost_scale_pos_weight,XGBoost,6.426287094751994,0.1955914588324411,0.9769202073415121,0.02927953301191783,0.8,1,0.05,3,1,200,0.1,1,0.8,"{'model__colsample_bytree': 0.8, 'model__gamma': 1, 'model__learning_rate': 0.05, 'model__max_depth': 3, 'model__min_child_weight': 1, 'model__n_estimators': 200, 'model__reg_alpha': 0.1, 'model__reg_lambda': 1, 'model__scale_pos_weight': 9.3875, 'model__subsample': 0.8}",0.23103130502822067,0.23592275797517392,0.23863209661226442,0.235195386538553,0.0031453468363204476,32,0.7504739806945857,0.7526225190053238,0.7518406106978446,0.751645703465918,0.0008878985827860892,29,0.2789603763055091,0.27913333601318485,0.27979192312274154,0.27929521181381184,0.0003582553637038131,18,0.6040048334196444,0.5994475138121547,0.6082527624309392,0.6039017032209127,0.003595467302782719,84,0.181361115430467,0.1819229761592874,0.18168222371203135,0.1816554384339286,0.00023015930423647422,16,9.3875
XGBoost_scale_pos_weight,XGBoost,6.4327488740285235,0.23714993172965898,1.0068095525105794,0.029697820925180318,0.8,1,0.05,3,1,200,0.1,1,0.8,"{'model__colsample_bytree': 0.8, 'model__gamma': 1, 'model__learning_rate': 0.05, 'model__max_depth': 3, 'model__min_child_weight': 1, 'model__n_estimators': 200, 'model__reg_alpha': 0.1, 'model__reg_lambda': 1, 'model__scale_pos_weight': 11.3875, 'model__subsample': 0.8}",0.2307054443021212,0.23593684199006904,0.2384284438480275,0.2350235767134059,0.003218355749518291,50,0.7504320499521756,0.7526261874662863,0.7512305101723293,0.7514295825302638,0.000906745907251907,54,0.26262282819353305,0.2618805504711545,0.2614304431081399,0.2619779405909425,0.0004916361625845203,55,0.6666666666666666,0.6669544198895028,0.6717886740331491,0.6684699201964395,0.0023496518537603605,52,0.16351934964857312,0.16292703500632644,0.16229405630865484,0.1629134803211848,0.0005003157265360797,55,11.3875
XGBoost_scale_pos_weight,XGBoost,6.251712322235107,0.10704206291760357,0.9870410760243734,0.039804303797034674,0.8,1,0.05,3,1,200,0.1,1,0.8,"{'model__colsample_bytree': 0.8, 'model__gamma': 1, 'model__learning_rate': 0.05, 'model__max_depth': 3, 'model__min_child_weight': 1, 'model__n_estimators': 200, 'model__reg_alpha': 0.1, 'model__reg_lambda': 1, 'model__scale_pos_weight': 13.3875, 'model__subsample': 0.8}",0.23117221378476735,0.23580952198854227,0.23819118970410555,0.23505764182580505,0.0029143894241505297,45,0.7499497234120308,0.7526154634673115,0.7515552638527787,0.7513734835773738,0.0010958483964419717,57,0.24968699695939903,0.2487677415523487,0.2495954811567768,0.2493500732228415,0.00041346214367347656,87,0.7229414810978767,0.7232389502762431,0.732389502762431,0.7261899780455169,0.004385407773874682,15,0.1509026051237704,0.15021874775873198,0.1504308663427781,0.15051740640842684,0.00028581125607783983,87,13.3875
XGBoost_scale_pos_weight,XGBoost,6.43248971303304,0.2062887821130835,0.9518392086029053,0.01744117660504486,0.8,1,0.05,3,1,200,0.1,5,0.8,"{'model__colsample_bytree': 0.8, 'model__gamma': 1, 'model__learning_rate': 0.05, 'model__max_depth': 3, 'model__min_child_weight': 1, 'model__n_estimators': 200, 'model__reg_alpha': 0.1, 'model__reg_lambda': 5, 'model__scale_pos_weight': 9.3875, 'model__subsample': 0.8}",0.23192029115623577,0.23569078002846883,0.23874683003328606,0.2354526337393302,0.0027920056711072555,25,0.750571804263463,0.7528082297700933,0.7518074649817067,0.751729166338421,0.0009146940362153562,25,0.27935723114956734,0.2798840859695726,0.2801775382420544,0.2798062851203981,0.00033937752881350105,11,0.6046953219402728,0.600310773480663,0.6103245856353591,0.6051102270187649,0.0040986353936811526,73,0.1816343461578347,0.1824813687414716,0.18182285773068615,0.1819795242099975,0.0003631070582280992,11,9.3875
XGBoost_scale_pos_weight,XGBoost,6.210595607757568,0.1325595633486313,0.9528621832529703,0.008946072454982126,0.8,1,0.05,3,1,200,0.1,5,0.8,"{'model__colsample_bytree': 0.8, 'model__gamma': 1, 'model__learning_rate': 0.05, 'model__max_depth': 3, 'model__min_child_weight': 1, 'model__n_estimators': 200, 'model__reg_alpha': 0.1, 'model__reg_lambda': 5, 'model__scale_pos_weight': 11.3875, 'model__subsample': 0.8}",0.23109757833424827,0.23597536128606966,0.2383422289374813,0.23513838951926638,0.003016248430810535,41,0.75006551711215,0.7528388718237907,0.7516231611364999,0.7515091833574802,0.0011350821672835502,47,0.2620427811112241,0.26193779823344276,0.2623655913978495,0.26211539024750546,0.00018203628371274842,53,0.6671845330571379,0.6681629834254144,0.6740331491712708,0.6697935552179409,0.003024341134597514,41,0.16303889310723024,0.1628993559792903,0.1628838451268358,0.1629406980711188,6.972252373355794e-05,53,11.3875
XGBoost_scale_pos_weight,XGBoost,6.152928193410237,0.0802454961120052,0.989090363184611,0.024727616983282862,0.8,1,0.05,3,1,200,0.1,5,0.8,"{'model__colsample_bytree': 0.8, 'model__gamma': 1, 'model__learning_rate': 0.05, 'model__max_depth': 3, 'model__min_child_weight': 1, 'model__n_estimators': 200, 'model__reg_alpha': 0.1, 'model__reg_lambda': 5, 'model__scale_pos_weight': 13.3875, 'model__subsample': 0.8}",0.23134879337987962,0.2358539514024514,0.2383438722892839,0.2351822056905383,0.0028949627474060655,33,0.75012558155286,0.7525256810590044,0.7519470588863499,0.7515327738327381,0.0010226904025113523,45,0.25014865025567845,0.24963603410880353,0.2501549815498155,0.24997988863809917,0.00024315560766610198,73,0.7262213015708614,0.725310773480663,0.7315262430939227,0.7276861060484823,0.002740712163724657,7,0.15109722371870848,0.1507626054189844,0.15087419435245522,0.1509113411633827,0.00013910970682431734,73,13.3875
XGBoost_scale_pos_weight,XGBoost,4.806716998418172,0.06847819053233893,0.9307003021240234,0.01630581455124248,0.8,1,0.1,3,1,100,0.0,1,0.8,"{'model__colsample_bytree': 0.8, 'model__gamma': 1, 'model__learning_rate': 0.1, 'model__max_depth': 3, 'model__min_child_weight': 1, 'model__n_estimators': 100, 'model__reg_alpha': 0, 'model__reg_lambda': 1, 'model__scale_pos_weight': 9.3875, 'model__subsample': 0.8}",0.23094579935477005,0.23562979851828098,0.2376948659892818,0.23475682128744427,0.002823596057446297,55,0.7503241087793688,0.752473112000325,0.7518389446433298,0.7515453884743412,0.0009015487153350409,42,0.27724105163129553,0.27882809065110514,0.2794516180455922,0.2785069201093309,0.0009305961729564399,23,0.6043500776799585,0.6022099447513812,0.6053176795580111,0.6039592339964502,0.001298479365973492,82,0.17987977187483944,0.18141155666510636,0.1816580310880829,0.18098311987600957,0.0007866469004833045,23,9.3875
XGBoost_scale_pos_weight,XGBoost,4.750471909840901,0.1696867891801467,0.9474537372589111,0.02495459675279711,0.8,1,0.1,3,1,100,0.0,1,0.8,"{'model__colsample_bytree': 0.8, 'model__gamma': 1, 'model__learning_rate': 0.1, 'model__max_depth': 3, 'model__min_child_weight': 1, 'model__n_estimators': 100, 'model__reg_alpha': 0, 'model__reg_lambda': 1, 'model__scale_pos_weight': 11.3875, 'model__subsample': 0.8}",0.23024801211645718,0.23417967845267995,0.23777712018454372,0.23406827025122698,0.003074754832041596,63,0.7499737324390481,0.7523406600120113,0.7513564994919908,0.7512236306476834,0.0009708508746640928,63,0.26323977003719984,0.26167782059082,0.2633933075500252,0.2627702993926817,0.0007750380168520748,43,0.6718453305713793,0.668335635359116,0.6761049723756906,0.6720953127687287,0.003176740231067336,33,0.16368759725785423,0.16268807262335042,0.16355511005304263,0.16331025997808243,0.00044326519011460725,47,11.3875
XGBoost_scale_pos_weight,XGBoost,4.731325229008992,0.08568231201463515,0.9556217988332113,0.024730223881568036,0.8,1,0.1,3,1,100,0.0,1,0.8,"{'model__colsample_bytree': 0.8, 'model__gamma': 1, 'model__learning_rate': 0.1, 'model__max_depth': 3, 'model__min_child_weight': 1, 'model__n_estimators': 100, 'model__reg_alpha': 0, 'model__reg_lambda': 1, 'model__scale_pos_weight': 13.3875, 'model__subsample': 0.8}",0.22989239059955602,0.23310037591798755,0.238677320375322,0.23389002896428854,0.003629638342078929,66,0.7494986944470005,0.7512948737976138,0.7516120288036614,0.7508018656827585,0.0009305332796290324,72,0.24938381588715663,0.2484483117037389,0.2510924766741467,0.24964153475501408,0.0010947500045886257,84,0.7248403245296047,0.7222030386740331,0.7341160220994475,0.7270531284343617,0.005108957451654917,9,0.15059895272935944,0.1500304867113805,0.15144607493945006,0.15069183812673,0.0005816317739175953,84,13.3875
XGBoost_scale_pos_weight,XGBoost,4.831906636555989,0.06535738194968503,0.9271692434946696,0.0028111290826147704,0.8,1,0.1,3,1,100,0.0,5,0.8,"{'model__colsample_bytree': 0.8, 'model__gamma': 1, 'model__learning_rate': 0.1, 'model__max_depth': 3, 'model__min_child_weight': 1, 'model__n_estimators': 100, 'model__reg_alpha': 0, 'model__reg_lambda': 5, 'model__scale_pos_weight': 9.3875, 'model__subsample': 0.8}",0.23116435792502493,0.23553846864625458,0.2384688435246085,0.235057223365296,0.0030013969229859875,47,0.750947685287978,0.7521433261285091,0.7518410334280947,0.7516440149481939,0.000507609735888586,31,0.28068222478432,0.27722693107308494,0.28054838068746274,0.27948584551495587,0.0015982280609758077,15,0.6093561194545141,0.5985842541436464,0.6094613259668509,0.6058005665216705,0.005102884175018226,69,0.18233471074380164,0.1803850156087409,0.18221235740463532,0.1816440279190593,0.0008916563549750981,17,9.3875
XGBoost_scale_pos_weight,XGBoost,4.765545686086019,0.05352142832739225,0.9588471253712972,0.029019289049145764,0.8,1,0.1,3,1,100,0.0,5,0.8,"{'model__colsample_bytree': 0.8, 'model__gamma': 1, 'model__learning_rate': 0.1, 'model__max_depth': 3, 'model__min_child_weight': 1, 'model__n_estimators': 100, 'model__reg_alpha': 0, 'model__reg_lambda': 5, 'model__scale_pos_weight': 11.3875, 'model__subsample': 0.8}",0.2315516356733492,0.23452520019803602,0.23744555125862024,0.2345074623766685,0.002406213651404132,59,0.7507299356608323,0.7519639000407077,0.7515332413081426,0.7514090256698941,0.0005113636450963681,55,0.2629408757880389,0.2616365856968381,0.2629662102920348,0.2625145572589706,0.0006209057938250089,47,0.6659761781460383,0.6657458563535912,0.6731698895027625,0.6682973080007972,0.0034467182364280764,55,0.16380774456521738,0.16281033609187637,0.16339787109211298,0.16333865058306893,0.00040933785327989624,45,11.3875
XGBoost_scale_pos_weight,XGBoost,4.770140647888184,0.07762134734460509,0.932847817738851,0.008534677699351524,0.8,1,0.1,3,1,100,0.0,5,0.8,"{'model__colsample_bytree': 0.8, 'model__gamma': 1, 'model__learning_rate': 0.1, 'model__max_depth': 3, 'model__min_child_weight': 1, 'model__n_estimators': 100, 'model__reg_alpha': 0, 'model__reg_lambda': 5, 'model__scale_pos_weight': 13.3875, 'model__subsample': 0.8}",0.22941898085257018,0.2336674637921373,0.23791029890594811,0.23366558118355188,0.0034665663346763217,69,0.7501871521190386,0.751771972654614,0.751585285553106,0.7511814701089196,0.0007072077569418086,65,0.2505781203676253,0.24967420921691744,0.24966869864829047,0.24997367607761103,0.00042741257694000294,75,0.729501122043846,0.7277279005524862,0.731871546961326,0.7297001898525527,0.0016974829178757987,1,0.15126892651322618,0.15068640068640068,0.1505059470974614,0.1508204247656961,0.0003255827980646676,75,13.3875
XGBoost_scale_pos_weight,XGBoost,4.772997140884399,0.05432586247061701,0.9653709729512533,0.032235572779563654,0.8,1,0.1,3,1,100,0.1,1,0.8,"{'model__colsample_bytree': 0.8, 'model__gamma': 1, 'model__learning_rate': 0.1, 'model__max_depth': 3, 'model__min_child_weight': 1, 'model__n_estimators': 100, 'model__reg_alpha': 0.1, 'model__reg_lambda': 1, 'model__scale_pos_weight': 9.3875, 'model__subsample': 0.8}",0.23107078704562667,0.23558230921557896,0.23805098863115298,0.23490136163078623,0.002890048529416341,53,0.7505740981278821,0.7523464224927883,0.7518423421904787,0.7515876209370497,0.000745629756792356,36,0.2783194609591756,0.2784406049239855,0.27927927927927926,0.2786797817208135,0.00042678406484413157,19,0.6060762989815295,0.6023825966850829,0.604799723756906,0.6044195398078395,0.0015317232213076521,78,0.18063487163656944,0.18106803674295502,0.18155903389654815,0.1810873140920242,0.00037753382438539306,21,9.3875
XGBoost_scale_pos_weight,XGBoost,4.762667814890544,0.060865451510638824,0.9338730176289877,0.006484092203083659,0.8,1,0.1,3,1,100,0.1,1,0.8,"{'model__colsample_bytree': 0.8, 'model__gamma': 1, 'model__learning_rate': 0.1, 'model__max_depth': 3, 'model__min_child_weight': 1, 'model__n_estimators': 100, 'model__reg_alpha': 0.1, 'model__reg_lambda': 1, 'model__scale_pos_weight': 11.3875, 'model__subsample': 0.8}",0.23031790357607945,0.23418372511244537,0.2378183862721841,0.23410667165356966,0.00306254394202868,61,0.7500265659072654,0.7522856736692085,0.7516871596170791,0.7513331330645178,0.0009556474489255487,62,0.26319174141140633,0.26175426736521884,0.263583659161386,0.26284322264600374,0.0007864551622520024,41,0.6711548420507509,0.6685082872928176,0.6750690607734806,0.6715773967056831,0.0026950388362626918,35,0.16369147861232738,0.16273693943596856,0.1637627743340593,0.16339706412745172,0.00046768524045818805,43,11.3875
XGBoost_scale_pos_weight,XGBoost,4.955151398976644,0.10135481271892165,0.9900358517964681,0.041924629892621336,0.8,1,0.1,3,1,100,0.1,1,0.8,"{'model__colsample_bytree': 0.8, 'model__gamma': 1, 'model__learning_rate': 0.1, 'model__max_depth': 3, 'model__min_child_weight': 1, 'model__n_estimators': 100, 'model__reg_alpha': 0.1, 'model__reg_lambda': 1, 'model__scale_pos_weight': 13.3875, 'model__subsample': 0.8}",0.22979531129062045,0.2331059363716394,0.23869088648259335,0.23386404471495106,0.003670954525656779,68,0.7497829412801067,0.7512954064639041,0.7516436642080082,0.7509073373173397,0.0008076800936389955,70,0.2495167286245353,0.24845569018769303,0.25108506303699546,0.24968582728307456,0.0010800759733778083,82,0.7241498360089763,0.7222030386740331,0.7341160220994475,0.7268229655941524,0.005217854594748478,11,0.1507257832710549,0.15003586800573887,0.15144068098443567,0.15073411075374313,0.0005735427252348239,82,13.3875
XGBoost_scale_pos_weight,XGBoost,4.840819438298543,0.062074148224359416,0.9590545495351156,0.03310309102606368,0.8,1,0.1,3,1,100,0.1,5,0.8,"{'model__colsample_bytree': 0.8, 'model__gamma': 1, 'model__learning_rate': 0.1, 'model__max_depth': 3, 'model__min_child_weight': 1, 'model__n_estimators': 100, 'model__reg_alpha': 0.1, 'model__reg_lambda': 5, 'model__scale_pos_weight': 9.3875, 'model__subsample': 0.8}",0.23116290471761106,0.23553633855242626,0.23876737542926924,0.23515553956643553,0.0031161674753790586,39,0.7509473686221539,0.7521441087684149,0.75161853335271,0.7515700035810929,0.0004897707616617231,39,0.28068222478432,0.27721584775916525,0.28086187056069206,0.2795866477013924,0.0016780122021388664,13,0.6093561194545141,0.5985842541436464,0.6110151933701657,0.6063185223227754,0.005510735568833795,65,0.18233471074380164,0.1803756308204568,0.18233809057653666,0.18168281071359837,0.0009243167965557175,13,9.3875
XGBoost_scale_pos_weight,XGBoost,4.785864353179932,0.12097509953287346,0.9452126026153564,0.0036778876482139854,0.8,1,0.1,3,1,100,0.1,5,0.8,"{'model__colsample_bytree': 0.8, 'model__gamma': 1, 'model__learning_rate': 0.1, 'model__max_depth': 3, 'model__min_child_weight': 1, 'model__n_estimators': 100, 'model__reg_alpha': 0.1, 'model__reg_lambda': 5, 'model__scale_pos_weight': 11.3875, 'model__subsample': 0.8}",0.23163769951041804,0.23452975067455345,0.23802966933183273,0.23473237317226806,0.0026134410849687683,57,0.7507110220748008,0.751964460191008,0.751715002228037,0.7514634948312819,0.0005417371784406048,51,0.2629463068956119,0.26164546225614926,0.2635915445397447,0.262727771230502,0.0008093731901188685,45,0.6661488002761954,0.6657458563535912,0.673860497237569,0.6685850512891186,0.003733928977851432,47,0.16380151958911668,0.1628172106574336,0.1638401477625724,0.16348629266970757,0.0004733751777097217,41,11.3875
XGBoost_scale_pos_weight,XGBoost,4.787783622741699,0.0927328106469447,0.9529229005177816,0.03282642550845229,0.8,1,0.1,3,1,100,0.1,5,0.8,"{'model__colsample_bytree': 0.8, 'model__gamma': 1, 'model__learning_rate': 0.1, 'model__max_depth': 3, 'model__min_child_weight': 1, 'model__n_estimators': 100, 'model__reg_alpha': 0.1, 'model__reg_lambda': 5, 'model__scale_pos_weight': 13.3875, 'model__subsample': 0.8}",0.22941764924528782,0.2335948216347132,0.2379058507950486,0.23363944055834987,0.003465437396500886,71,0.7501868158251679,0.7515525206868218,0.7514389633010464,0.751059433271012,0.000618772831260766,67,0.2505706916486318,0.24889574007648296,0.25003679609078333,0.24983440927196607,0.0006986110079217785,79,0.729501122043846,0.724792817679558,0.7332527624309392,0.7291822340514478,0.003461110945238738,3,0.15126351206242394,0.15024515944311229,0.15071507150715072,0.15074124767089567,0.00041615254252579836,79,13.3875
XGBoost_scale_pos_weight,XGBoost,6.2541108926137285,0.1996683305827814,0.9910961786905924,0.04903311951560956,0.8,1,0.1,3,1,200,0.0,1,0.8,"{'model__colsample_bytree': 0.8, 'model__gamma': 1, 'model__learning_rate': 0.1, 'model__max_depth': 3, 'model__min_child_weight': 1, 'model__n_estimators': 200, 'model__reg_alpha': 0, 'model__reg_lambda': 1, 'model__scale_pos_weight': 9.3875, 'model__subsample': 0.8}",0.2337099769497102,0.2384498629885477,0.24119971401357326,0.2377865179839437,0.0030934404005681397,10,0.7536725214251909,0.7551674362538487,0.755630174061209,0.7548233772467495,0.0008354174250443957,6,0.2812701482914249,0.2834050848834376,0.2831872638096004,0.28262083232815427,0.000959208712206274,5,0.6024512342482307,0.6023825966850829,0.6080801104972375,0.6043046471435171,0.0026698027929959703,80,0.18346212479629923,0.18528943175783325,0.1845718478146945,0.184441134789609,0.0007516990107363122,5,9.3875
XGBoost_scale_pos_weight,XGBoost,6.182234287261963,0.04641104226499486,0.9767699241638184,0.03607902608864713,0.8,1,0.1,3,1,200,0.0,1,0.8,"{'model__colsample_bytree': 0.8, 'model__gamma': 1, 'model__learning_rate': 0.1, 'model__max_depth': 3, 'model__min_child_weight': 1, 'model__n_estimators': 200, 'model__reg_alpha': 0, 'model__reg_lambda': 1, 'model__scale_pos_weight': 11.3875, 'model__subsample': 0.8}",0.23421883243258748,0.23738848015067465,0.2418857964136721,0.23783103633231142,0.0031456293649274646,9,0.7530648397089941,0.7553430381379641,0.7554986984096338,0.754635525418864,0.0011124590567555734,15,0.2668417052442479,0.2649764029074374,0.26849988059090446,0.2667726629141966,0.001439281968894393,36,0.6666666666666666,0.6640193370165746,0.679385359116022,0.6700237875997545,0.006707277366647328,38,0.16680343799939532,0.16551189912639325,0.16731153535439433,0.16654229082672764,0.0007575491282760638,36,11.3875
XGBoost_scale_pos_weight,XGBoost,6.15334947903951,0.08126306400590037,0.968746026357015,0.022836896856183612,0.8,1,0.1,3,1,200,0.0,1,0.8,"{'model__colsample_bytree': 0.8, 'model__gamma': 1, 'model__learning_rate': 0.1, 'model__max_depth': 3, 'model__min_child_weight': 1, 'model__n_estimators': 200, 'model__reg_alpha': 0, 'model__reg_lambda': 1, 'model__scale_pos_weight': 13.3875, 'model__subsample': 0.8}",0.2332469922006903,0.2357943083489357,0.24209554559969054,0.23704561538310553,0.0037191890947769596,23,0.7524345935900347,0.7542568713689697,0.7558608316525334,0.7541840988705126,0.001399702037965552,21,0.2534595775673707,0.2527432555319794,0.2544495715227423,0.2535508015406975,0.0006995807911720723,70,0.7208700155359917,0.71978591160221,0.7330801104972375,0.7245786792118132,0.006027690036291166,30,0.15376118413785486,0.1532833296565924,0.15394097599883982,0.1536618299310957,0.00027752251760702966,70,13.3875
XGBoost_scale_pos_weight,XGBoost,5.919297297795613,0.026630300788935267,0.9979012807210287,0.029437042199705436,0.8,1,0.1,3,1,200,0.0,5,0.8,"{'model__colsample_bytree': 0.8, 'model__gamma': 1, 'model__learning_rate': 0.1, 'model__max_depth': 3, 'model__min_child_weight': 1, 'model__n_estimators': 200, 'model__reg_alpha': 0, 'model__reg_lambda': 5, 'model__scale_pos_weight': 9.3875, 'model__subsample': 0.8}",0.2351654144851757,0.23822070684213953,0.24230784722997567,0.23856465618576364,0.002926011191791346,1,0.7542854464469938,0.7553225756380897,0.756529331773149,0.7553791179527442,0.000916934426678911,1,0.28373618365116,0.2821623810487953,0.28392131622350053,0.28327329364115195,0.000789161414932648,3,0.6048679440704299,0.6015193370165746,0.6092886740331491,0.6052253183733846,0.0031818691271628557,71,0.1853379879403364,0.18430936888324603,0.18508417685005507,0.18491051122454583,0.0004375188401772015,3,9.3875
XGBoost_scale_pos_weight,XGBoost,6.00261116027832,0.011930663654536034,0.9836757183074951,0.03472503818741437,0.8,1,0.1,3,1,200,0.0,5,0.8,"{'model__colsample_bytree': 0.8, 'model__gamma': 1, 'model__learning_rate': 0.1, 'model__max_depth': 3, 'model__min_child_weight': 1, 'model__n_estimators': 200, 'model__reg_alpha': 0, 'model__reg_lambda': 5, 'model__scale_pos_weight': 11.3875, 'model__subsample': 0.8}",0.23469203333451977,0.23798813012591205,0.24032770537083617,0.23766928961042266,0.002311773385804041,14,0.7535473572954624,0.7550742261968579,0.755418149319946,0.7546799109374221,0.0008130514918444827,11,0.267339741373349,0.265218890037918,0.26694929741187734,0.2665026429410481,0.0009216390323706522,40,0.667357155187295,0.6641919889502762,0.6740331491712708,0.6685274311029472,0.004101972526552594,49,0.16714946603830688,0.16569041261090534,0.1664321950803598,0.16642402457652403,0.0005956840850947466,40,11.3875
XGBoost_scale_pos_weight,XGBoost,6.059399684270223,0.20691404127546487,0.9917822678883871,0.032822078898693256,0.8,1,0.1,3,1,200,0.0,5,0.8,"{'model__colsample_bytree': 0.8, 'model__gamma': 1, 'model__learning_rate': 0.1, 'model__max_depth': 3, 'model__min_child_weight': 1, 'model__n_estimators': 200, 'model__reg_alpha': 0, 'model__reg_lambda': 5, 'model__scale_pos_weight': 13.3875, 'model__subsample': 0.8}",0.23297643052474032,0.23691300632816628,0.24160016472338486,0.2371632005254305,0.0035250669718911113,21,0.7530350979837337,0.7551077527628498,0.7558050508909635,0.7546493005458489,0.0011763768113781784,12,0.25439315305472093,0.25279418446160834,0.25427126656892374,0.25381953469508434,0.0007267376440054822,65,0.7234593474883481,0.7204765193370166,0.7335980662983426,0.7258446443745691,0.005616106574910673,17,0.15433053468846664,0.1532894978510818,0.15378768685077274,0.15380257313010706,0.0004251318424382123,65,13.3875
XGBoost_scale_pos_weight,XGBoost,6.0408579508463545,0.12802740666772905,0.9922363758087158,0.017233039162967322,0.8,1,0.1,3,1,200,0.1,1,0.8,"{'model__colsample_bytree': 0.8, 'model__gamma': 1, 'model__learning_rate': 0.1, 'model__max_depth': 3, 'model__min_child_weight': 1, 'model__n_estimators': 200, 'model__reg_alpha': 0.1, 'model__reg_lambda': 1, 'model__scale_pos_weight': 9.3875, 'model__subsample': 0.8}",0.23445050755279392,0.23785304886722153,0.24124805231423146,0.23785053624474894,0.002775086596953989,7,0.7533121203870294,0.7546993155068031,0.7554602705285138,0.7544905688074488,0.0008893138351029791,20,0.2824954572986069,0.28199935191186,0.28155222922268147,0.28201567947771616,0.0003852442886088401,8,0.6038322112894873,0.6010013812154696,0.6056629834254144,0.6034988586434571,0.0019176333992540313,86,0.18437697659709046,0.18421888230313294,0.18340565692476604,0.18400050527499648,0.000425544256432776,8,9.3875
XGBoost_scale_pos_weight,XGBoost,6.085940996805827,0.12319485836196996,0.963264544804891,0.010717924979465391,0.8,1,0.1,3,1,200,0.1,1,0.8,"{'model__colsample_bytree': 0.8, 'model__gamma': 1, 'model__learning_rate': 0.1, 'model__max_depth': 3, 'model__min_child_weight': 1, 'model__n_estimators': 200, 'model__reg_alpha': 0.1, 'model__reg_lambda': 1, 'model__scale_pos_weight': 11.3875, 'model__subsample': 0.8}",0.2339431808924801,0.23730515669833127,0.24035052237079188,0.23719961998720107,0.0026168504864908138,20,0.7531981808830779,0.7553283669116391,0.755760275512281,0.754762274435666,0.0011199487311964612,7,0.26745594904282205,0.26586248492159226,0.26823931623931624,0.26718591673457687,0.0009889455205252893,34,0.6668392887968237,0.6659185082872928,0.6773135359116023,0.6700237776652397,0.005168326012323668,40,0.167272884731965,0.166085346423804,0.16723505840225084,0.16686442985267327,0.0005511115734942459,34,11.3875
XGBoost_scale_pos_weight,XGBoost,6.307207902272542,0.2741905779095682,1.0266003608703613,0.06062008330375229,0.8,1,0.1,3,1,200,0.1,1,0.8,"{'model__colsample_bytree': 0.8, 'model__gamma': 1, 'model__learning_rate': 0.1, 'model__max_depth': 3, 'model__min_child_weight': 1, 'model__n_estimators': 200, 'model__reg_alpha': 0.1, 'model__reg_lambda': 1, 'model__scale_pos_weight': 13.3875, 'model__subsample': 0.8}",0.23381974837391803,0.2357774854268875,0.2425868421638945,0.23739469198823335,0.0037573928174649733,17,0.7527232999154058,0.7540613815316666,0.7556889872252228,0.7541578895574318,0.0012126584169172277,22,0.2541137895439917,0.2527202739975146,0.25378277153558054,0.2535389450256956,0.0005944520837209869,71,0.7224236147074055,0.71978591160221,0.7311809392265194,0.724463488512045,0.004870487825932467,31,0.1541720390495487,0.15326642402852836,0.15353659862959068,0.15365835390255592,0.0003796076056891306,71,13.3875
XGBoost_scale_pos_weight,XGBoost,6.008546193440755,0.08864809164046661,0.9996043841044108,0.014715253923387893,0.8,1,0.1,3,1,200,0.1,5,0.8,"{'model__colsample_bytree': 0.8, 'model__gamma': 1, 'model__learning_rate': 0.1, 'model__max_depth': 3, 'model__min_child_weight': 1, 'model__n_estimators': 200, 'model__reg_alpha': 0.1, 'model__reg_lambda': 5, 'model__scale_pos_weight': 9.3875, 'model__subsample': 0.8}",0.2344961995774621,0.2384079034468744,0.24222254080230493,0.23837554794221383,0.0031543485687420846,3,0.7540574915439757,0.7551200996271806,0.756351001119463,0.7551761974302064,0.0009371612333144378,3,0.28402701937467134,0.2824606905495218,0.2839035738638643,0.2834637612626858,0.0007110662605037311,1,0.6060762989815295,0.6016919889502762,0.6110151933701657,0.6062611604339905,0.003808426226252909,67,0.185472794506075,0.18454776530396103,0.18491039239249699,0.18497698406751098,0.000380565889675528,1,9.3875
XGBoost_scale_pos_weight,XGBoost,6.015563249588013,0.15849428136109428,0.9720071156819662,0.03252408125759201,0.8,1,0.1,3,1,200,0.1,5,0.8,"{'model__colsample_bytree': 0.8, 'model__gamma': 1, 'model__learning_rate': 0.1, 'model__max_depth': 3, 'model__min_child_weight': 1, 'model__n_estimators': 200, 'model__reg_alpha': 0.1, 'model__reg_lambda': 5, 'model__scale_pos_weight': 11.3875, 'model__subsample': 0.8}",0.2342178010123931,0.2383394519624249,0.2413649116318971,0.23797405486890502,0.002929213071665192,5,0.7533621221823416,0.7552036405476783,0.7556218477149218,0.7547292034816473,0.00098163393308195,8,0.26625601273488597,0.2651274982770503,0.26860055416823453,0.26666135506005695,0.0014465490212349386,37,0.6640773347143104,0.6641919889502762,0.6778314917127072,0.6687002717924312,0.006456917186128842,45,0.16650796398891968,0.16561908042018253,0.16748432234119706,0.16653712225009976,0.0007617609026126154,37,11.3875
XGBoost_scale_pos_weight,XGBoost,6.153761545817058,0.023193093719705155,1.0072136720021565,0.023864349763345255,0.8,1,0.1,3,1,200,0.1,5,0.8,"{'model__colsample_bytree': 0.8, 'model__gamma': 1, 'model__learning_rate': 0.1, 'model__max_depth': 3, 'model__min_child_weight': 1, 'model__n_estimators': 200, 'model__reg_alpha': 0.1, 'model__reg_lambda': 5, 'model__scale_pos_weight': 13.3875, 'model__subsample': 0.8}",0.23374987097996291,0.23712800326169312,0.2418712884302708,0.23758305422397563,0.0033311318280975777,15,0.7535241046025205,0.7545571917644713,0.7557201488575866,0.7546004817415262,0.0008970537364570414,17,0.25439742382355623,0.2529118136439268,0.2538153091148483,0.25370818219411045,0.000611210020813763,67,0.7227688589677197,0.7216850828729282,0.7322168508287292,0.7255569308897923,0.004730013590586312,21,0.15436513788526765,0.15332135128195723,0.15351480489394048,0.1537337646870551,0.00045338001835338996,67,13.3875
RandomOverSampler,XGBoost,7.20694637298584,0.18978573903513113,0.9830497105916342,0.018732719991210827,0.8,0,0.05,3,1,100,0.0,1,0.8,"{'model__colsample_bytree': 0.8, 'model__gamma': 0, 'model__learning_rate': 0.05, 'model__max_depth': 3, 'model__min_child_weight': 1, 'model__n_estimators': 100, 'model__reg_alpha': 0, 'model__reg_lambda': 1, 'model__subsample': 0.8}",0.22121380917404213,0.22604470528338166,0.22922831822530293,0.22549561089424222,0.003294866443355344,29,0.7428547091662561,0.7458753476596397,0.7436919341393076,0.7441406636550679,0.001273337572592471,31,0.25729700747293993,0.2577884743949726,0.25871849092068605,0.25793465759619955,0.0005894522566443996,25,0.6626963576730537,0.6657458563535912,0.6654005524861878,0.6646142555042776,0.0013634656231996587,31,0.15963905522288757,0.15984082241750952,0.16057664263989,0.16001884009342904,0.00040293528085384944,25,
RandomOverSampler,XGBoost,7.27298100789388,0.13896617575106304,0.9842151006062826,0.03519597152487259,0.8,0,0.05,3,1,100,0.0,5,0.8,"{'model__colsample_bytree': 0.8, 'model__gamma': 0, 'model__learning_rate': 0.05, 'model__max_depth': 3, 'model__min_child_weight': 1, 'model__n_estimators': 100, 'model__reg_alpha': 0, 'model__reg_lambda': 5, 'model__subsample': 0.8}",0.22116853554899502,0.22713754169873113,0.22935537150056778,0.22588714958276465,0.0034572321354174314,27,0.7429054816895446,0.7461002100511276,0.7436844126818866,0.7442300348075196,0.0013601102783869824,27,0.25661260658752716,0.25771130992121777,0.2586322269807281,0.25765204782982437,0.0008255707640840562,31,0.6623511134127396,0.6664364640883977,0.667299723756906,0.6653624337526811,0.002158292837117271,29,0.1591323822163238,0.15974176460850853,0.1604000664010624,0.15975807107529824,0.0005176583324313881,31,
RandomOverSampler,XGBoost,6.946666479110718,0.16794393804447075,1.0122148990631104,0.043300579209462314,0.8,0,0.05,3,1,100,0.1,1,0.8,"{'model__colsample_bytree': 0.8, 'model__gamma': 0, 'model__learning_rate': 0.05, 'model__max_depth': 3, 'model__min_child_weight': 1, 'model__n_estimators': 100, 'model__reg_alpha': 0.1, 'model__reg_lambda': 1, 'model__subsample': 0.8}",0.22117460363501273,0.22604430960932215,0.22919006671093964,0.2254696599850915,0.0032974311944662022,31,0.7428647220872686,0.7458745794161203,0.7438082765714362,0.7441825260249417,0.0012569426598158702,29,0.25739853202399704,0.2577884743949726,0.258411214953271,0.2578660737907469,0.00041705149840208137,27,0.6628689798032108,0.6657458563535912,0.668335635359116,0.6656501571719726,0.00223277846217803,25,0.15970720346032274,0.15984082241750952,0.16017047335319431,0.1599061664103422,0.00019469142501198558,27,
RandomOverSampler,XGBoost,7.229580879211426,0.32389518013722574,0.9744017124176025,0.026367862636266542,0.8,0,0.05,3,1,100,0.1,5,0.8,"{'model__colsample_bytree': 0.8, 'model__gamma': 0, 'model__learning_rate': 0.05, 'model__max_depth': 3, 'model__min_child_weight': 1, 'model__n_estimators': 100, 'model__reg_alpha': 0.1, 'model__reg_lambda': 5, 'model__subsample': 0.8}",0.2222862819703289,0.22713562883462696,0.2293541329711019,0.2262586812586859,0.002951316907245943,25,0.7433416496059682,0.7460996564446392,0.7436818632127624,0.7443743897544565,0.001227828758079931,25,0.25687153079649566,0.25771130992121777,0.25861492137838743,0.2577325873653669,0.000711895229875563,29,0.6630416019333678,0.6664364640883977,0.667299723756906,0.6655925965928905,0.0018379308344808778,27,0.1592916683946419,0.15974176460850853,0.16038675408747613,0.15980672903020887,0.00044942070173924973,29,
RandomOverSampler,XGBoost,9.442549387613932,0.23222847793766654,1.014411211013794,0.03615219633282354,0.8,0,0.05,3,1,200,0.0,1,0.8,"{'model__colsample_bytree': 0.8, 'model__gamma': 0, 'model__learning_rate': 0.05, 'model__max_depth': 3, 'model__min_child_weight': 1, 'model__n_estimators': 200, 'model__reg_alpha': 0, 'model__reg_lambda': 1, 'model__subsample': 0.8}",0.2301498529179139,0.23486626200843713,0.2377163378240808,0.2342441509168106,0.0031201698796226303,11,0.7494833348460015,0.7520450786451021,0.751256347759315,0.7509282537501395,0.0010712506965225895,9,0.2614975812495742,0.26196524743420385,0.2645459488852637,0.2626695925230139,0.0013404508728230272,19,0.6625237355428966,0.6676450276243094,0.6719613259668509,0.6673766963780189,0.00385754926482954,19,0.16289631170154067,0.162951413762589,0.1646919431279621,0.16351322286403058,0.0008337846063722544,13,
RandomOverSampler,XGBoost,9.325335502624512,0.283977073528551,0.9876753489176432,0.017939491765664384,0.8,0,0.05,3,1,200,0.0,5,0.8,"{'model__colsample_bytree': 0.8, 'model__gamma': 0, 'model__learning_rate': 0.05, 'model__max_depth': 3, 'model__min_child_weight': 1, 'model__n_estimators': 200, 'model__reg_alpha': 0, 'model__reg_lambda': 5, 'model__subsample': 0.8}",0.22914770593729783,0.23521537981918372,0.23779190271800554,0.23405166282482903,0.003623645717424358,15,0.7492129689676914,0.7517293501900533,0.7512531111899392,0.7507318101158947,0.0010914393314682739,19,0.26211739041516124,0.26226952277657267,0.26371915095297743,0.26270202138157045,0.0007218958778199105,15,0.6637320904539962,0.6679903314917127,0.6724792817679558,0.6680672345712216,0.003571439908821196,17,0.16330431089403272,0.16316632928475033,0.16402071840653557,0.1634971195284395,0.0003745010636234138,15,
RandomOverSampler,XGBoost,9.4858349164327,0.15547008438710286,0.9791238307952881,0.011393639946246505,0.8,0,0.05,3,1,200,0.1,1,0.8,"{'model__colsample_bytree': 0.8, 'model__gamma': 0, 'model__learning_rate': 0.05, 'model__max_depth': 3, 'model__min_child_weight': 1, 'model__n_estimators': 200, 'model__reg_alpha': 0.1, 'model__reg_lambda': 1, 'model__subsample': 0.8}",0.229750203243952,0.23489814979887552,0.2378479567171184,0.23416543658664865,0.003346247083582185,13,0.7493777411876088,0.7519839345752826,0.7512592911659166,0.750873655642936,0.001098361525463272,13,0.262017349889437,0.2621918179355188,0.2637771316519034,0.2626620998256198,0.000791657230117109,21,0.6647678232349388,0.668335635359116,0.6735151933701657,0.6688728839880734,0.003591248449369915,11,0.1631641386323193,0.16308560835861138,0.1640040359875557,0.16341792765949545,0.0004156793476854772,21,
RandomOverSampler,XGBoost,9.433456261952719,0.15063349344284424,1.0221738815307617,0.006286811843200545,0.8,0,0.05,3,1,200,0.1,5,0.8,"{'model__colsample_bytree': 0.8, 'model__gamma': 0, 'model__learning_rate': 0.05, 'model__max_depth': 3, 'model__min_child_weight': 1, 'model__n_estimators': 200, 'model__reg_alpha': 0.1, 'model__reg_lambda': 5, 'model__subsample': 0.8}",0.22993948553851856,0.23590743844929793,0.23793074155290297,0.2345925551802398,0.003392317956824946,9,0.7491946991815994,0.7519583312567637,0.7512329824244729,0.7507953376209454,0.001169918883871929,17,0.26263175790547433,0.26320428503627363,0.2638173936602547,0.26321781220066753,0.0004841282708028304,9,0.6666666666666666,0.6702348066298343,0.6724792817679558,0.6697935850214854,0.00239341192438592,3,0.1635262734470932,0.16375601113642116,0.16409673070441524,0.16379300509597652,0.00023435270482833787,9,
RandomOverSampler,XGBoost,7.076265811920166,0.17628086121797412,0.9478317896525065,0.02078905739153839,0.8,0,0.1,3,1,100,0.0,1,0.8,"{'model__colsample_bytree': 0.8, 'model__gamma': 0, 'model__learning_rate': 0.1, 'model__max_depth': 3, 'model__min_child_weight': 1, 'model__n_estimators': 100, 'model__reg_alpha': 0, 'model__reg_lambda': 1, 'model__subsample': 0.8}",0.22986000191347955,0.23293892301237923,0.23611714321861138,0.2329720227148234,0.0025545744617350183,23,0.7491021843451513,0.7518026487361334,0.7510168520956113,0.750640561725632,0.0011341142839664234,23,0.26187976291278575,0.26287586607051433,0.26330683196334725,0.2626874869822158,0.0005976322890924218,17,0.667357155187295,0.6648825966850829,0.6747237569060773,0.6689878362594851,0.004179828480788827,9,0.16290241024776672,0.16382354192368231,0.16356939561359451,0.16343178259501454,0.0003884360936334242,19,
RandomOverSampler,XGBoost,6.782739798227946,0.14628582245375463,0.940004030863444,0.006633101091314752,0.8,0,0.1,3,1,100,0.0,5,0.8,"{'model__colsample_bytree': 0.8, 'model__gamma': 0, 'model__learning_rate': 0.1, 'model__max_depth': 3, 'model__min_child_weight': 1, 'model__n_estimators': 100, 'model__reg_alpha': 0, 'model__reg_lambda': 5, 'model__subsample': 0.8}",0.23006321902777116,0.23475034024060146,0.23639852860319283,0.23373736262385517,0.0026837324249546113,19,0.7494182155289361,0.751955370836251,0.7513557587324814,0.7509097816992228,0.0010827313914369989,11,0.2619667805554616,0.26198537378114845,0.2634357655340463,0.26246263995688546,0.0006881455605242487,23,0.6683928879682375,0.6679903314917127,0.6719613259668509,0.6694481818089337,0.001784644333950598,5,0.16290811174688657,0.16294642857142858,0.1638322949991581,0.16322894510582442,0.0004269194811671751,23,
RandomOverSampler,XGBoost,6.908129135767619,0.3034044732633213,0.9581487973531088,0.0375813226674712,0.8,0,0.1,3,1,100,0.1,1,0.8,"{'model__colsample_bytree': 0.8, 'model__gamma': 0, 'model__learning_rate': 0.1, 'model__max_depth': 3, 'model__min_child_weight': 1, 'model__n_estimators': 100, 'model__reg_alpha': 0.1, 'model__reg_lambda': 1, 'model__subsample': 0.8}",0.23037150250864305,0.2329412294241433,0.23649729932623437,0.23327001041967357,0.0025116288698597412,21,0.7493349729818625,0.7518032638544538,0.7510467848000966,0.750728340545471,0.0010325276478646997,21,0.2626543628714887,0.2628579229377837,0.2634738617200674,0.26299538250977994,0.00034839244266153833,11,0.6682202658380805,0.6648825966850829,0.674378453038674,0.6691604385206125,0.0039332569605645355,7,0.16345057636279187,0.16380960483219192,0.16371866879034286,0.16365961666177556,0.00015240456221558144,11,
RandomOverSampler,XGBoost,6.871719042460124,0.1204791296680276,1.051033655802409,0.04532950595804633,0.8,0,0.1,3,1,100,0.1,5,0.8,"{'model__colsample_bytree': 0.8, 'model__gamma': 0, 'model__learning_rate': 0.1, 'model__max_depth': 3, 'model__min_child_weight': 1, 'model__n_estimators': 100, 'model__reg_alpha': 0.1, 'model__reg_lambda': 5, 'model__subsample': 0.8}",0.23006793560660688,0.23489370080281358,0.2363470707903192,0.2337695690665799,0.0026838577687276085,17,0.7494179289594507,0.7518412559177,0.7512863668421177,0.750848517239756,0.001036633201719426,15,0.2619667805554616,0.2623616610823434,0.2642353579175705,0.26285459985179177,0.000989562962385352,13,0.6683928879682375,0.6691988950276243,0.6729972375690608,0.6701963401883075,0.002007682154139995,1,0.16290811174688657,0.1631656493369817,0.16438933873144398,0.1634876999384374,0.000646166019620735,17,
RandomOverSampler,XGBoost,9.204354047775269,0.2967489925291662,0.9816932678222656,0.006098736556572937,0.8,0,0.1,3,1,200,0.0,1,0.8,"{'model__colsample_bytree': 0.8, 'model__gamma': 0, 'model__learning_rate': 0.1, 'model__max_depth': 3, 'model__min_child_weight': 1, 'model__n_estimators': 200, 'model__reg_alpha': 0, 'model__reg_lambda': 1, 'model__subsample': 0.8}",0.2330564500319902,0.2370568675222416,0.23953262241814105,0.23654864665745765,0.0026681977099829108,7,0.752415750664972,0.7544101640894867,0.7546806486289196,0.7538355211277928,0.0010099840252339777,7,0.26641806505075616,0.2668381177451866,0.2673444154416815,0.2668668660792081,0.000378726912804511,5,0.6659761781460383,0.662810773480663,0.6719613259668509,0.6669160925311841,0.0037943582671446006,23,0.16651560274504726,0.16704377338786877,0.16686674669867949,0.16680870761053182,0.0002194955714046493,5,
RandomOverSampler,XGBoost,9.172210137049357,0.10172500965787856,1.0241536299387615,0.056258367692293774,0.8,0,0.1,3,1,200,0.0,5,0.8,"{'model__colsample_bytree': 0.8, 'model__gamma': 0, 'model__learning_rate': 0.1, 'model__max_depth': 3, 'model__min_child_weight': 1, 'model__n_estimators': 200, 'model__reg_alpha': 0, 'model__reg_lambda': 5, 'model__subsample': 0.8}",0.23420706223637747,0.2374334280001365,0.24020690380349827,0.2372824646800041,0.002451750007736882,3,0.7528028798689201,0.7548522260687038,0.7560544486508649,0.7545698515294963,0.001342380080609053,1,0.26682808716707024,0.26627955205309,0.2690746474028208,0.2673940955409937,0.001209245939428158,1,0.6658035560158813,0.6650552486187845,0.6752417127071824,0.6687001724472826,0.004635644703027,15,0.16684690920102088,0.16646499567847883,0.1680127158690609,0.16710820691618689,0.000658314422874604,1,
RandomOverSampler,XGBoost,9.048080444335938,0.5542815129896446,0.9901357491811117,0.020762031671361522,0.8,0,0.1,3,1,200,0.1,1,0.8,"{'model__colsample_bytree': 0.8, 'model__gamma': 0, 'model__learning_rate': 0.1, 'model__max_depth': 3, 'model__min_child_weight': 1, 'model__n_estimators': 200, 'model__reg_alpha': 0.1, 'model__reg_lambda': 1, 'model__subsample': 0.8}",0.2334190726180831,0.23699227440085807,0.24001369434716527,0.23680834712203547,0.002695382578947686,6,0.7528354362561118,0.7542835871355149,0.7551872810178779,0.7541021014698348,0.0009686747754869838,6,0.266357725826532,0.26698201801676463,0.267223954229333,0.26685456602420987,0.0003649391906052477,6,0.6647678232349388,0.6626381215469613,0.6733425414364641,0.666916162072788,0.004626566121459441,21,0.16654413354668512,0.16716755956269871,0.16668803692781126,0.16679991001239838,0.00026652290664771507,6,
RandomOverSampler,XGBoost,8.819209655125936,0.11750723859400485,0.9787580966949463,0.019423690290418103,0.8,0,0.1,3,1,200,0.1,5,0.8,"{'model__colsample_bytree': 0.8, 'model__gamma': 0, 'model__learning_rate': 0.1, 'model__max_depth': 3, 'model__min_child_weight': 1, 'model__n_estimators': 200, 'model__reg_alpha': 0.1, 'model__reg_lambda': 5, 'model__subsample': 0.8}",0.23405868384042683,0.23809223038508998,0.23983875001586002,0.23732988808045893,0.0024204910782964885,2,0.7528540698153403,0.7545614033618231,0.7554283720629278,0.7542812817466972,0.0010694575275746413,4,0.2668925928487447,0.26645475589952666,0.2682776137845816,0.2672083208442843,0.0007769452330129512,3,0.6661488002761954,0.6657458563535912,0.6747237569060773,0.6688728045119546,0.0041405171891048045,13,0.16687567567567568,0.16655867997062762,0.16742352840373576,0.16695262801667968,0.0003572412351636692,3,
RandomOverSampler,XGBoost,7.147928635279338,0.3709556832766553,0.9744129180908203,0.02077798231126098,0.8,1,0.05,3,1,100,0.0,1,0.8,"{'model__colsample_bytree': 0.8, 'model__gamma': 1, 'model__learning_rate': 0.05, 'model__max_depth': 3, 'model__min_child_weight': 1, 'model__n_estimators': 100, 'model__reg_alpha': 0, 'model__reg_lambda': 1, 'model__subsample': 0.8}",0.22121380917404213,0.22604470528338166,0.22922831822530293,0.22549561089424222,0.003294866443355344,29,0.7428547091662561,0.7458753476596397,0.7436919341393076,0.7441406636550679,0.001273337572592471,31,0.25729700747293993,0.2577884743949726,0.25871849092068605,0.25793465759619955,0.0005894522566443996,25,0.6626963576730537,0.6657458563535912,0.6654005524861878,0.6646142555042776,0.0013634656231996587,31,0.15963905522288757,0.15984082241750952,0.16057664263989,0.16001884009342904,0.00040293528085384944,25,
RandomOverSampler,XGBoost,6.899383068084717,0.1315319087441728,0.9783325990041097,0.023090596408919015,0.8,1,0.05,3,1,100,0.0,5,0.8,"{'model__colsample_bytree': 0.8, 'model__gamma': 1, 'model__learning_rate': 0.05, 'model__max_depth': 3, 'model__min_child_weight': 1, 'model__n_estimators': 100, 'model__reg_alpha': 0, 'model__reg_lambda': 5, 'model__subsample': 0.8}",0.22116853554899502,0.22713754169873113,0.22935537150056778,0.22588714958276465,0.0034572321354174314,27,0.7429054816895446,0.7461002100511276,0.7436844126818866,0.7442300348075196,0.0013601102783869824,27,0.25661260658752716,0.25771130992121777,0.2586322269807281,0.25765204782982437,0.0008255707640840562,31,0.6623511134127396,0.6664364640883977,0.667299723756906,0.6653624337526811,0.002158292837117271,29,0.1591323822163238,0.15974176460850853,0.1604000664010624,0.15975807107529824,0.0005176583324313881,31,
RandomOverSampler,XGBoost,7.191606760025024,0.11761482317311281,0.9719721476236979,0.01289685683236318,0.8,1,0.05,3,1,100,0.1,1,0.8,"{'model__colsample_bytree': 0.8, 'model__gamma': 1, 'model__learning_rate': 0.05, 'model__max_depth': 3, 'model__min_child_weight': 1, 'model__n_estimators': 100, 'model__reg_alpha': 0.1, 'model__reg_lambda': 1, 'model__subsample': 0.8}",0.22117460363501273,0.22604430960932215,0.22919006671093964,0.2254696599850915,0.0032974311944662022,31,0.7428647220872686,0.7458745794161203,0.7438082765714362,0.7441825260249417,0.0012569426598158702,29,0.25739853202399704,0.2577884743949726,0.258411214953271,0.2578660737907469,0.00041705149840208137,27,0.6628689798032108,0.6657458563535912,0.668335635359116,0.6656501571719726,0.00223277846217803,25,0.15970720346032274,0.15984082241750952,0.16017047335319431,0.1599061664103422,0.00019469142501198558,27,
RandomOverSampler,XGBoost,6.9342672030131025,0.042298857973518116,0.9503763516743978,0.006820133725401436,0.8,1,0.05,3,1,100,0.1,5,0.8,"{'model__colsample_bytree': 0.8, 'model__gamma': 1, 'model__learning_rate': 0.05, 'model__max_depth': 3, 'model__min_child_weight': 1, 'model__n_estimators': 100, 'model__reg_alpha': 0.1, 'model__reg_lambda': 5, 'model__subsample': 0.8}",0.2222862819703289,0.22713562883462696,0.2293541329711019,0.2262586812586859,0.002951316907245943,25,0.7433416496059682,0.7460996564446392,0.7436818632127624,0.7443743897544565,0.001227828758079931,25,0.25687153079649566,0.25771130992121777,0.25861492137838743,0.2577325873653669,0.000711895229875563,29,0.6630416019333678,0.6664364640883977,0.667299723756906,0.6655925965928905,0.0018379308344808778,27,0.1592916683946419,0.15974176460850853,0.16038675408747613,0.15980672903020887,0.00044942070173924973,29,
RandomOverSampler,XGBoost,9.360748449961344,0.22180311248174445,0.9894764423370361,0.02538169867042603,0.8,1,0.05,3,1,200,0.0,1,0.8,"{'model__colsample_bytree': 0.8, 'model__gamma': 1, 'model__learning_rate': 0.05, 'model__max_depth': 3, 'model__min_child_weight': 1, 'model__n_estimators': 200, 'model__reg_alpha': 0, 'model__reg_lambda': 1, 'model__subsample': 0.8}",0.2301498529179139,0.23486626200843713,0.2377163378240808,0.2342441509168106,0.0031201698796226303,11,0.7494833348460015,0.7520450786451021,0.751256347759315,0.7509282537501395,0.0010712506965225895,9,0.2614975812495742,0.26196524743420385,0.2645459488852637,0.2626695925230139,0.0013404508728230272,19,0.6625237355428966,0.6676450276243094,0.6719613259668509,0.6673766963780189,0.00385754926482954,19,0.16289631170154067,0.162951413762589,0.1646919431279621,0.16351322286403058,0.0008337846063722544,13,
RandomOverSampler,XGBoost,9.470975875854492,0.16008418581116057,1.0516612529754639,0.06227497699643733,0.8,1,0.05,3,1,200,0.0,5,0.8,"{'model__colsample_bytree': 0.8, 'model__gamma': 1, 'model__learning_rate': 0.05, 'model__max_depth': 3, 'model__min_child_weight': 1, 'model__n_estimators': 200, 'model__reg_alpha': 0, 'model__reg_lambda': 5, 'model__subsample': 0.8}",0.22914770593729783,0.23521537981918372,0.23779190271800554,0.23405166282482903,0.003623645717424358,15,0.7492129689676914,0.7517293501900533,0.7512531111899392,0.7507318101158947,0.0010914393314682739,19,0.26211739041516124,0.26226952277657267,0.26371915095297743,0.26270202138157045,0.0007218958778199105,15,0.6637320904539962,0.6679903314917127,0.6724792817679558,0.6680672345712216,0.003571439908821196,17,0.16330431089403272,0.16316632928475033,0.16402071840653557,0.1634971195284395,0.0003745010636234138,15,
RandomOverSampler,XGBoost,10.067290306091309,0.32661524351366406,0.9930140177408854,0.014193810332599088,0.8,1,0.05,3,1,200,0.1,1,0.8,"{'model__colsample_bytree': 0.8, 'model__gamma': 1, 'model__learning_rate': 0.05, 'model__max_depth': 3, 'model__min_child_weight': 1, 'model__n_estimators': 200, 'model__reg_alpha': 0.1, 'model__reg_lambda': 1, 'model__subsample': 0.8}",0.229750203243952,0.23489814979887552,0.2378479567171184,0.23416543658664865,0.003346247083582185,13,0.7493777411876088,0.7519839345752826,0.7512592911659166,0.750873655642936,0.001098361525463272,13,0.262017349889437,0.2621918179355188,0.2637771316519034,0.2626620998256198,0.000791657230117109,21,0.6647678232349388,0.668335635359116,0.6735151933701657,0.6688728839880734,0.003591248449369915,11,0.1631641386323193,0.16308560835861138,0.1640040359875557,0.16341792765949545,0.0004156793476854772,21,
RandomOverSampler,XGBoost,9.693985541661581,0.18694714091171147,1.0081451733907063,0.006627545628258847,0.8,1,0.05,3,1,200,0.1,5,0.8,"{'model__colsample_bytree': 0.8, 'model__gamma': 1, 'model__learning_rate': 0.05, 'model__max_depth': 3, 'model__min_child_weight': 1, 'model__n_estimators': 200, 'model__reg_alpha': 0.1, 'model__reg_lambda': 5, 'model__subsample': 0.8}",0.22993948553851856,0.23590743844929793,0.23793074155290297,0.2345925551802398,0.003392317956824946,9,0.7491946991815994,0.7519583312567637,0.7512329824244729,0.7507953376209454,0.001169918883871929,17,0.26263175790547433,0.26320428503627363,0.2638173936602547,0.26321781220066753,0.0004841282708028304,9,0.6666666666666666,0.6702348066298343,0.6724792817679558,0.6697935850214854,0.00239341192438592,3,0.1635262734470932,0.16375601113642116,0.16409673070441524,0.16379300509597652,0.00023435270482833787,9,
RandomOverSampler,XGBoost,6.940475145975749,0.26797040284871687,1.014391819636027,0.061869270762984166,0.8,1,0.1,3,1,100,0.0,1,0.8,"{'model__colsample_bytree': 0.8, 'model__gamma': 1, 'model__learning_rate': 0.1, 'model__max_depth': 3, 'model__min_child_weight': 1, 'model__n_estimators': 100, 'model__reg_alpha': 0, 'model__reg_lambda': 1, 'model__subsample': 0.8}",0.22986000191347955,0.23293892301237923,0.23611714321861138,0.2329720227148234,0.0025545744617350183,23,0.7491021843451513,0.7518026487361334,0.7510168520956113,0.750640561725632,0.0011341142839664234,23,0.26187976291278575,0.26287586607051433,0.26330683196334725,0.2626874869822158,0.0005976322890924218,17,0.667357155187295,0.6648825966850829,0.6747237569060773,0.6689878362594851,0.004179828480788827,9,0.16290241024776672,0.16382354192368231,0.16356939561359451,0.16343178259501454,0.0003884360936334242,19,
RandomOverSampler,XGBoost,7.044892072677612,0.06999826273570617,0.9839288393656412,0.04273129879918312,0.8,1,0.1,3,1,100,0.0,5,0.8,"{'model__colsample_bytree': 0.8, 'model__gamma': 1, 'model__learning_rate': 0.1, 'model__max_depth': 3, 'model__min_child_weight': 1, 'model__n_estimators': 100, 'model__reg_alpha': 0, 'model__reg_lambda': 5, 'model__subsample': 0.8}",0.23006321902777116,0.23475034024060146,0.23639852860319283,0.23373736262385517,0.0026837324249546113,19,0.7494182155289361,0.751955370836251,0.7513557587324814,0.7509097816992228,0.0010827313914369989,11,0.2619667805554616,0.26198537378114845,0.2634357655340463,0.26246263995688546,0.0006881455605242487,23,0.6683928879682375,0.6679903314917127,0.6719613259668509,0.6694481818089337,0.001784644333950598,5,0.16290811174688657,0.16294642857142858,0.1638322949991581,0.16322894510582442,0.0004269194811671751,23,
RandomOverSampler,XGBoost,6.959336757659912,0.1954910267676914,0.9852093855539957,0.03741912665610238,0.8,1,0.1,3,1,100,0.1,1,0.8,"{'model__colsample_bytree': 0.8, 'model__gamma': 1, 'model__learning_rate': 0.1, 'model__max_depth': 3, 'model__min_child_weight': 1, 'model__n_estimators': 100, 'model__reg_alpha': 0.1, 'model__reg_lambda': 1, 'model__subsample': 0.8}",0.23037150250864305,0.2329412294241433,0.23649729932623437,0.23327001041967357,0.0025116288698597412,21,0.7493349729818625,0.7518032638544538,0.7510467848000966,0.750728340545471,0.0010325276478646997,21,0.2626543628714887,0.2628579229377837,0.2634738617200674,0.26299538250977994,0.00034839244266153833,11,0.6682202658380805,0.6648825966850829,0.674378453038674,0.6691604385206125,0.0039332569605645355,7,0.16345057636279187,0.16380960483219192,0.16371866879034286,0.16365961666177556,0.00015240456221558144,11,
RandomOverSampler,XGBoost,6.949729839960734,0.3079538388304634,1.0145275592803955,0.049093960018097876,0.8,1,0.1,3,1,100,0.1,5,0.8,"{'model__colsample_bytree': 0.8, 'model__gamma': 1, 'model__learning_rate': 0.1, 'model__max_depth': 3, 'model__min_child_weight': 1, 'model__n_estimators': 100, 'model__reg_alpha': 0.1, 'model__reg_lambda': 5, 'model__subsample': 0.8}",0.23006793560660688,0.23489370080281358,0.2363470707903192,0.2337695690665799,0.0026838577687276085,17,0.7494179289594507,0.7518412559177,0.7512863668421177,0.750848517239756,0.001036633201719426,15,0.2619667805554616,0.2623616610823434,0.2642353579175705,0.26285459985179177,0.000989562962385352,13,0.6683928879682375,0.6691988950276243,0.6729972375690608,0.6701963401883075,0.002007682154139995,1,0.16290811174688657,0.1631656493369817,0.16438933873144398,0.1634876999384374,0.000646166019620735,17,
RandomOverSampler,XGBoost,9.790900945663452,0.23937549884726622,1.0228389104207356,0.016674917235991255,0.8,1,0.1,3,1,200,0.0,1,0.8,"{'model__colsample_bytree': 0.8, 'model__gamma': 1, 'model__learning_rate': 0.1, 'model__max_depth': 3, 'model__min_child_weight': 1, 'model__n_estimators': 200, 'model__reg_alpha': 0, 'model__reg_lambda': 1, 'model__subsample': 0.8}",0.2330564500319902,0.2370568675222416,0.23936572173991733,0.2364930130980497,0.0026064249116203894,8,0.752415750664972,0.7544101640894867,0.7545689653908783,0.7537982933817791,0.0009797526001251245,8,0.26641806505075616,0.2668381177451866,0.2667717939049056,0.2666759922336161,0.00018438101256359072,8,0.6659761781460383,0.662810773480663,0.6717886740331491,0.6668585418866169,0.0037179383992206015,24,0.16651560274504726,0.16704377338786877,0.1664314128063647,0.16666359631309358,0.0002710140741515241,8,
RandomOverSampler,XGBoost,9.128899176915487,0.23144743322331693,1.0467914740244548,0.015316261675427498,0.8,1,0.1,3,1,200,0.0,5,0.8,"{'model__colsample_bytree': 0.8, 'model__gamma': 1, 'model__learning_rate': 0.1, 'model__max_depth': 3, 'model__min_child_weight': 1, 'model__n_estimators': 200, 'model__reg_alpha': 0, 'model__reg_lambda': 5, 'model__subsample': 0.8}",0.23420706223637747,0.2374334280001365,0.24020690380349827,0.2372824646800041,0.002451750007736882,3,0.7528028798689201,0.7548522260687038,0.7560544486508649,0.7545698515294963,0.001342380080609053,1,0.26682808716707024,0.26627955205309,0.2690746474028208,0.2673940955409937,0.001209245939428158,1,0.6658035560158813,0.6650552486187845,0.6752417127071824,0.6687001724472826,0.004635644703027,15,0.16684690920102088,0.16646499567847883,0.1680127158690609,0.16710820691618689,0.000658314422874604,1,
RandomOverSampler,XGBoost,9.193019787470499,0.3299152328207854,0.9992206891377767,0.019473234977507324,0.8,1,0.1,3,1,200,0.1,1,0.8,"{'model__colsample_bytree': 0.8, 'model__gamma': 1, 'model__learning_rate': 0.1, 'model__max_depth': 3, 'model__min_child_weight': 1, 'model__n_estimators': 200, 'model__reg_alpha': 0.1, 'model__reg_lambda': 1, 'model__subsample': 0.8}",0.2334190726180831,0.2369935253152718,0.24001600739844653,0.23680953511060046,0.0026963279252412223,5,0.7528354362561118,0.7542863460066205,0.7551923734123143,0.7541047185583488,0.0009707487100330208,5,0.266357725826532,0.26698201801676463,0.2672147995889003,0.266851514477399,0.0003618629932955919,7,0.6647678232349388,0.6626381215469613,0.6733425414364641,0.666916162072788,0.004626566121459441,21,0.16654413354668512,0.16716755956269871,0.16668091289853834,0.16679753533597408,0.00026753889940932604,7,
RandomOverSampler,XGBoost,9.121470292409262,0.20112210391812005,1.0220720767974854,0.04645263737456973,0.8,1,0.1,3,1,200,0.1,5,0.8,"{'model__colsample_bytree': 0.8, 'model__gamma': 1, 'model__learning_rate': 0.1, 'model__max_depth': 3, 'model__min_child_weight': 1, 'model__n_estimators': 200, 'model__reg_alpha': 0.1, 'model__reg_lambda': 5, 'model__subsample': 0.8}",0.23405868384042683,0.23809223038508998,0.23983883116737753,0.23732991513096477,0.002420519116541988,1,0.7528540698153403,0.7545614033618231,0.7554284296484728,0.7542813009418787,0.001069478116296444,3,0.2668925928487447,0.26645475589952666,0.2682776137845816,0.2672083208442843,0.0007769452330129512,3,0.6661488002761954,0.6657458563535912,0.6747237569060773,0.6688728045119546,0.0041405171891048045,13,0.16687567567567568,0.16655867997062762,0.16742352840373576,0.16695262801667968,0.0003572412351636692,3,
SMOTE,XGBoost,10.88275671005249,0.22518713580340885,0.9704751173655192,0.008128885071672799,0.8,0,0.05,3,1,100,0.0,1,0.8,"{'model__colsample_bytree': 0.8, 'model__gamma': 0, 'model__learning_rate': 0.05, 'model__max_depth': 3, 'model__min_child_weight': 1, 'model__n_estimators': 100, 'model__reg_alpha': 0, 'model__reg_lambda': 1, 'model__subsample': 0.8}",0.18431888349697678,0.1799927823031991,0.18196917294702633,0.1820936129157341,0.0017683140490422264,27,0.7162373450130157,0.716837300052518,0.716672406462229,0.7165823505092543,0.0002530732019998492,27,0.026861217045266124,0.01749957933703517,0.022029372496662217,0.022130056292987837,0.003822535638828834,12,0.013982392542723977,0.008977900552486187,0.011395027624309393,0.011451773573173186,0.002043469288101795,13,0.3403361344537815,0.3443708609271523,0.33,0.33823566512697795,0.006051963289793931,27,
SMOTE,XGBoost,10.557333389918009,0.30691497873277496,1.0086131890614827,0.08256157024654424,0.8,0,0.05,3,1,100,0.0,5,0.8,"{'model__colsample_bytree': 0.8, 'model__gamma': 0, 'model__learning_rate': 0.05, 'model__max_depth': 3, 'model__min_child_weight': 1, 'model__n_estimators': 100, 'model__reg_alpha': 0, 'model__reg_lambda': 5, 'model__subsample': 0.8}",0.1832589517351138,0.179446913030237,0.18177769813401107,0.18149452096645394,0.001569087155650056,31,0.7157848989029963,0.7162598950288808,0.7163383239235064,0.7161277059517944,0.0002445066834905507,31,0.022700717743281588,0.021739130434782608,0.018738497574033796,0.021059448584032664,0.001687458193275249,15,0.011738304850681858,0.011222375690607736,0.009668508287292817,0.010876396276194139,0.0008796934200249362,15,0.3434343434343434,0.34574468085106386,0.3027027027027027,0.33062724232936996,0.019768145247101597,30,
SMOTE,XGBoost,10.489547570546469,0.08305264714622579,0.9674399693806967,0.007382032439604755,0.8,0,0.05,3,1,100,0.1,1,0.8,"{'model__colsample_bytree': 0.8, 'model__gamma': 0, 'model__learning_rate': 0.05, 'model__max_depth': 3, 'model__min_child_weight': 1, 'model__n_estimators': 100, 'model__reg_alpha': 0.1, 'model__reg_lambda': 1, 'model__subsample': 0.8}",0.18495187055784487,0.17999202447921558,0.18196852699552477,0.18230414067752843,0.002038708036737092,25,0.7167551211144711,0.7168369885670707,0.7166733422273335,0.7167551506362918,6.68083416997169e-05,25,0.02976190476190476,0.01749957933703517,0.022029372496662217,0.02309695219853405,0.005062670640497784,6,0.015535991714137753,0.008977900552486187,0.011395027624309393,0.011969639963644444,0.002707985035227013,5,0.35294117647058826,0.3443708609271523,0.33,0.3424373457992469,0.009464961877931586,25,
SMOTE,XGBoost,10.466421286265055,0.14067226525808899,0.9490673542022705,0.0027371358565721096,0.8,0,0.05,3,1,100,0.1,5,0.8,"{'model__colsample_bytree': 0.8, 'model__gamma': 0, 'model__learning_rate': 0.05, 'model__max_depth': 3, 'model__min_child_weight': 1, 'model__n_estimators': 100, 'model__reg_alpha': 0.1, 'model__reg_lambda': 5, 'model__subsample': 0.8}",0.18483868106583262,0.17949089206960955,0.18177718500560341,0.1820355860470152,0.0021908582961453187,29,0.7166391258997366,0.7162544610474622,0.7163386655104885,0.7164107508192291,0.00016510396915476482,29,0.031043593130779392,0.021735495736498914,0.018738497574033796,0.023839195480437367,0.005239148062083191,3,0.016226480234766097,0.011222375690607736,0.009668508287292817,0.01237245473755555,0.0027980660436133283,3,0.3574144486692015,0.3439153439153439,0.3027027027027027,0.33467749842908273,0.02327154383357067,29,
SMOTE,XGBoost,15.525185505549112,0.2669651206864152,1.0450780391693115,0.04890427827442904,0.8,0,0.05,3,1,200,0.0,1,0.8,"{'model__colsample_bytree': 0.8, 'model__gamma': 0, 'model__learning_rate': 0.05, 'model__max_depth': 3, 'model__min_child_weight': 1, 'model__n_estimators': 200, 'model__reg_alpha': 0, 'model__reg_lambda': 1, 'model__subsample': 0.8}",0.204420179952904,0.20342352724801432,0.2043956894871792,0.20407979889603253,0.00046416182718403843,13,0.7291599015331547,0.731427771812148,0.7315891997996442,0.730725624381649,0.0011090929559808653,9,0.006176016469377252,0.002065760027543467,0.004130098089829634,0.004123958195583451,0.001678010782272678,26,0.0031071983428275505,0.0010359116022099447,0.0020718232044198894,0.0020716443831524617,0.000845599280371564,26,0.5,0.35294117647058826,0.631578947368421,0.4948400412796698,0.11381189370543225,20,
SMOTE,XGBoost,15.320454597473145,0.3279480914286898,0.9881784915924072,0.016054591128446694,0.8,0,0.05,3,1,200,0.0,5,0.8,"{'model__colsample_bytree': 0.8, 'model__gamma': 0, 'model__learning_rate': 0.05, 'model__max_depth': 3, 'model__min_child_weight': 1, 'model__n_estimators': 200, 'model__reg_alpha': 0, 'model__reg_lambda': 5, 'model__subsample': 0.8}",0.20564366286857144,0.2031199126919978,0.20431818136041596,0.2043605856403284,0.001030752906263195,10,0.728757128775795,0.7307363474096137,0.7315684454457582,0.7303539738770556,0.0011791331543423106,15,0.006522485410230003,0.0027519779841761265,0.003785923249010497,0.004353462214472209,0.0015907559880907504,20,0.003279820472984637,0.0013812154696132596,0.001899171270718232,0.002186735737772043,0.0008013302405960826,20,0.5757575757575758,0.36363636363636365,0.5789473684210527,0.5061137692716641,0.10075515547349902,13,
SMOTE,XGBoost,15.668574253718058,0.25797744202496664,1.0005295276641846,0.01644143581088833,0.8,0,0.05,3,1,200,0.1,1,0.8,"{'model__colsample_bytree': 0.8, 'model__gamma': 0, 'model__learning_rate': 0.05, 'model__max_depth': 3, 'model__min_child_weight': 1, 'model__n_estimators': 200, 'model__reg_alpha': 0.1, 'model__reg_lambda': 1, 'model__subsample': 0.8}",0.20571240875002972,0.20341538551254232,0.20358607888887037,0.20423795771714748,0.0010449205531063805,11,0.7295239586221928,0.7314260141442663,0.7310328449101917,0.7306609392255504,0.0008198329833830382,12,0.0041265474552957355,0.002065760027543467,0.0037865748709122204,0.0033262941179171405,0.0009020735314739189,32,0.0020714655618850335,0.0010359116022099447,0.001899171270718232,0.0016688494782710701,0.0004530482659399136,32,0.5217391304347826,0.35294117647058826,0.6111111111111112,0.49526380600549397,0.10704714192292426,19,
SMOTE,XGBoost,15.488298892974854,0.40758850507430344,0.9972172578175863,0.025436379536376088,0.8,0,0.05,3,1,200,0.1,5,0.8,"{'model__colsample_bytree': 0.8, 'model__gamma': 0, 'model__learning_rate': 0.05, 'model__max_depth': 3, 'model__min_child_weight': 1, 'model__n_estimators': 200, 'model__reg_alpha': 0.1, 'model__reg_lambda': 5, 'model__subsample': 0.8}",0.20484735732387704,0.20306557084482857,0.204152185997527,0.2040217047220775,0.0007332392909376756,17,0.7285208803686765,0.7309656242566229,0.731430344838995,0.7303056164880982,0.0012761801249291714,16,0.006520247083047358,0.0027505587072374077,0.003441748408191361,0.004237518066158709,0.0016386121412311635,24,0.003279820472984637,0.0013812154696132596,0.0017265193370165745,0.0021291850932048237,0.0008257441181995375,24,0.5428571428571428,0.32,0.5263157894736842,0.46305764411027567,0.10138218530795842,24,
SMOTE,XGBoost,10.53676962852478,0.2572958754470834,0.9782649676005045,0.031925806189190296,0.8,0,0.1,3,1,100,0.0,1,0.8,"{'model__colsample_bytree': 0.8, 'model__gamma': 0, 'model__learning_rate': 0.1, 'model__max_depth': 3, 'model__min_child_weight': 1, 'model__n_estimators': 100, 'model__reg_alpha': 0, 'model__reg_lambda': 1, 'model__subsample': 0.8}",0.20281155499625597,0.20218420822410949,0.2032075834775688,0.2027344488993114,0.00042133378690988797,21,0.7284125937422437,0.7315624133599302,0.7305189266410413,0.7301646445810718,0.0013100833916213164,17,0.004466586497165435,0.0030959752321981426,0.004815133276010318,0.004125898335124632,0.0007420365726463361,25,0.00224408769204212,0.001553867403314917,0.0024171270718232043,0.0020716940557267472,0.0003729110601736803,25,0.4642857142857143,0.4090909090909091,0.6086956521739131,0.4940240918501788,0.08415775539795481,21,
SMOTE,XGBoost,10.439769188563028,0.30956726624432684,0.9648653666178385,0.0079990439930567,0.8,0,0.1,3,1,100,0.0,5,0.8,"{'model__colsample_bytree': 0.8, 'model__gamma': 0, 'model__learning_rate': 0.1, 'model__max_depth': 3, 'model__min_child_weight': 1, 'model__n_estimators': 100, 'model__reg_alpha': 0, 'model__reg_lambda': 5, 'model__subsample': 0.8}",0.20544982664900513,0.20380936042694564,0.2029693016075803,0.20407616289451036,0.0010300934545978075,15,0.7289894280198692,0.731145403710268,0.7300775949512345,0.7300708088937906,0.0008801864697624768,20,0.007205352547606794,0.0027529249827942187,0.003441748408191361,0.004466675312864124,0.0019568485165212765,18,0.0036250647332988087,0.0013812154696132596,0.0017265193370165745,0.0022442665133095476,0.0009864959818992524,18,0.5833333333333334,0.4,0.5263157894736842,0.5032163742690058,0.07660707110476757,14,
SMOTE,XGBoost,10.403240521748861,0.09861757425264475,0.9492763678232828,0.00953826315277171,0.8,0,0.1,3,1,100,0.1,1,0.8,"{'model__colsample_bytree': 0.8, 'model__gamma': 0, 'model__learning_rate': 0.1, 'model__max_depth': 3, 'model__min_child_weight': 1, 'model__n_estimators': 100, 'model__reg_alpha': 0.1, 'model__reg_lambda': 1, 'model__subsample': 0.8}",0.202808763838386,0.2021787871568937,0.2024044519275422,0.20246400097427397,0.00026061110430551876,24,0.7284125754227332,0.7315609946615058,0.7302062842476941,0.7300599514439777,0.001289494963891167,22,0.004466586497165435,0.0030959752321981426,0.004472733528298641,0.004011765085887406,0.0006475660782695414,27,0.00224408769204212,0.001553867403314917,0.002244475138121547,0.002014143411159528,0.00032546432480037434,27,0.4642857142857143,0.4090909090909091,0.6190476190476191,0.49747474747474746,0.08886915084166747,18,
SMOTE,XGBoost,10.282015562057495,0.12014896076422588,0.9629329840342203,0.01782069094978862,0.8,0,0.1,3,1,100,0.1,5,0.8,"{'model__colsample_bytree': 0.8, 'model__gamma': 0, 'model__learning_rate': 0.1, 'model__max_depth': 3, 'model__min_child_weight': 1, 'model__n_estimators': 100, 'model__reg_alpha': 0.1, 'model__reg_lambda': 5, 'model__subsample': 0.8}",0.20546854425471645,0.20380497527380548,0.2029567136218426,0.20407674438345483,0.0010433015284121124,14,0.7289886114931166,0.7311450438006125,0.7300766264670703,0.7300700939202663,0.0008803719213411623,21,0.007205352547606794,0.0027529249827942187,0.003441748408191361,0.004466675312864124,0.0019568485165212765,18,0.0036250647332988087,0.0013812154696132596,0.0017265193370165745,0.0022442665133095476,0.0009864959818992524,18,0.5833333333333334,0.4,0.5263157894736842,0.5032163742690058,0.07660707110476757,14,
SMOTE,XGBoost,15.185635328292847,0.28527434219803716,0.9696489969889323,0.009262053964533718,0.8,0,0.1,3,1,200,0.0,1,0.8,"{'model__colsample_bytree': 0.8, 'model__gamma': 0, 'model__learning_rate': 0.1, 'model__max_depth': 3, 'model__min_child_weight': 1, 'model__n_estimators': 200, 'model__reg_alpha': 0, 'model__reg_lambda': 1, 'model__subsample': 0.8}",0.2234783180562983,0.22749295593576635,0.2294126283575355,0.22679463411653336,0.0024724818449289787,5,0.7427107727724339,0.7466458919833383,0.7464213607087336,0.745259341821502,0.0018044402126826799,2,0.02724062552547503,0.023330515638207944,0.023011844331641287,0.024527661831774752,0.0019227613568180368,1,0.013982392542723977,0.011912983425414365,0.011740331491712707,0.01254523581995035,0.00101866473284485,1,0.525974025974026,0.5609756097560976,0.576271186440678,0.5544069407236005,0.021052500206165538,4,
SMOTE,XGBoost,15.462820291519165,0.32799976752866555,0.9936907291412354,0.016662615546958425,0.8,0,0.1,3,1,200,0.0,5,0.8,"{'model__colsample_bytree': 0.8, 'model__gamma': 0, 'model__learning_rate': 0.1, 'model__max_depth': 3, 'model__min_child_weight': 1, 'model__n_estimators': 200, 'model__reg_alpha': 0, 'model__reg_lambda': 5, 'model__subsample': 0.8}",0.22449322859448256,0.22776208150856173,0.2296818900582,0.2273124000537481,0.0021419947096680807,4,0.742615201194809,0.7455065083182844,0.7466397342563215,0.7449204812564716,0.0016944590835395426,8,0.0246330352623587,0.024687182955698342,0.01966101694915254,0.022993745055736526,0.0023566983214495458,8,0.012601415501467287,0.012603591160220995,0.010013812154696133,0.011739606272128139,0.001220321046608894,8,0.5447761194029851,0.5983606557377049,0.5370370370370371,0.5600579373925757,0.02726777125028074,2,
SMOTE,XGBoost,15.37140417098999,0.2488877043161199,0.9708646138509115,0.002488690790763195,0.8,0,0.1,3,1,200,0.1,1,0.8,"{'model__colsample_bytree': 0.8, 'model__gamma': 0, 'model__learning_rate': 0.1, 'model__max_depth': 3, 'model__min_child_weight': 1, 'model__n_estimators': 200, 'model__reg_alpha': 0.1, 'model__reg_lambda': 1, 'model__subsample': 0.8}",0.22341820701635395,0.22750196289522961,0.22859571654679764,0.22650529548612708,0.0022281024329735806,7,0.7429090762392077,0.7464074119192445,0.7462140265718551,0.7451768382434357,0.0016054922098869952,4,0.028883291351805205,0.021658206429780034,0.02201151371486624,0.024184337165483825,0.0033257915692642913,2,0.014845503193509408,0.011049723756906077,0.011222375690607736,0.012372534213674407,0.001750073113515043,2,0.5308641975308642,0.5423728813559322,0.5701754385964912,0.5478041724944293,0.01650187082531951,5,
SMOTE,XGBoost,16.17694918314616,0.8858827579248263,1.0314573446909587,0.05606837443881263,0.8,0,0.1,3,1,200,0.1,5,0.8,"{'model__colsample_bytree': 0.8, 'model__gamma': 0, 'model__learning_rate': 0.1, 'model__max_depth': 3, 'model__min_child_weight': 1, 'model__n_estimators': 200, 'model__reg_alpha': 0.1, 'model__reg_lambda': 5, 'model__subsample': 0.8}",0.2243655476599196,0.2286828120135982,0.2298490273559557,0.22763246234315782,0.002358610214632859,2,0.7424898041455901,0.7461270946480204,0.7467581288278682,0.7451250092071596,0.0018810954825003974,6,0.024299696253796826,0.023692672194956844,0.019657685138112186,0.022550017862288618,0.002060147404517298,10,0.012428793371310202,0.012085635359116022,0.010013812154696133,0.01150941362837412,0.0010667886955356835,10,0.5413533834586466,0.5982905982905983,0.5321100917431193,0.557251357830788,0.02926344766169538,3,
SMOTE,XGBoost,10.799546003341675,0.2804116136358589,1.0297411282857258,0.11661280313487822,0.8,1,0.05,3,1,100,0.0,1,0.8,"{'model__colsample_bytree': 0.8, 'model__gamma': 1, 'model__learning_rate': 0.05, 'model__max_depth': 3, 'model__min_child_weight': 1, 'model__n_estimators': 100, 'model__reg_alpha': 0, 'model__reg_lambda': 1, 'model__subsample': 0.8}",0.18431888349697678,0.17999247907136706,0.18196917294702633,0.1820935118384567,0.0017684341347503725,28,0.7162373450130157,0.7168365265739491,0.716672406462229,0.7165820926830646,0.00025281359374166245,28,0.026861217045266124,0.01749957933703517,0.022029372496662217,0.022130056292987837,0.003822535638828834,12,0.013982392542723977,0.008977900552486187,0.011395027624309393,0.011451773573173186,0.002043469288101795,13,0.3403361344537815,0.3443708609271523,0.33,0.33823566512697795,0.006051963289793931,27,
SMOTE,XGBoost,11.281630833943685,0.8950847981215844,1.0590000947316487,0.043054883517863865,0.8,1,0.05,3,1,100,0.0,5,0.8,"{'model__colsample_bytree': 0.8, 'model__gamma': 1, 'model__learning_rate': 0.05, 'model__max_depth': 3, 'model__min_child_weight': 1, 'model__n_estimators': 100, 'model__reg_alpha': 0, 'model__reg_lambda': 5, 'model__subsample': 0.8}",0.18325922104858156,0.17944596564860205,0.1817771161957457,0.18149410096430976,0.0015695652056725298,32,0.7157849447017726,0.7162595861609582,0.7163373083238963,0.7161272797288757,0.0002441381258484866,32,0.022700717743281588,0.021739130434782608,0.018738497574033796,0.021059448584032664,0.001687458193275249,15,0.011738304850681858,0.011222375690607736,0.009668508287292817,0.010876396276194139,0.0008796934200249362,15,0.3434343434343434,0.34574468085106386,0.3027027027027027,0.33062724232936996,0.019768145247101597,30,
SMOTE,XGBoost,11.150531927744547,0.3781349410278592,1.0620083808898926,0.0859004378938053,0.8,1,0.05,3,1,100,0.1,1,0.8,"{'model__colsample_bytree': 0.8, 'model__gamma': 1, 'model__learning_rate': 0.05, 'model__max_depth': 3, 'model__min_child_weight': 1, 'model__n_estimators': 100, 'model__reg_alpha': 0.1, 'model__reg_lambda': 1, 'model__subsample': 0.8}",0.18495187055784487,0.17999202447921558,0.18196852699552477,0.18230414067752843,0.002038708036737092,25,0.7167551211144711,0.7168369885670707,0.7166733422273335,0.7167551506362918,6.68083416997169e-05,25,0.02976190476190476,0.01749957933703517,0.022029372496662217,0.02309695219853405,0.005062670640497784,6,0.015535991714137753,0.008977900552486187,0.011395027624309393,0.011969639963644444,0.002707985035227013,5,0.35294117647058826,0.3443708609271523,0.33,0.3424373457992469,0.009464961877931586,25,
SMOTE,XGBoost,10.896114667256674,0.2560315014157677,1.0169200897216797,0.0821867943187139,0.8,1,0.05,3,1,100,0.1,5,0.8,"{'model__colsample_bytree': 0.8, 'model__gamma': 1, 'model__learning_rate': 0.05, 'model__max_depth': 3, 'model__min_child_weight': 1, 'model__n_estimators': 100, 'model__reg_alpha': 0.1, 'model__reg_lambda': 5, 'model__subsample': 0.8}",0.18358487405538562,0.1794912878457237,0.18177704506227452,0.1816177356544613,0.0016749918665567487,30,0.7166155578495073,0.7162542581892928,0.7163384417121208,0.7164027525836403,0.00015435084982914774,30,0.025909317389138018,0.021735495736498914,0.018738497574033796,0.022127770233223574,0.0029405865249139533,14,0.013464526152252718,0.011222375690607736,0.009668508287292817,0.011451803376717756,0.0015581860618764437,12,0.34210526315789475,0.3439153439153439,0.3027027027027027,0.32957443659198044,0.0190155490717332,32,
SMOTE,XGBoost,18.185640335083008,0.5458646015306085,1.0917280515034993,0.0924372400805254,0.8,1,0.05,3,1,200,0.0,1,0.8,"{'model__colsample_bytree': 0.8, 'model__gamma': 1, 'model__learning_rate': 0.05, 'model__max_depth': 3, 'model__min_child_weight': 1, 'model__n_estimators': 200, 'model__reg_alpha': 0, 'model__reg_lambda': 1, 'model__subsample': 0.8}",0.204539024573246,0.2032091832742472,0.20435407731721245,0.2040340950549019,0.0005881671850053879,16,0.728975216005348,0.7314244383943559,0.7315489226372756,0.7306495256789932,0.0011850059758302617,13,0.005835907998626845,0.0027519779841761265,0.003443526170798898,0.004010470717867289,0.0013212937279034362,28,0.0029345762126704645,0.0013812154696132596,0.0017265193370165745,0.0020141036731000993,0.0006659634435854365,28,0.5151515151515151,0.36363636363636365,0.625,0.5012626262626263,0.10715227024887436,16,
SMOTE,XGBoost,16.74844702084859,0.8458216208101044,1.0553592840830486,0.09279195233972196,0.8,1,0.05,3,1,200,0.0,5,0.8,"{'model__colsample_bytree': 0.8, 'model__gamma': 1, 'model__learning_rate': 0.05, 'model__max_depth': 3, 'model__min_child_weight': 1, 'model__n_estimators': 200, 'model__reg_alpha': 0, 'model__reg_lambda': 5, 'model__subsample': 0.8}",0.20549399188375353,0.2034623317835459,0.20436900394528368,0.20444177587086101,0.0008310164481156414,9,0.7295513305879191,0.7309534907205606,0.7315723102210783,0.7306923771765194,0.0008454682653505842,10,0.0068634179821551134,0.002409223885733953,0.003785923249010497,0.004352855038966521,0.0018620812733776033,21,0.0034524426031417228,0.0012085635359116022,0.001899171270718232,0.0021867258032571856,0.0009383545967902722,21,0.5714285714285714,0.3684210526315789,0.5789473684210527,0.506265664160401,0.09751918024232442,12,
SMOTE,XGBoost,16.125104904174805,0.1920526528039221,1.0105510552724202,0.010499997284576965,0.8,1,0.05,3,1,200,0.1,1,0.8,"{'model__colsample_bytree': 0.8, 'model__gamma': 1, 'model__learning_rate': 0.05, 'model__max_depth': 3, 'model__min_child_weight': 1, 'model__n_estimators': 200, 'model__reg_alpha': 0.1, 'model__reg_lambda': 1, 'model__subsample': 0.8}",0.20577402682454898,0.20320135716306634,0.20336136732798948,0.20411225043853495,0.0011768677017278018,12,0.7294992783159702,0.7314235340395485,0.731094450973133,0.7306724211095506,0.0008403459314463124,11,0.0048134777376654635,0.0027519779841761265,0.003787226717163023,0.0037842274796682043,0.0008416064222577803,30,0.002416709822199206,0.0013812154696132596,0.001899171270718232,0.0018990321875102325,0.00042273881066796714,30,0.5833333333333334,0.36363636363636365,0.6470588235294118,0.5313428401663697,0.12140656552198129,9,
SMOTE,XGBoost,17.112277189890545,0.5629917147449155,1.0993640422821045,0.03743644347538967,0.8,1,0.05,3,1,200,0.1,5,0.8,"{'model__colsample_bytree': 0.8, 'model__gamma': 1, 'model__learning_rate': 0.05, 'model__max_depth': 3, 'model__min_child_weight': 1, 'model__n_estimators': 200, 'model__reg_alpha': 0.1, 'model__reg_lambda': 5, 'model__subsample': 0.8}",0.20477728744762633,0.20330638068860413,0.20359443428152835,0.2038927008059196,0.0006364557398141822,18,0.7291628261121487,0.7307623642970459,0.7315102945155108,0.7304784949749017,0.000979145314457718,14,0.004468121670390101,0.0034381983840467596,0.0030991735537190084,0.0036684978693852896,0.0005821128906805661,31,0.00224408769204212,0.0017265193370165745,0.001553867403314917,0.0018414914774578701,0.0002932745659513233,31,0.5,0.4,0.5625,0.4875,0.0669265766842042,22,
SMOTE,XGBoost,10.725537538528442,0.0848753595795878,0.9782671133677164,0.03311221391939346,0.8,1,0.1,3,1,100,0.0,1,0.8,"{'model__colsample_bytree': 0.8, 'model__gamma': 1, 'model__learning_rate': 0.1, 'model__max_depth': 3, 'model__min_child_weight': 1, 'model__n_estimators': 100, 'model__reg_alpha': 0, 'model__reg_lambda': 1, 'model__subsample': 0.8}",0.20322987943105303,0.202182576274372,0.20222591294889733,0.20254612288477414,0.0004838124828031175,23,0.72854861218193,0.7315617707575996,0.7302111829452975,0.7301071886282756,0.0012323128022847917,18,0.005151983513652756,0.0030959752321981426,0.004472733528298641,0.004240230758049846,0.0008553111196060029,22,0.002589331952356292,0.001553867403314917,0.002244475138121547,0.002129224831264252,0.00043051030417663646,22,0.5,0.4090909090909091,0.6190476190476191,0.5093795093795094,0.0859706787655409,10,
SMOTE,XGBoost,11.342867692311605,0.7565419967818993,0.9567917982737223,0.048740570344417436,0.8,1,0.1,3,1,100,0.0,5,0.8,"{'model__colsample_bytree': 0.8, 'model__gamma': 1, 'model__learning_rate': 0.1, 'model__max_depth': 3, 'model__min_child_weight': 1, 'model__n_estimators': 100, 'model__reg_alpha': 0, 'model__reg_lambda': 5, 'model__subsample': 0.8}",0.20338209829660941,0.20380785995909195,0.20410729733056096,0.20376575186208745,0.0002975547328767933,19,0.7281133497727386,0.7311424629211911,0.7298066013032343,0.729687471332388,0.0012394960209691187,24,0.005494505494505495,0.0027529249827942187,0.005840920803985569,0.004696117093761761,0.0013813031472141115,17,0.002761954082513378,0.0013812154696132596,0.0029350828729281767,0.0023594174750182716,0.0006952950294905575,17,0.5161290322580645,0.4,0.5862068965517241,0.5007786429365962,0.07678966041552124,17,
SMOTE,XGBoost,10.718063433965048,0.2984859748437858,1.0116198062896729,0.053564018855517544,0.8,1,0.1,3,1,100,0.1,1,0.8,"{'model__colsample_bytree': 0.8, 'model__gamma': 1, 'model__learning_rate': 0.1, 'model__max_depth': 3, 'model__min_child_weight': 1, 'model__n_estimators': 100, 'model__reg_alpha': 0.1, 'model__reg_lambda': 1, 'model__subsample': 0.8}",0.2032297930914888,0.20217906342223352,0.20240368072052153,0.2026041790780813,0.00045178011096952305,22,0.7285482693453769,0.7315605967977412,0.7302049820291219,0.7301046160574133,0.0012318236254363487,19,0.005151983513652756,0.0030959752321981426,0.004472733528298641,0.004240230758049846,0.0008553111196060029,22,0.002589331952356292,0.001553867403314917,0.002244475138121547,0.002129224831264252,0.00043051030417663646,22,0.5,0.4090909090909091,0.6190476190476191,0.5093795093795094,0.0859706787655409,10,
SMOTE,XGBoost,10.8915376663208,0.4137181954221731,1.0582834879557292,0.03951059670001247,0.8,1,0.1,3,1,100,0.1,5,0.8,"{'model__colsample_bytree': 0.8, 'model__gamma': 1, 'model__learning_rate': 0.1, 'model__max_depth': 3, 'model__min_child_weight': 1, 'model__n_estimators': 100, 'model__reg_alpha': 0.1, 'model__reg_lambda': 5, 'model__subsample': 0.8}",0.20336559399123075,0.20379984968648518,0.20295598746542265,0.20337381038104618,0.000344554295508798,20,0.7281175096101535,0.7311380026589864,0.730075462977311,0.7297769917488169,0.001251041797913774,23,0.005494505494505495,0.0027529249827942187,0.003441748408191361,0.0038963929618303582,0.0011645005161481517,29,0.002761954082513378,0.0013812154696132596,0.0017265193370165745,0.0019565629630477377,0.0005866855101310014,29,0.5161290322580645,0.4,0.5263157894736842,0.48081494057724955,0.05729591882511224,23,
SMOTE,XGBoost,15.840428988138834,0.5030079574103046,0.9687453905741373,0.016534357616759757,0.8,1,0.1,3,1,200,0.0,1,0.8,"{'model__colsample_bytree': 0.8, 'model__gamma': 1, 'model__learning_rate': 0.1, 'model__max_depth': 3, 'model__min_child_weight': 1, 'model__n_estimators': 200, 'model__reg_alpha': 0, 'model__reg_lambda': 1, 'model__subsample': 0.8}",0.22387146090737664,0.22685804803845927,0.22899676609292507,0.2265754250129203,0.002101918987049058,6,0.7433830687106215,0.7461078270482026,0.746391927951479,0.7452942745701009,0.0013563945367019126,1,0.027263547627061596,0.02098849018280298,0.019664349889811833,0.022638795899892136,0.0033145721978709254,9,0.013982392542723977,0.010704419889502763,0.010013812154696133,0.011566874862307624,0.0017311420140371082,9,0.5436241610738255,0.5344827586206896,0.5420560747663551,0.5400543314869567,0.003991369173605473,6,
SMOTE,XGBoost,16.621230999628704,0.359656678191157,1.0428452491760254,0.006530349350330514,0.8,1,0.1,3,1,200,0.0,5,0.8,"{'model__colsample_bytree': 0.8, 'model__gamma': 1, 'model__learning_rate': 0.1, 'model__max_depth': 3, 'model__min_child_weight': 1, 'model__n_estimators': 200, 'model__reg_alpha': 0, 'model__reg_lambda': 5, 'model__subsample': 0.8}",0.2257547778920726,0.22828484270937713,0.22957732620652027,0.22787231560265667,0.001587577371218182,1,0.7431995700253866,0.7455289104040117,0.7461724484996767,0.7449669763096917,0.0012770614839006421,7,0.02528658125421443,0.02503806462527491,0.020338983050847456,0.023554542976778933,0.002276006642734477,4,0.01294665976178146,0.012776243093922652,0.010359116022099447,0.01202733962593452,0.0011816620933993449,4,0.539568345323741,0.6218487394957983,0.5555555555555556,0.5723242134583649,0.0356221535206522,1,
SMOTE,XGBoost,16.483845074971516,0.07513213735903175,1.0414435863494873,0.06198764203747844,0.8,1,0.1,3,1,200,0.1,1,0.8,"{'model__colsample_bytree': 0.8, 'model__gamma': 1, 'model__learning_rate': 0.1, 'model__max_depth': 3, 'model__min_child_weight': 1, 'model__n_estimators': 200, 'model__reg_alpha': 0.1, 'model__reg_lambda': 1, 'model__subsample': 0.8}",0.22359763697702711,0.22664630535359043,0.22873642752530401,0.22632678995197386,0.002110033118802902,8,0.7433033134132211,0.7459741474407727,0.7461426087173207,0.7451400231904381,0.0013005695943746358,5,0.027553763440860215,0.02098138747884941,0.021009827177228057,0.023181659365645896,0.0030915662414047486,5,0.014155014672881064,0.010704419889502763,0.010704419889502763,0.011854618150628863,0.0016266259803024816,7,0.5157232704402516,0.5254237288135594,0.5636363636363636,0.5349277876300582,0.020682705744904058,7,
SMOTE,XGBoost,15.983487447102865,0.7182036194255297,1.0273972352345784,0.061072140918023994,0.8,1,0.1,3,1,200,0.1,5,0.8,"{'model__colsample_bytree': 0.8, 'model__gamma': 1, 'model__learning_rate': 0.1, 'model__max_depth': 3, 'model__min_child_weight': 1, 'model__n_estimators': 200, 'model__reg_alpha': 0.1, 'model__reg_lambda': 5, 'model__subsample': 0.8}",0.2245809849371304,0.2278773381274753,0.2296359292666713,0.2273647507770923,0.00209526050687719,3,0.7430019849451309,0.7459962092482804,0.7466731116234014,0.7452237686056042,0.0015951575014860463,3,0.024911631038545698,0.02233880521238788,0.019993222636394442,0.022414552962442675,0.00200864607697437,11,0.012774037631624375,0.011395027624309393,0.01018646408839779,0.011451843114777186,0.001057136134522376,11,0.5,0.5641025641025641,0.5363636363636364,0.5334887334887335,0.026248599721838222,8,
BorderlineSMOTE,XGBoost,15.442750295003256,0.3423171472116591,0.9508367379506429,0.04365991276577616,0.8,0,0.05,3,1,100,0.0,1,0.8,"{'model__colsample_bytree': 0.8, 'model__gamma': 0, 'model__learning_rate': 0.05, 'model__max_depth': 3, 'model__min_child_weight': 1, 'model__n_estimators': 100, 'model__reg_alpha': 0, 'model__reg_lambda': 1, 'model__subsample': 0.8}",0.18616464012796974,0.18374549192196724,0.18452954278845363,0.1848132249461302,0.001007778476183898,32,0.718694062029025,0.7212579682688989,0.7200350816374564,0.71999570397846,0.001047080624637571,29,0.029781601588352084,0.024548017913418478,0.03067282321899736,0.02833414757358931,0.0027018083267139766,8,0.015535991714137753,0.012776243093922652,0.016056629834254144,0.014789621547438183,0.001439452583644219,8,0.35856573705179284,0.31223628691983124,0.34191176470588236,0.3375712628925022,0.019161323099348627,32,
BorderlineSMOTE,XGBoost,15.511820952097574,0.2741572192103088,0.961164395014445,0.0319841667457554,0.8,0,0.05,3,1,100,0.0,5,0.8,"{'model__colsample_bytree': 0.8, 'model__gamma': 0, 'model__learning_rate': 0.05, 'model__max_depth': 3, 'model__min_child_weight': 1, 'model__n_estimators': 100, 'model__reg_alpha': 0, 'model__reg_lambda': 5, 'model__subsample': 0.8}",0.18641515354535707,0.18410874599736937,0.1844390308428865,0.184987643461871,0.0010183682368165965,29,0.7192346904112646,0.7208065839752202,0.719884046532052,0.7199751069728456,0.0006449451382401488,30,0.037073490813648295,0.03040819699223269,0.034171184491539344,0.03388429076580678,0.0027286463602366156,2,0.019506300707750734,0.015883977900552487,0.017955801104972375,0.017782026571091864,0.001483903370923275,1,0.37293729372937295,0.3552123552123552,0.3525423728813559,0.3602306739410281,0.00905081363731575,26,
BorderlineSMOTE,XGBoost,14.971914370854696,0.5697573972326467,0.9190192222595215,0.012519339566773842,0.8,0,0.05,3,1,100,0.1,1,0.8,"{'model__colsample_bytree': 0.8, 'model__gamma': 0, 'model__learning_rate': 0.05, 'model__max_depth': 3, 'model__min_child_weight': 1, 'model__n_estimators': 100, 'model__reg_alpha': 0.1, 'model__reg_lambda': 1, 'model__subsample': 0.8}",0.18647762723140837,0.1853170025680683,0.18463018403387293,0.18547493794444989,0.0007624387535466182,25,0.7187801401746132,0.7215086263669761,0.7200348172674549,0.7201078612696814,0.0011150966460878834,26,0.030753968253968252,0.031657048639736195,0.031327287716405604,0.031246101536703347,0.00037312369943552577,5,0.01605385810460901,0.016574585635359115,0.01640193370165746,0.016343459147208528,0.000216569843174246,5,0.36470588235294116,0.3516483516483517,0.34798534798534797,0.3547798606622136,0.007176295651304142,29,
BorderlineSMOTE,XGBoost,15.221893628438314,0.08244948275928303,0.9464766184488932,0.015614140468798655,0.8,0,0.05,3,1,100,0.1,5,0.8,"{'model__colsample_bytree': 0.8, 'model__gamma': 0, 'model__learning_rate': 0.05, 'model__max_depth': 3, 'model__min_child_weight': 1, 'model__n_estimators': 100, 'model__reg_alpha': 0.1, 'model__reg_lambda': 5, 'model__subsample': 0.8}",0.18641743910684158,0.1841053457684096,0.18542670791130916,0.18531649759552007,0.00094711971671489,28,0.7192361926111239,0.7208075668557706,0.7205525898418261,0.7201987831029069,0.0006885679151026662,25,0.037073490813648295,0.03040819699223269,0.03258186605232845,0.03335451795273648,0.0027754013104238176,4,0.019506300707750734,0.015883977900552487,0.01709254143646409,0.017494273348255773,0.0015058435125871025,4,0.37293729372937295,0.3552123552123552,0.3473684210526316,0.35850602333145326,0.010695107908102179,28,
BorderlineSMOTE,XGBoost,21.227662642796833,0.5289624558871537,1.0086619853973389,0.026998205021263193,0.8,0,0.05,3,1,200,0.0,1,0.8,"{'model__colsample_bytree': 0.8, 'model__gamma': 0, 'model__learning_rate': 0.05, 'model__max_depth': 3, 'model__min_child_weight': 1, 'model__n_estimators': 200, 'model__reg_alpha': 0, 'model__reg_lambda': 1, 'model__subsample': 0.8}",0.20777238240804657,0.20647453680688166,0.20499254461041172,0.20641315460844667,0.0011356937310159475,16,0.7315512951004104,0.7338925836414335,0.7333999052770137,0.7329479280062858,0.0010078427780900727,16,0.008908685968819599,0.006516892471274224,0.0065236051502145925,0.007316394530102806,0.001125923408991552,32,0.00448817538408424,0.0032803867403314916,0.0032803867403314916,0.003682982954915741,0.0005693570268251143,32,0.5909090909090909,0.48717948717948717,0.5757575757575758,0.5512820512820512,0.045747467297758,6,
BorderlineSMOTE,XGBoost,21.206284125645954,0.30903994507111365,0.9851852258046468,0.027975463583868022,0.8,0,0.05,3,1,200,0.0,5,0.8,"{'model__colsample_bytree': 0.8, 'model__gamma': 0, 'model__learning_rate': 0.05, 'model__max_depth': 3, 'model__min_child_weight': 1, 'model__n_estimators': 200, 'model__reg_alpha': 0, 'model__reg_lambda': 5, 'model__subsample': 0.8}",0.20759185499337357,0.20742508806410395,0.20664584475775669,0.20722092927174474,0.0004123060763123744,14,0.7314480411052129,0.7350037085090912,0.7335185851587602,0.7333234449243548,0.0014581386433997802,12,0.007540702656383891,0.010942041374593947,0.007209062821833162,0.008563935617603666,0.0016870163975764919,18,0.003797686863455895,0.0055248618784530384,0.0036256906077348065,0.00431607978321458,0.0008576173557487926,18,0.5238095238095238,0.5614035087719298,0.6176470588235294,0.5676200304683277,0.03856038209421272,1,
BorderlineSMOTE,XGBoost,19.77381769816081,0.22792451376755277,0.9199190139770508,0.003478215988931267,0.8,0,0.05,3,1,200,0.1,1,0.8,"{'model__colsample_bytree': 0.8, 'model__gamma': 0, 'model__learning_rate': 0.05, 'model__max_depth': 3, 'model__min_child_weight': 1, 'model__n_estimators': 200, 'model__reg_alpha': 0.1, 'model__reg_lambda': 1, 'model__subsample': 0.8}",0.20923147588524804,0.208772565226289,0.2059979112748732,0.20800065079547006,0.0014284896309848857,9,0.7316680584260484,0.7354386717611376,0.7337762974860873,0.7336276758910912,0.00154292957596095,9,0.008567511994516792,0.008567511994516792,0.00720164609053498,0.008112223359856188,0.0006438753619313554,25,0.004315553253927153,0.004316298342541437,0.0036256906077348065,0.004085847401401132,0.00032538013139220805,25,0.5813953488372093,0.5681818181818182,0.525,0.5581923890063426,0.024082502140994617,2,
BorderlineSMOTE,XGBoost,21.711442708969116,0.6561848057344718,1.0110104878743489,0.025447002973110158,0.8,0,0.05,3,1,200,0.1,5,0.8,"{'model__colsample_bytree': 0.8, 'model__gamma': 0, 'model__learning_rate': 0.05, 'model__max_depth': 3, 'model__min_child_weight': 1, 'model__n_estimators': 200, 'model__reg_alpha': 0.1, 'model__reg_lambda': 5, 'model__subsample': 0.8}",0.20778696722662923,0.2082873661876694,0.2060612526974241,0.2073785287039076,0.0009535938471541345,13,0.7315234298164375,0.7347752326246612,0.7333412727222091,0.7332133117211025,0.001330622884027373,14,0.006516892471274224,0.010263427984946972,0.005494505494505495,0.007424941983575563,0.002050052172921892,31,0.003279820472984637,0.0051795580110497235,0.0027624309392265192,0.00374060314108696,0.0010391876060182063,31,0.5,0.5555555555555556,0.5,0.5185185185185185,0.026189140043946214,15,
BorderlineSMOTE,XGBoost,15.538623968760172,0.5224887278892948,0.9260034561157227,0.020278033516387992,0.8,0,0.1,3,1,100,0.0,1,0.8,"{'model__colsample_bytree': 0.8, 'model__gamma': 0, 'model__learning_rate': 0.1, 'model__max_depth': 3, 'model__min_child_weight': 1, 'model__n_estimators': 100, 'model__reg_alpha': 0, 'model__reg_lambda': 1, 'model__subsample': 0.8}",0.20643568224453135,0.20451413674437674,0.20417918973199323,0.20504300290696711,0.000994221363089376,18,0.7301439798372327,0.7330865129628203,0.7325138914656966,0.7319147947552498,0.0012737903935750815,22,0.010233668770254136,0.0075303782303611155,0.005493562231759657,0.007752536410791637,0.0019415059776573232,29,0.005178663904712584,0.003798342541436464,0.0027624309392265192,0.003913145795125189,0.0009897576390775454,29,0.42857142857142855,0.43137254901960786,0.48484848484848486,0.4482641541465071,0.025894291631233537,24,
BorderlineSMOTE,XGBoost,15.16681973139445,0.09047073613044174,0.9490333398183187,0.029512105773610017,0.8,0,0.1,3,1,100,0.0,5,0.8,"{'model__colsample_bytree': 0.8, 'model__gamma': 0, 'model__learning_rate': 0.1, 'model__max_depth': 3, 'model__min_child_weight': 1, 'model__n_estimators': 100, 'model__reg_alpha': 0, 'model__reg_lambda': 5, 'model__subsample': 0.8}",0.2068309732883702,0.20532279378113466,0.20311186085961008,0.2050885426430383,0.0015273298074775362,17,0.7310643297985052,0.7338493787776117,0.7316270086361565,0.7321802390707578,0.0012024065838510073,17,0.011608057357459884,0.00888585099111415,0.005149330587023687,0.008547746311865908,0.0026475805249805548,22,0.005869152425340929,0.004488950276243094,0.0025897790055248618,0.004315960569036295,0.0013443750929331819,22,0.5230769230769231,0.43333333333333335,0.4411764705882353,0.4658622423328305,0.040583399479640535,23,
BorderlineSMOTE,XGBoost,15.284072955449423,0.3080361389260453,1.0058716138203938,0.05614947668338134,0.8,0,0.1,3,1,100,0.1,1,0.8,"{'model__colsample_bytree': 0.8, 'model__gamma': 0, 'model__learning_rate': 0.1, 'model__max_depth': 3, 'model__min_child_weight': 1, 'model__n_estimators': 100, 'model__reg_alpha': 0.1, 'model__reg_lambda': 1, 'model__subsample': 0.8}",0.20644652549636391,0.20408726037670633,0.20414596596816945,0.20489325061374655,0.0010985926549741478,23,0.7301673725435761,0.7330676955772626,0.7321726840245553,0.7318025840484648,0.0012126277030096776,23,0.010233668770254136,0.008560178051703475,0.006178136262227562,0.008323994361395056,0.0016640659106719816,23,0.005178663904712584,0.004316298342541437,0.003107734806629834,0.004200899017961285,0.0008493819656694016,23,0.42857142857142855,0.5102040816326531,0.5142857142857142,0.4843537414965986,0.03947923300284874,17,
BorderlineSMOTE,XGBoost,15.592106739679972,0.3049617574835984,0.9895369211832682,0.003897068166607534,0.8,0,0.1,3,1,100,0.1,5,0.8,"{'model__colsample_bytree': 0.8, 'model__gamma': 0, 'model__learning_rate': 0.1, 'model__max_depth': 3, 'model__min_child_weight': 1, 'model__n_estimators': 100, 'model__reg_alpha': 0.1, 'model__reg_lambda': 5, 'model__subsample': 0.8}",0.20691517750940364,0.20477300776521296,0.20310766597859137,0.20493195041773596,0.0015584678564561176,22,0.7310133806227943,0.7336255961150906,0.7316253609043151,0.7320881125473999,0.0011155034011397515,19,0.011266643905769888,0.009229191591180994,0.005149330587023687,0.008548388694658189,0.002543357360899538,19,0.005696530295183843,0.004661602209944752,0.0025897790055248618,0.004315970503551152,0.0012916583271897278,19,0.5076923076923077,0.4576271186440678,0.4411764705882353,0.4688319656415369,0.02828722436709303,20,
BorderlineSMOTE,XGBoost,20.278413613637287,0.4601319235917607,0.964202086130778,0.02764345890106549,0.8,0,0.1,3,1,200,0.0,1,0.8,"{'model__colsample_bytree': 0.8, 'model__gamma': 0, 'model__learning_rate': 0.1, 'model__max_depth': 3, 'model__min_child_weight': 1, 'model__n_estimators': 200, 'model__reg_alpha': 0, 'model__reg_lambda': 1, 'model__subsample': 0.8}",0.2260599898653828,0.22705941768240057,0.22904694597461422,0.22738878450746589,0.001241461122685393,2,0.7429251228218494,0.7469029159016514,0.7461610347829256,0.7453296911688088,0.0017270511669663367,6,0.028801071667782986,0.025943396226415096,0.025965267239925812,0.026903245044707966,0.00134199577837072,10,0.014845503193509408,0.013294198895027625,0.013294198895027625,0.013811300327854886,0.0007312918594268722,10,0.48044692737430167,0.5347222222222222,0.5539568345323741,0.5230419947096326,0.031126059806925958,13,
BorderlineSMOTE,XGBoost,21.464061498641968,0.647667128041424,0.999029795328776,0.024664816872356887,0.8,0,0.1,3,1,200,0.0,5,0.8,"{'model__colsample_bytree': 0.8, 'model__gamma': 0, 'model__learning_rate': 0.1, 'model__max_depth': 3, 'model__min_child_weight': 1, 'model__n_estimators': 200, 'model__reg_alpha': 0, 'model__reg_lambda': 5, 'model__subsample': 0.8}",0.22602726014255442,0.22580964853209695,0.22949619671774896,0.2271110351308001,0.0016889021187630996,5,0.7436187609897434,0.7470943943822475,0.746072171125812,0.7455951088326009,0.001458469104569371,1,0.028150134048257374,0.026545698924731184,0.02233502538071066,0.025676952784566404,0.002452197938704872,14,0.014500258933195235,0.013639502762430939,0.011395027624309393,0.013178263106645188,0.001308987365733079,12,0.48,0.49375,0.559322033898305,0.511024011299435,0.0346101128306041,16,
BorderlineSMOTE,XGBoost,21.64621329307556,1.0512717069140884,1.0798311233520508,0.06274393790196034,0.8,0,0.1,3,1,200,0.1,1,0.8,"{'model__colsample_bytree': 0.8, 'model__gamma': 0, 'model__learning_rate': 0.1, 'model__max_depth': 3, 'model__min_child_weight': 1, 'model__n_estimators': 200, 'model__reg_alpha': 0.1, 'model__reg_lambda': 1, 'model__subsample': 0.8}",0.2252729927003842,0.22618785037720512,0.2291613026383015,0.2268740485719636,0.001659897489845678,6,0.7431580069817224,0.7468113208574425,0.7461145082801731,0.745361278706446,0.0015837069724089516,5,0.027489104927924907,0.02627589691763517,0.023672641190395673,0.025812547678651914,0.0015921407502518263,11,0.014155014672881064,0.013466850828729282,0.012085635359116022,0.013235833620242124,0.0008604686316275832,11,0.47398843930635837,0.5379310344827586,0.5737704918032787,0.5285633218641319,0.04127089393994613,11,
BorderlineSMOTE,XGBoost,21.631516377131145,0.45802072760358986,1.058440128962199,0.05042486203217627,0.8,0,0.1,3,1,200,0.1,5,0.8,"{'model__colsample_bytree': 0.8, 'model__gamma': 0, 'model__learning_rate': 0.1, 'model__max_depth': 3, 'model__min_child_weight': 1, 'model__n_estimators': 200, 'model__reg_alpha': 0.1, 'model__reg_lambda': 5, 'model__subsample': 0.8}",0.22663356149790076,0.22641801371260867,0.2290391646417187,0.22736357995074272,0.001188080596146828,3,0.7431068340462763,0.7467814679874627,0.7460862939806983,0.7453248653381458,0.0015938556675985987,7,0.028230549487481094,0.024945221641665263,0.023990538942388916,0.025722103357178422,0.0018160545615054672,12,0.014500258933195235,0.012776243093922652,0.01225828729281768,0.013178263106645188,0.0009584098904040233,12,0.5316455696202531,0.524822695035461,0.5590551181102362,0.5385077942553167,0.014793744006598584,8,
BorderlineSMOTE,XGBoost,16.5903537273407,0.4283812432797612,0.9974900881449381,0.041635503105480795,0.8,1,0.05,3,1,100,0.0,1,0.8,"{'model__colsample_bytree': 0.8, 'model__gamma': 1, 'model__learning_rate': 0.05, 'model__max_depth': 3, 'model__min_child_weight': 1, 'model__n_estimators': 100, 'model__reg_alpha': 0, 'model__reg_lambda': 1, 'model__subsample': 0.8}",0.18616464012796974,0.1853183045744796,0.18452954278845363,0.18533749583030099,0.000667663615726846,27,0.718694062029025,0.7215079039301402,0.7200350816374564,0.7200790158655406,0.0011491661392551674,28,0.029781601588352084,0.03165182987141444,0.03067282321899736,0.030702084892921297,0.000763797810009174,7,0.015535991714137753,0.016574585635359115,0.016056629834254144,0.016055735727917006,0.00042400466417961166,7,0.35856573705179284,0.35036496350364965,0.34191176470588236,0.35028082175377495,0.006799216062662017,31,
BorderlineSMOTE,XGBoost,15.198801358540853,0.20706457341238418,0.939210573832194,0.032558342673073525,0.8,1,0.05,3,1,100,0.0,5,0.8,"{'model__colsample_bytree': 0.8, 'model__gamma': 1, 'model__learning_rate': 0.05, 'model__max_depth': 3, 'model__min_child_weight': 1, 'model__n_estimators': 100, 'model__reg_alpha': 0, 'model__reg_lambda': 5, 'model__subsample': 0.8}",0.18641462467193004,0.18410857034556494,0.1844390341095679,0.18498740970902094,0.0010181710686629638,30,0.7192341434430232,0.7208064046747735,0.7198831958365023,0.7199745813180997,0.0006451174698721558,31,0.037073490813648295,0.03040819699223269,0.034171184491539344,0.03388429076580678,0.0027286463602366156,2,0.019506300707750734,0.015883977900552487,0.017955801104972375,0.017782026571091864,0.001483903370923275,1,0.37293729372937295,0.3552123552123552,0.3525423728813559,0.3602306739410281,0.00905081363731575,26,
BorderlineSMOTE,XGBoost,15.350462436676025,0.25568269921104675,0.9993753433227539,0.11378204786980481,0.8,1,0.05,3,1,100,0.1,1,0.8,"{'model__colsample_bytree': 0.8, 'model__gamma': 1, 'model__learning_rate': 0.05, 'model__max_depth': 3, 'model__min_child_weight': 1, 'model__n_estimators': 100, 'model__reg_alpha': 0.1, 'model__reg_lambda': 1, 'model__subsample': 0.8}",0.18647762723140837,0.1853170025680683,0.18463018403387293,0.18547493794444989,0.0007624387535466182,25,0.7187801401746132,0.7215086263669761,0.7200348172674549,0.7201078612696814,0.0011150966460878834,26,0.030753968253968252,0.031657048639736195,0.031327287716405604,0.031246101536703347,0.00037312369943552577,5,0.01605385810460901,0.016574585635359115,0.01640193370165746,0.016343459147208528,0.000216569843174246,5,0.36470588235294116,0.3516483516483517,0.34798534798534797,0.3547798606622136,0.007176295651304142,29,
BorderlineSMOTE,XGBoost,15.229275623957315,0.036675198419392936,0.9222105344136556,0.014538046761266823,0.8,1,0.05,3,1,100,0.1,5,0.8,"{'model__colsample_bytree': 0.8, 'model__gamma': 1, 'model__learning_rate': 0.05, 'model__max_depth': 3, 'model__min_child_weight': 1, 'model__n_estimators': 100, 'model__reg_alpha': 0.1, 'model__reg_lambda': 5, 'model__subsample': 0.8}",0.1864168172361897,0.18410730063997716,0.18437733895719471,0.18496715227778718,0.0010309789981393165,31,0.719235785656284,0.7208073783939873,0.7198746901897685,0.7199726180800132,0.0006453259316378191,32,0.037073490813648295,0.03040819699223269,0.034176799211304634,0.03388616233906187,0.0027288444166081913,1,0.019506300707750734,0.015883977900552487,0.017955801104972375,0.017782026571091864,0.001483903370923275,1,0.37293729372937295,0.3552123552123552,0.35374149659863946,0.36063038184678925,0.00872299322975954,25,
BorderlineSMOTE,XGBoost,20.583452860514324,0.745973553679607,1.0269596576690674,0.05601939191270309,0.8,1,0.05,3,1,200,0.0,1,0.8,"{'model__colsample_bytree': 0.8, 'model__gamma': 1, 'model__learning_rate': 0.05, 'model__max_depth': 3, 'model__min_child_weight': 1, 'model__n_estimators': 200, 'model__reg_alpha': 0, 'model__reg_lambda': 1, 'model__subsample': 0.8}",0.20825596056189644,0.20876721489272676,0.20585308514095702,0.20762542019852673,0.0012704917459829463,12,0.7315080728325114,0.7354485463733251,0.7336590611692504,0.7335385601250289,0.0016109465763347764,11,0.008567511994516792,0.008567511994516792,0.007200411452082976,0.00811181181370552,0.0006444573760791721,27,0.004315553253927153,0.004316298342541437,0.0036256906077348065,0.004085847401401132,0.00032538013139220805,25,0.5813953488372093,0.5681818181818182,0.5121951219512195,0.5539240963234157,0.029995886659249286,5,
BorderlineSMOTE,XGBoost,19.773197809855144,0.25526563111681455,0.9809188842773438,0.050277600961124075,0.8,1,0.05,3,1,200,0.0,5,0.8,"{'model__colsample_bytree': 0.8, 'model__gamma': 1, 'model__learning_rate': 0.05, 'model__max_depth': 3, 'model__min_child_weight': 1, 'model__n_estimators': 200, 'model__reg_alpha': 0, 'model__reg_lambda': 5, 'model__subsample': 0.8}",0.206195726592328,0.20752378258524035,0.20657790246104463,0.20676580387953766,0.0005582194236327838,15,0.7312540113185264,0.7345195161599698,0.7334715286072422,0.7330816853619128,0.001361338504149321,15,0.007532956685499058,0.009244992295839754,0.007207825639265488,0.0079952582068681,0.0008936084225056639,28,0.003797686863455895,0.004661602209944752,0.0036256906077348065,0.0040283265603784845,0.0004532653485143125,28,0.4583333333333333,0.5510204081632653,0.6,0.5364512471655328,0.05874553288120154,9,
BorderlineSMOTE,XGBoost,20.649983723958332,0.24512286443054765,1.0241520404815674,0.07093941003593428,0.8,1,0.05,3,1,200,0.1,1,0.8,"{'model__colsample_bytree': 0.8, 'model__gamma': 1, 'model__learning_rate': 0.05, 'model__max_depth': 3, 'model__min_child_weight': 1, 'model__n_estimators': 200, 'model__reg_alpha': 0.1, 'model__reg_lambda': 1, 'model__subsample': 0.8}",0.20923073622441346,0.20863800325516674,0.2060178830383133,0.2079622075059645,0.0013959778698910499,10,0.7316664973420484,0.7353124298503362,0.7337810561461157,0.7335866611128333,0.0014947793673250657,10,0.008567511994516792,0.008567511994516792,0.00720164609053498,0.008112223359856188,0.0006438753619313554,25,0.004315553253927153,0.004316298342541437,0.0036256906077348065,0.004085847401401132,0.00032538013139220805,25,0.5813953488372093,0.5681818181818182,0.525,0.5581923890063426,0.024082502140994617,2,
BorderlineSMOTE,XGBoost,19.95521378517151,0.2902900972444574,0.9747230211893717,0.052791630756435386,0.8,1,0.05,3,1,200,0.1,5,0.8,"{'model__colsample_bytree': 0.8, 'model__gamma': 1, 'model__learning_rate': 0.05, 'model__max_depth': 3, 'model__min_child_weight': 1, 'model__n_estimators': 200, 'model__reg_alpha': 0.1, 'model__reg_lambda': 5, 'model__subsample': 0.8}",0.20824963450576875,0.2080503440475551,0.2067121836551151,0.2076707207361463,0.0006826537304117606,11,0.7315133305320185,0.7347148083741528,0.7335750661082054,0.7332677350047923,0.0013249413568816606,13,0.009585758301951387,0.010601915184678522,0.007202881152460984,0.009130184879696966,0.0014245510275970482,17,0.004833419644398412,0.005352209944751381,0.0036256906077348065,0.004603773398961533,0.0007233119676439665,17,0.5714285714285714,0.5535714285714286,0.5384615384615384,0.5544871794871794,0.013474303085679632,4,
BorderlineSMOTE,XGBoost,15.495844920476278,0.43043001014877996,1.0248798529307048,0.0660208819685919,0.8,1,0.1,3,1,100,0.0,1,0.8,"{'model__colsample_bytree': 0.8, 'model__gamma': 1, 'model__learning_rate': 0.1, 'model__max_depth': 3, 'model__min_child_weight': 1, 'model__n_estimators': 100, 'model__reg_alpha': 0, 'model__reg_lambda': 1, 'model__subsample': 0.8}",0.2064338905387909,0.20451449393209062,0.20411683433062086,0.20502173960050082,0.0010116524416502956,19,0.7301426189593115,0.7330859410336583,0.7325394136409477,0.7319226578779725,0.001278300163421865,21,0.010233668770254136,0.0075303782303611155,0.0048134777376654635,0.007525841579426905,0.0022127860483019952,30,0.005178663904712584,0.003798342541436464,0.0024171270718232043,0.003798044505990751,0.0011273927107771046,30,0.42857142857142855,0.43137254901960786,0.56,0.47331465919701216,0.06130645861320497,19,
BorderlineSMOTE,XGBoost,16.70444901784261,0.30359433238160755,1.0323553880055745,0.04405520063559629,0.8,1,0.1,3,1,100,0.0,5,0.8,"{'model__colsample_bytree': 0.8, 'model__gamma': 1, 'model__learning_rate': 0.1, 'model__max_depth': 3, 'model__min_child_weight': 1, 'model__n_estimators': 100, 'model__reg_alpha': 0, 'model__reg_lambda': 5, 'model__subsample': 0.8}",0.2069167467567596,0.2047767101780508,0.20311267673426686,0.20493537788969243,0.0015570525073666573,20,0.7310142560336879,0.7336246760551347,0.7316261998210032,0.7320883773032753,0.0011146835697279434,18,0.011266643905769888,0.009229191591180994,0.005149330587023687,0.008548388694658189,0.002543357360899538,19,0.005696530295183843,0.004661602209944752,0.0025897790055248618,0.004315970503551152,0.0012916583271897278,19,0.5076923076923077,0.4576271186440678,0.4411764705882353,0.4688319656415369,0.02828722436709303,20,
BorderlineSMOTE,XGBoost,15.667712847391764,0.9016155307580109,0.967227061589559,0.042542434358293184,0.8,1,0.1,3,1,100,0.1,1,0.8,"{'model__colsample_bytree': 0.8, 'model__gamma': 1, 'model__learning_rate': 0.1, 'model__max_depth': 3, 'model__min_child_weight': 1, 'model__n_estimators': 100, 'model__reg_alpha': 0.1, 'model__reg_lambda': 1, 'model__subsample': 0.8}",0.20644542469472948,0.20408656858454866,0.20414412810592522,0.20489204046173445,0.0010986598521572984,24,0.7301664173119583,0.7330672519068144,0.7321720270258385,0.7318018987482038,0.0012128359446924883,24,0.010233668770254136,0.008560178051703475,0.006178136262227562,0.008323994361395056,0.0016640659106719816,23,0.005178663904712584,0.004316298342541437,0.003107734806629834,0.004200899017961285,0.0008493819656694016,23,0.42857142857142855,0.5102040816326531,0.5142857142857142,0.4843537414965986,0.03947923300284874,17,
BorderlineSMOTE,XGBoost,15.537889003753662,0.5874841933322202,0.9666550954182943,0.01740125099387296,0.8,1,0.1,3,1,100,0.1,5,0.8,"{'model__colsample_bytree': 0.8, 'model__gamma': 1, 'model__learning_rate': 0.1, 'model__max_depth': 3, 'model__min_child_weight': 1, 'model__n_estimators': 100, 'model__reg_alpha': 0.1, 'model__reg_lambda': 5, 'model__subsample': 0.8}",0.2069148146349189,0.20477327239733495,0.20310854662847289,0.20493221122024222,0.0015579613166558388,21,0.7310111848986098,0.7336236211926532,0.7316242890279224,0.7320863650397285,0.0011154495440923514,20,0.011266643905769888,0.009229191591180994,0.005149330587023687,0.008548388694658189,0.002543357360899538,19,0.005696530295183843,0.004661602209944752,0.0025897790055248618,0.004315970503551152,0.0012916583271897278,19,0.5076923076923077,0.4576271186440678,0.4411764705882353,0.4688319656415369,0.02828722436709303,20,
BorderlineSMOTE,XGBoost,21.21355668703715,0.7105694175148259,1.0183417797088623,0.03369250268283789,0.8,1,0.1,3,1,200,0.0,1,0.8,"{'model__colsample_bytree': 0.8, 'model__gamma': 1, 'model__learning_rate': 0.1, 'model__max_depth': 3, 'model__min_child_weight': 1, 'model__n_estimators': 200, 'model__reg_alpha': 0, 'model__reg_lambda': 1, 'model__subsample': 0.8}",0.22518324849400803,0.22580127997966698,0.22838787277204275,0.22645746708190592,0.0013881259130451022,8,0.7425933865834395,0.7466485919601364,0.746225081687713,0.7451556867437631,0.0018200506991852715,8,0.028169014084507043,0.026899798251513115,0.02564102564102564,0.02690327932568193,0.0010320498957582455,9,0.014500258933195235,0.013812154696132596,0.013121546961325966,0.013811320196884599,0.0005628571148676236,9,0.49122807017543857,0.5128205128205128,0.5588235294117647,0.520957370802572,0.0281891571436916,14,
BorderlineSMOTE,XGBoost,21.90349547068278,0.7897193889654804,1.0286842981974285,0.06366429014577307,0.8,1,0.1,3,1,200,0.0,5,0.8,"{'model__colsample_bytree': 0.8, 'model__gamma': 1, 'model__learning_rate': 0.1, 'model__max_depth': 3, 'model__min_child_weight': 1, 'model__n_estimators': 200, 'model__reg_alpha': 0, 'model__reg_lambda': 5, 'model__subsample': 0.8}",0.22728956027794495,0.2257354383809052,0.22948962230431996,0.22750487365439,0.0015401826991764303,1,0.7437281611807061,0.7464973932594341,0.7460196465650537,0.7454150670017313,0.0012086628735244148,4,0.028844541338252556,0.02591719959609559,0.022331246827947893,0.025697662587432012,0.002663568873788315,13,0.014845503193509408,0.013294198895027625,0.011395027624309393,0.013178243237615475,0.0014110350100253724,14,0.5058823529411764,0.5133333333333333,0.5546218487394958,0.5246125116713352,0.021436720996986087,12,
BorderlineSMOTE,XGBoost,24.82290506362915,1.4759453243831326,1.309872070948283,0.4472299417866656,0.8,1,0.1,3,1,200,0.1,1,0.8,"{'model__colsample_bytree': 0.8, 'model__gamma': 1, 'model__learning_rate': 0.1, 'model__max_depth': 3, 'model__min_child_weight': 1, 'model__n_estimators': 200, 'model__reg_alpha': 0.1, 'model__reg_lambda': 1, 'model__subsample': 0.8}",0.22514476201996148,0.22650788010053496,0.22796982561588564,0.22654082257879402,0.0011535625934207393,7,0.7432093919000755,0.7472725836895959,0.745778242725794,0.7454200727718218,0.0016780139384706837,3,0.029436360595417294,0.023994592767826967,0.02300016911889058,0.02547704082737828,0.0028289431910850115,15,0.01519074745382358,0.01225828729281768,0.011740331491712707,0.013063122079451322,0.001519245833350458,15,0.4731182795698925,0.5634920634920635,0.5619834710743802,0.532864604712112,0.0422515205941004,10,
BorderlineSMOTE,XGBoost,23.531240383783977,1.523408141744132,1.18647297223409,0.14840230471216542,0.8,1,0.1,3,1,200,0.1,5,0.8,"{'model__colsample_bytree': 0.8, 'model__gamma': 1, 'model__learning_rate': 0.1, 'model__max_depth': 3, 'model__min_child_weight': 1, 'model__n_estimators': 200, 'model__reg_alpha': 0.1, 'model__reg_lambda': 5, 'model__subsample': 0.8}",0.2265948636033929,0.2264154209509642,0.22905298353976283,0.22735442269803996,0.0012032959226373071,4,0.7436030873399935,0.7467795728995306,0.7460335848844436,0.7454720817079892,0.00135621519687774,2,0.027258960121150935,0.024945221641665263,0.021337849280270958,0.02451401034769572,0.002436438080823693,16,0.013982392542723977,0.012776243093922652,0.01087707182320442,0.01254523581995035,0.0012782220629297164,16,0.54,0.524822695035461,0.5575221238938053,0.5407816063097555,0.013360921705557775,7,
ADASYN,XGBoost,19.101791381835938,0.4352565971570427,1.1015506585439045,0.08274047247349324,0.8,0,0.05,3,1,100,0.0,1,0.8,"{'model__colsample_bytree': 0.8, 'model__gamma': 0, 'model__learning_rate': 0.05, 'model__max_depth': 3, 'model__min_child_weight': 1, 'model__n_estimators': 100, 'model__reg_alpha': 0, 'model__reg_lambda': 1, 'model__subsample': 0.8}",0.1814494523103722,0.17918370981292098,0.18104583419772885,0.18055966544034066,0.0009868020104304637,27,0.7142925536319371,0.7161084659859985,0.7169795311133652,0.7157935169104336,0.0011193321480760506,31,0.028215767634854772,0.01323379708177808,0.016818028927009756,0.019422531214547536,0.006387614815023233,11,0.014672881063352322,0.006733425414364641,0.008632596685082873,0.010012967720933278,0.0033850462476428733,11,0.36637931034482757,0.38235294117647056,0.3246753246753247,0.3578025253988743,0.024315259835751463,27,
ADASYN,XGBoost,18.747153838475544,1.0185245747885643,1.2446588675181072,0.15043528549928042,0.8,0,0.05,3,1,100,0.0,5,0.8,"{'model__colsample_bytree': 0.8, 'model__gamma': 0, 'model__learning_rate': 0.05, 'model__max_depth': 3, 'model__min_child_weight': 1, 'model__n_estimators': 100, 'model__reg_alpha': 0, 'model__reg_lambda': 5, 'model__subsample': 0.8}",0.1820756478838867,0.17871829617428384,0.18042738639242922,0.18040711015019992,0.0013707080822194326,31,0.7147431442372525,0.7159764943134798,0.7175352237690514,0.7160849541065946,0.0011424388161631902,25,0.023046092184368736,0.016849199663016005,0.014186792771491302,0.01802736153962535,0.0037114997487425797,15,0.011910926980838944,0.008632596685082873,0.007251381215469613,0.009264968293797143,0.0019541003170297612,15,0.35384615384615387,0.34965034965034963,0.32558139534883723,0.3430259662817803,0.012453539911426583,31,
ADASYN,XGBoost,17.6253346602122,0.8401235972821822,1.0349844296773274,0.05597349170725619,0.8,0,0.05,3,1,100,0.1,1,0.8,"{'model__colsample_bytree': 0.8, 'model__gamma': 0, 'model__learning_rate': 0.05, 'model__max_depth': 3, 'model__min_child_weight': 1, 'model__n_estimators': 100, 'model__reg_alpha': 0.1, 'model__reg_lambda': 1, 'model__subsample': 0.8}",0.18145033121920856,0.17958325462407376,0.18104684721104475,0.1806934776847757,0.0008021414129677099,25,0.7142938438488894,0.7161665671832753,0.7169807220871347,0.7158137110397664,0.0011249323713889102,29,0.028215767634854772,0.0155668358714044,0.016818028927009756,0.02020021081108964,0.005690825037540958,9,0.014672881063352322,0.007941988950276244,0.008632596685082873,0.010415822232903812,0.0030233697728713686,9,0.36637931034482757,0.3898305084745763,0.3246753246753247,0.3602950478315761,0.026945168790541808,25,
ADASYN,XGBoost,17.128706216812134,0.5539856218198658,0.9829341570536295,0.048407346502105,0.8,0,0.05,3,1,100,0.1,5,0.8,"{'model__colsample_bytree': 0.8, 'model__gamma': 0, 'model__learning_rate': 0.05, 'model__max_depth': 3, 'model__min_child_weight': 1, 'model__n_estimators': 100, 'model__reg_alpha': 0.1, 'model__reg_lambda': 5, 'model__subsample': 0.8}",0.1820762539596008,0.17900023300331502,0.1804266392880612,0.18050104208365902,0.0012568818726971138,29,0.7147449290809876,0.7156436708041706,0.7175365521628712,0.7159750506826764,0.0011635145968816895,27,0.023046092184368736,0.01849983181971073,0.014186792771491302,0.018577572258523592,0.0036172115599010543,13,0.011910926980838944,0.00949585635359116,0.007251381215469613,0.009552721516633238,0.001902676521809679,13,0.35384615384615387,0.35714285714285715,0.32558139534883723,0.34552346877928275,0.014165257561738495,29,
ADASYN,XGBoost,20.688740094502766,0.2730321805584814,1.0235089461008708,0.054791962846606014,0.8,0,0.05,3,1,200,0.0,1,0.8,"{'model__colsample_bytree': 0.8, 'model__gamma': 0, 'model__learning_rate': 0.05, 'model__max_depth': 3, 'model__min_child_weight': 1, 'model__n_estimators': 200, 'model__reg_alpha': 0, 'model__reg_lambda': 1, 'model__subsample': 0.8}",0.20385760943523135,0.20356768153198718,0.20314871176940488,0.20352466757887447,0.0002910001434997799,11,0.7274745968582355,0.7313409315016803,0.7314185764476377,0.7300780349358512,0.0018411816047297404,13,0.004471195184866724,0.003441748408191361,0.003098106712564544,0.0036703501018742098,0.0005834021134450829,28,0.00224408769204212,0.0017265193370165745,0.001553867403314917,0.0018414914774578701,0.0002932745659513233,28,0.5909090909090909,0.5263157894736842,0.5,0.5390749601275917,0.03819435411428406,7,
ADASYN,XGBoost,21.349028905232746,0.4979808906061033,1.0272319316864014,0.08647161967794664,0.8,0,0.05,3,1,200,0.0,5,0.8,"{'model__colsample_bytree': 0.8, 'model__gamma': 0, 'model__learning_rate': 0.05, 'model__max_depth': 3, 'model__min_child_weight': 1, 'model__n_estimators': 200, 'model__reg_alpha': 0, 'model__reg_lambda': 5, 'model__subsample': 0.8}",0.20317758224613214,0.2012925962863283,0.2040895087805648,0.20285322910434175,0.0011646411737944657,15,0.7278441040016406,0.7306924580630652,0.7314072033025205,0.7299812551224086,0.0015391071814705934,15,0.004471964224286206,0.0017205781142463868,0.0031007751937984496,0.0030977725107770144,0.0011232506825308432,32,0.00224408769204212,0.0008632596685082873,0.001553867403314917,0.0015537382546217747,0.0005637206874292897,32,0.6190476190476191,0.25,0.6923076923076923,0.5204517704517705,0.19356287469259298,13,
ADASYN,XGBoost,20.121120532353718,0.23898688949782612,0.9578646818796793,0.019260487691705557,0.8,0,0.05,3,1,200,0.1,1,0.8,"{'model__colsample_bytree': 0.8, 'model__gamma': 0, 'model__learning_rate': 0.05, 'model__max_depth': 3, 'model__min_child_weight': 1, 'model__n_estimators': 200, 'model__reg_alpha': 0.1, 'model__reg_lambda': 1, 'model__subsample': 0.8}",0.20393595153579513,0.20303882486804126,0.2031461712753965,0.20337364922641096,0.0004000156064847961,13,0.7278038364090744,0.731189785151473,0.7314178055865936,0.7301371423823803,0.0016525204796526314,9,0.0048134777376654635,0.0030965078272836744,0.003098106712564544,0.0036693640925045605,0.0008090107802705976,29,0.002416709822199206,0.001553867403314917,0.001553867403314917,0.001841481542943013,0.0004067478169923228,29,0.5833333333333334,0.42857142857142855,0.5,0.503968253968254,0.06324356131154457,18,
ADASYN,XGBoost,20.04490598042806,0.11373565489264108,0.9622813860575358,0.04020814033998519,0.8,0,0.05,3,1,200,0.1,5,0.8,"{'model__colsample_bytree': 0.8, 'model__gamma': 0, 'model__learning_rate': 0.05, 'model__max_depth': 3, 'model__min_child_weight': 1, 'model__n_estimators': 200, 'model__reg_alpha': 0.1, 'model__reg_lambda': 5, 'model__subsample': 0.8}",0.2026657842397676,0.20365265030117183,0.2040558530094431,0.2034580958501275,0.0005839300026102703,12,0.727716660401394,0.7314207319792843,0.7311762983551056,0.7301045635785947,0.0016914487157307359,12,0.003785923249010497,0.003783319002579536,0.003100241129865656,0.0035564944604852297,0.0003226215758448885,31,0.0018988434317279475,0.001899171270718232,0.001553867403314917,0.0017839607019203656,0.0001627005867986815,31,0.6111111111111112,0.4782608695652174,0.6428571428571429,0.5774097078444904,0.07129666533577429,1,
ADASYN,XGBoost,15.320832252502441,0.33234126751114124,0.9123609066009521,0.013869184769323462,0.8,0,0.1,3,1,100,0.0,1,0.8,"{'model__colsample_bytree': 0.8, 'model__gamma': 0, 'model__learning_rate': 0.1, 'model__max_depth': 3, 'model__min_child_weight': 1, 'model__n_estimators': 100, 'model__reg_alpha': 0, 'model__reg_lambda': 1, 'model__subsample': 0.8}",0.2026207981289606,0.2015358086489712,0.20197909984028317,0.20204523553940498,0.00044540692327030247,17,0.7257530339464716,0.7308778586511496,0.7297756071924555,0.7288021665966923,0.0022025208297962347,18,0.006515775034293553,0.0030954428202923474,0.005836909871244635,0.005149375908610179,0.0014785568021701604,17,0.003279820472984637,0.001553867403314917,0.0029350828729281767,0.0025895902497425766,0.0007457668823353727,17,0.48717948717948717,0.391304347826087,0.5151515151515151,0.46454511671902976,0.05303311077832459,20,
ADASYN,XGBoost,15.19157592455546,0.24150564391294443,0.9143837292989095,0.017351115269164646,0.8,0,0.1,3,1,100,0.0,5,0.8,"{'model__colsample_bytree': 0.8, 'model__gamma': 0, 'model__learning_rate': 0.1, 'model__max_depth': 3, 'model__min_child_weight': 1, 'model__n_estimators': 100, 'model__reg_alpha': 0, 'model__reg_lambda': 5, 'model__subsample': 0.8}",0.2023738934745742,0.2003954532539539,0.20017643662450826,0.20098192778434545,0.0009883212814579233,22,0.7263965996580846,0.7304131419950648,0.7293717218119805,0.7287271544883765,0.001701911349469975,19,0.0034387895460797797,0.004461221688400824,0.0041279669762641896,0.004009326070248264,0.00042575315214962267,25,0.0017262213015708614,0.002244475138121547,0.0020718232044198894,0.0020141732147040993,0.0002154675548051248,24,0.43478260869565216,0.3611111111111111,0.5454545454545454,0.4471160884204362,0.0757615183232854,21,
ADASYN,XGBoost,15.83802858988444,0.22129935368741452,0.9573413530985514,0.047998374824207546,0.8,0,0.1,3,1,100,0.1,1,0.8,"{'model__colsample_bytree': 0.8, 'model__gamma': 0, 'model__learning_rate': 0.1, 'model__max_depth': 3, 'model__min_child_weight': 1, 'model__n_estimators': 100, 'model__reg_alpha': 0.1, 'model__reg_lambda': 1, 'model__subsample': 0.8}",0.20154046076469734,0.2018395043610149,0.2015617417409305,0.20164723562221423,0.00013623183897888263,18,0.7253007474779006,0.7305421244542984,0.7297087556098791,0.7285172091806927,0.00229968770660401,24,0.005150214592274678,0.003780718336483932,0.0044742729306487695,0.004468401953135794,0.0005591099176005475,19,0.002589331952356292,0.001899171270718232,0.002244475138121547,0.00224432612039869,0.00028175693812751597,20,0.46875,0.4074074074074074,0.6842105263157895,0.5201226445743989,0.11869948923585033,14,
ADASYN,XGBoost,15.011961142222086,0.2228595023149699,0.9161950747172037,0.01598089187795889,0.8,0,0.1,3,1,100,0.1,5,0.8,"{'model__colsample_bytree': 0.8, 'model__gamma': 0, 'model__learning_rate': 0.1, 'model__max_depth': 3, 'model__min_child_weight': 1, 'model__n_estimators': 100, 'model__reg_alpha': 0.1, 'model__reg_lambda': 5, 'model__subsample': 0.8}",0.20215935031215135,0.20038897586197402,0.20016295727244704,0.20090376114885747,0.0008926175780398942,24,0.726930451129984,0.730412365898971,0.7293688948852309,0.7289039039713953,0.0014590167984147528,17,0.0051466803911477095,0.004461221688400824,0.0041279669762641896,0.004578623018604241,0.0004240924110505945,18,0.002589331952356292,0.002244475138121547,0.0020718232044198894,0.0023018767649659096,0.00021513567210942403,18,0.4166666666666667,0.3611111111111111,0.5454545454545454,0.441077441077441,0.07721200198968771,22,
ADASYN,XGBoost,20.175309737523396,0.35140498349635463,0.9409862359364828,0.019451373228836357,0.8,0,0.1,3,1,200,0.0,1,0.8,"{'model__colsample_bytree': 0.8, 'model__gamma': 0, 'model__learning_rate': 0.1, 'model__max_depth': 3, 'model__min_child_weight': 1, 'model__n_estimators': 200, 'model__reg_alpha': 0, 'model__reg_lambda': 1, 'model__subsample': 0.8}",0.2241591981170128,0.2264450362014271,0.22926419806142478,0.22662281079328825,0.0020878951062805098,1,0.7409521992153597,0.745902069969997,0.7466422130522767,0.7444988274125445,0.0025259825312620022,6,0.02692242974928487,0.02332657200811359,0.02132340497546116,0.02385746891095321,0.0023164136426174604,1,0.013809770412566891,0.011912983425414365,0.01087707182320442,0.012199941887061893,0.001214341830799849,1,0.5333333333333333,0.5564516129032258,0.5384615384615384,0.5427488282326992,0.00991293272294165,6,
ADASYN,XGBoost,20.306286811828613,0.322838033278247,0.9752872784932455,0.02417677401918888,0.8,0,0.1,3,1,200,0.0,5,0.8,"{'model__colsample_bytree': 0.8, 'model__gamma': 0, 'model__learning_rate': 0.1, 'model__max_depth': 3, 'model__min_child_weight': 1, 'model__n_estimators': 200, 'model__reg_alpha': 0, 'model__reg_lambda': 5, 'model__subsample': 0.8}",0.22464892597455088,0.22639804145156178,0.2284948020852115,0.2265139231704414,0.001572209102762814,2,0.7416519966643835,0.746504649038091,0.7460851880764836,0.7447472779263195,0.002195383253169635,2,0.025632377740303542,0.0209636517328825,0.020995597697257028,0.02253054239014769,0.0021933675844489774,4,0.013119281891938547,0.010704419889502763,0.010704419889502763,0.011509373890314692,0.0011383768650347122,4,0.5547445255474452,0.5040650406504065,0.543859649122807,0.5342230717735529,0.021783024960022022,8,
ADASYN,XGBoost,20.437663475672405,0.2739524504937283,0.9728244145711263,0.009246108110340864,0.8,0,0.1,3,1,200,0.1,1,0.8,"{'model__colsample_bytree': 0.8, 'model__gamma': 0, 'model__learning_rate': 0.1, 'model__max_depth': 3, 'model__min_child_weight': 1, 'model__n_estimators': 200, 'model__reg_alpha': 0.1, 'model__reg_lambda': 1, 'model__subsample': 0.8}",0.2237140194342186,0.22629411778854824,0.22823988552763663,0.2260826742501345,0.0018537164924084203,5,0.7407478961089046,0.7462512412302451,0.7458298655492698,0.7442763342961398,0.0025009060220893735,8,0.026931493014644,0.022301064368981247,0.019996610743941705,0.02307638937585565,0.002883746946461478,2,0.013809770412566891,0.011395027624309393,0.01018646408839779,0.011797087375091359,0.0015062815611277312,2,0.5405405405405406,0.5196850393700787,0.5412844036697247,0.533836661193448,0.01001131470761913,9,
ADASYN,XGBoost,20.73880712191264,0.025426509438140572,0.9381586710611979,0.011798814104953653,0.8,0,0.1,3,1,200,0.1,5,0.8,"{'model__colsample_bytree': 0.8, 'model__gamma': 0, 'model__learning_rate': 0.1, 'model__max_depth': 3, 'model__min_child_weight': 1, 'model__n_estimators': 200, 'model__reg_alpha': 0.1, 'model__reg_lambda': 5, 'model__subsample': 0.8}",0.22348572442213732,0.22573129953533788,0.2289508308863491,0.22605595161460812,0.002242899372943155,6,0.7419957217138646,0.7459600350559856,0.7461109916356474,0.744688916135166,0.0019053729495704125,5,0.024911631038545698,0.02131619015395026,0.019986449864498646,0.02207142368566487,0.0020804063168632005,7,0.012774037631624375,0.01087707182320442,0.01018646408839779,0.011279191181075529,0.0010939711129283533,6,0.5,0.5294117647058824,0.5267857142857143,0.5187324929971989,0.01328918747503386,15,
ADASYN,XGBoost,15.12921134630839,0.28361166086788625,0.9068010648091634,0.015210971862000662,0.8,1,0.05,3,1,100,0.0,1,0.8,"{'model__colsample_bytree': 0.8, 'model__gamma': 1, 'model__learning_rate': 0.05, 'model__max_depth': 3, 'model__min_child_weight': 1, 'model__n_estimators': 100, 'model__reg_alpha': 0, 'model__reg_lambda': 1, 'model__subsample': 0.8}",0.1814494523103722,0.17918249332365171,0.18104583419772885,0.18055925994391755,0.0009873674223989744,28,0.7142925536319371,0.7161070839329211,0.7169795311133652,0.7157930562260745,0.0011192027063720964,32,0.028215767634854772,0.01323379708177808,0.016818028927009756,0.019422531214547536,0.006387614815023233,11,0.014672881063352322,0.006733425414364641,0.008632596685082873,0.010012967720933278,0.0033850462476428733,11,0.36637931034482757,0.38235294117647056,0.3246753246753247,0.3578025253988743,0.024315259835751463,27,
ADASYN,XGBoost,15.089191118876139,0.32593715495906883,0.9244004885355631,0.026241042172677958,0.8,1,0.05,3,1,100,0.0,5,0.8,"{'model__colsample_bytree': 0.8, 'model__gamma': 1, 'model__learning_rate': 0.05, 'model__max_depth': 3, 'model__min_child_weight': 1, 'model__n_estimators': 100, 'model__reg_alpha': 0, 'model__reg_lambda': 5, 'model__subsample': 0.8}",0.18207603703781788,0.17871702115232724,0.18042633598942664,0.1804064647265239,0.0013713844780759914,32,0.7147429662762936,0.7159759276193675,0.7175341126297874,0.7160843355084828,0.0011420562433529595,26,0.023046092184368736,0.016849199663016005,0.014186792771491302,0.01802736153962535,0.0037114997487425797,15,0.011910926980838944,0.008632596685082873,0.007251381215469613,0.009264968293797143,0.0019541003170297612,15,0.35384615384615387,0.34965034965034963,0.32558139534883723,0.3430259662817803,0.012453539911426583,31,
ADASYN,XGBoost,15.22817087173462,0.25636704401423765,0.9229311148325602,0.030538916238491573,0.8,1,0.05,3,1,100,0.1,1,0.8,"{'model__colsample_bytree': 0.8, 'model__gamma': 1, 'model__learning_rate': 0.05, 'model__max_depth': 3, 'model__min_child_weight': 1, 'model__n_estimators': 100, 'model__reg_alpha': 0.1, 'model__reg_lambda': 1, 'model__subsample': 0.8}",0.18145033121920856,0.17958325462407376,0.18104684721104475,0.1806934776847757,0.0008021414129677099,25,0.7142938438488894,0.7161665671832753,0.7169807220871347,0.7158137110397664,0.0011249323713889102,29,0.028215767634854772,0.0155668358714044,0.016818028927009756,0.02020021081108964,0.005690825037540958,9,0.014672881063352322,0.007941988950276244,0.008632596685082873,0.010415822232903812,0.0030233697728713686,9,0.36637931034482757,0.3898305084745763,0.3246753246753247,0.3602950478315761,0.026945168790541808,25,
ADASYN,XGBoost,15.09134570757548,0.18297014292388414,0.949451208114624,0.036641773200865306,0.8,1,0.05,3,1,100,0.1,5,0.8,"{'model__colsample_bytree': 0.8, 'model__gamma': 1, 'model__learning_rate': 0.05, 'model__max_depth': 3, 'model__min_child_weight': 1, 'model__n_estimators': 100, 'model__reg_alpha': 0.1, 'model__reg_lambda': 5, 'model__subsample': 0.8}",0.18207605639706864,0.1789988976895981,0.18042576712396602,0.18050024040354426,0.0012573480371450621,30,0.7147445090407831,0.7156424274799058,0.7175354671988547,0.7159741345731812,0.0011632953356230612,28,0.023046092184368736,0.01849983181971073,0.014186792771491302,0.018577572258523592,0.0036172115599010543,13,0.011910926980838944,0.00949585635359116,0.007251381215469613,0.009552721516633238,0.001902676521809679,13,0.35384615384615387,0.35714285714285715,0.32558139534883723,0.34552346877928275,0.014165257561738495,29,
ADASYN,XGBoost,20.76173933347066,0.9980088726756403,0.9945947329203287,0.023863142161315576,0.8,1,0.05,3,1,200,0.0,1,0.8,"{'model__colsample_bytree': 0.8, 'model__gamma': 1, 'model__learning_rate': 0.05, 'model__max_depth': 3, 'model__min_child_weight': 1, 'model__n_estimators': 200, 'model__reg_alpha': 0, 'model__reg_lambda': 1, 'model__subsample': 0.8}",0.20386989802610878,0.20350917732898077,0.20366306175345156,0.20368071236951368,0.00014779155032152108,9,0.7274745916240895,0.7313130928170095,0.7315967880039469,0.7301281574816819,0.0018799254524596333,11,0.004471195184866724,0.003441748408191361,0.003782668500687758,0.003898537364581948,0.00042818170731355123,26,0.00224408769204212,0.0017265193370165745,0.001899171270718232,0.0019565927665923088,0.00021516222046365343,27,0.5909090909090909,0.5263157894736842,0.4583333333333333,0.5251860712387028,0.05412972117462735,11,
ADASYN,XGBoost,20.883201678593952,0.875366476738761,1.0155463218688965,0.10912619297323688,0.8,1,0.05,3,1,200,0.0,5,0.8,"{'model__colsample_bytree': 0.8, 'model__gamma': 1, 'model__learning_rate': 0.05, 'model__max_depth': 3, 'model__min_child_weight': 1, 'model__n_estimators': 200, 'model__reg_alpha': 0, 'model__reg_lambda': 5, 'model__subsample': 0.8}",0.20340417464431285,0.20130245845872735,0.20262471216092037,0.20244378175465352,0.0008675077675432944,16,0.7278896606985888,0.7304194449947063,0.7307620357976876,0.7296903804969942,0.0012809595254726787,16,0.0048126503953248535,0.003783319002579536,0.004130808950086058,0.004242259449330149,0.0004275485854333374,22,0.002416709822199206,0.001899171270718232,0.0020718232044198894,0.002129234765779109,0.00021514894623730438,23,0.56,0.4782608695652174,0.6666666666666666,0.5683091787439613,0.07714042577839213,3,
ADASYN,XGBoost,19.991806507110596,0.1438277049888669,0.9898130893707275,0.03568541922532908,0.8,1,0.05,3,1,200,0.1,1,0.8,"{'model__colsample_bytree': 0.8, 'model__gamma': 1, 'model__learning_rate': 0.05, 'model__max_depth': 3, 'model__min_child_weight': 1, 'model__n_estimators': 200, 'model__reg_alpha': 0.1, 'model__reg_lambda': 1, 'model__subsample': 0.8}",0.20400752538511252,0.2030379109527947,0.2039406061785497,0.20366201417215232,0.00044215243703286364,10,0.7274901174092192,0.7311882944711176,0.7317220928408813,0.7301335015737394,0.0018818156225336412,10,0.0048134777376654635,0.0030965078272836744,0.0030959752321981426,0.0036686535990490938,0.0008095129408821151,30,0.002416709822199206,0.001553867403314917,0.001553867403314917,0.001841481542943013,0.0004067478169923228,29,0.5833333333333334,0.42857142857142855,0.4090909090909091,0.4736652236652237,0.07795380413398748,19,
ADASYN,XGBoost,19.811616102854412,0.2290514919685027,0.943408727645874,0.017730478981246064,0.8,1,0.05,3,1,200,0.1,5,0.8,"{'model__colsample_bytree': 0.8, 'model__gamma': 1, 'model__learning_rate': 0.05, 'model__max_depth': 3, 'model__min_child_weight': 1, 'model__n_estimators': 200, 'model__reg_alpha': 0.1, 'model__reg_lambda': 5, 'model__subsample': 0.8}",0.2032487180212914,0.2024309305376234,0.20394291644815377,0.20320752166902287,0.0006179526427328453,14,0.7276117497990349,0.7305811216470555,0.7317843846953117,0.7299924187138007,0.0017535960865459482,14,0.00412725709372313,0.004468121670390101,0.0044742729306487695,0.004356550564920667,0.0001621544149898574,21,0.0020714655618850335,0.002244475138121547,0.002244475138121547,0.0021868052793760427,8.155749637803306e-05,21,0.5454545454545454,0.48148148148148145,0.6842105263157895,0.5703821844172721,0.084619961368658,2,
ADASYN,XGBoost,15.09432856241862,0.3063287075177588,0.9034948348999023,0.008375926698022866,0.8,1,0.1,3,1,100,0.0,1,0.8,"{'model__colsample_bytree': 0.8, 'model__gamma': 1, 'model__learning_rate': 0.1, 'model__max_depth': 3, 'model__min_child_weight': 1, 'model__n_estimators': 100, 'model__reg_alpha': 0, 'model__reg_lambda': 1, 'model__subsample': 0.8}",0.2002911680748245,0.20131124287980415,0.2019788056456685,0.20119373886676573,0.0006939671161475226,20,0.7251548613647492,0.7306885998315571,0.7297734071628879,0.7285389561197313,0.0024219093553393034,23,0.0041258380608561115,0.002755295333218529,0.005836909871244635,0.004239347755106425,0.0012606216398428362,23,0.0020714655618850335,0.0013812154696132596,0.0029350828729281767,0.0021292546348088233,0.0006356784614269513,22,0.5,0.5333333333333333,0.5151515151515151,0.5161616161616162,0.01362700763962832,17,
ADASYN,XGBoost,14.950996239980062,0.16389438763825373,0.9382047653198242,0.052993707226144306,0.8,1,0.1,3,1,100,0.0,5,0.8,"{'model__colsample_bytree': 0.8, 'model__gamma': 1, 'model__learning_rate': 0.1, 'model__max_depth': 3, 'model__min_child_weight': 1, 'model__n_estimators': 100, 'model__reg_alpha': 0, 'model__reg_lambda': 5, 'model__subsample': 0.8}",0.20168723847298592,0.20039559241876503,0.20063215269268242,0.20090499452814448,0.0005614976299919207,23,0.7267160382708182,0.730411407884906,0.7288003528004583,0.7286425996520608,0.0015127466604497506,21,0.003437016669530847,0.004461221688400824,0.003783319002579536,0.0038938524535037356,0.0004253721609755561,27,0.0017262213015708614,0.002244475138121547,0.001899171270718232,0.0019566225701368803,0.00021544101842274532,26,0.38461538461538464,0.3611111111111111,0.4782608695652174,0.407995788430571,0.050603023219202695,24,
ADASYN,XGBoost,15.097019831339518,0.3636806654930247,0.9468412399291992,0.05863321591547382,0.8,1,0.1,3,1,100,0.1,1,0.8,"{'model__colsample_bytree': 0.8, 'model__gamma': 1, 'model__learning_rate': 0.1, 'model__max_depth': 3, 'model__min_child_weight': 1, 'model__n_estimators': 100, 'model__reg_alpha': 0.1, 'model__reg_lambda': 1, 'model__subsample': 0.8}",0.20153891252578549,0.2016698770199533,0.20157995806241558,0.20159624920271813,5.469293447618735e-05,19,0.725299543624355,0.7311141229805272,0.7293645681167893,0.7285927449072238,0.002435722558424096,22,0.005150214592274678,0.002754346703391289,0.004131520055086934,0.004012027116917634,0.000981751719105493,24,0.002589331952356292,0.0013812154696132596,0.0020718232044198894,0.0020141235421298137,0.0004948961488636719,25,0.46875,0.47058823529411764,0.7058823529411765,0.5484068627450981,0.11135451580910564,5,
ADASYN,XGBoost,14.932592471440634,0.2611101368623003,0.9155121644337972,0.010933392563546128,0.8,1,0.1,3,1,100,0.1,5,0.8,"{'model__colsample_bytree': 0.8, 'model__gamma': 1, 'model__learning_rate': 0.1, 'model__max_depth': 3, 'model__min_child_weight': 1, 'model__n_estimators': 100, 'model__reg_alpha': 0.1, 'model__reg_lambda': 5, 'model__subsample': 0.8}",0.202156761490914,0.20038931104778462,0.20062900283397986,0.20105835845755948,0.0007828281871326743,21,0.7269247092719857,0.7304109812283688,0.7287983464677237,0.7287113456560261,0.001424593484563881,20,0.0051466803911477095,0.004461221688400824,0.003783319002579536,0.004463740360709356,0.0005565928055243995,20,0.002589331952356292,0.002244475138121547,0.001899171270718232,0.0022443261203986906,0.00028175693812751597,19,0.4166666666666667,0.3611111111111111,0.4782608695652174,0.41867954911433175,0.04784736320338493,23,
ADASYN,XGBoost,19.901899019877117,0.35842578940926034,0.9480501015981039,0.006234069394988405,0.8,1,0.1,3,1,200,0.0,1,0.8,"{'model__colsample_bytree': 0.8, 'model__gamma': 1, 'model__learning_rate': 0.1, 'model__max_depth': 3, 'model__min_child_weight': 1, 'model__n_estimators': 200, 'model__reg_alpha': 0, 'model__reg_lambda': 1, 'model__subsample': 0.8}",0.22317735786541548,0.22566406286853768,0.22926389924838664,0.22603510666077994,0.0024986331761553474,7,0.7409371759082316,0.7456792034411446,0.746639463342508,0.744418614230628,0.0024927674532574623,7,0.0246330352623587,0.020311442112389978,0.02132340497546116,0.022089294116736612,0.0018455318061030318,5,0.012601415501467287,0.010359116022099447,0.01087707182320442,0.011279201115590385,0.0009585606274129455,5,0.5447761194029851,0.5172413793103449,0.5384615384615384,0.5334930123916228,0.01177724264483233,10,
ADASYN,XGBoost,20.080684820810955,0.24784587434630934,0.9491853713989258,0.0057969988325240335,0.8,1,0.1,3,1,200,0.0,5,0.8,"{'model__colsample_bytree': 0.8, 'model__gamma': 1, 'model__learning_rate': 0.1, 'model__max_depth': 3, 'model__min_child_weight': 1, 'model__n_estimators': 200, 'model__reg_alpha': 0, 'model__reg_lambda': 5, 'model__subsample': 0.8}",0.22457391509992852,0.22639692203500794,0.22751112535831836,0.22616065416441825,0.0012106934391778264,4,0.741578831156609,0.7465025484744647,0.7460764049721245,0.7447192615343994,0.002227424041272504,3,0.02526103065005052,0.0209636517328825,0.019989835676774523,0.022071506019902515,0.002290106249722052,6,0.01294665976178146,0.010704419889502763,0.01018646408839779,0.011279181246560672,0.0011978962119807567,7,0.5172413793103449,0.5040650406504065,0.5315315315315315,0.5176126504974277,0.011216220755420846,16,
ADASYN,XGBoost,20.600887616475422,0.5627637384698517,0.9780851205190023,0.0187194486810362,0.8,1,0.1,3,1,200,0.1,1,0.8,"{'model__colsample_bytree': 0.8, 'model__gamma': 1, 'model__learning_rate': 0.1, 'model__max_depth': 3, 'model__min_child_weight': 1, 'model__n_estimators': 200, 'model__reg_alpha': 0.1, 'model__reg_lambda': 1, 'model__subsample': 0.8}",0.22357062815633533,0.22697491539536246,0.22884091452590224,0.22646215269253334,0.002181921751785213,3,0.7409473641731301,0.7465344482488131,0.746634038522426,0.744705283648123,0.002657561368504109,4,0.026311350986675662,0.020335536349771224,0.021672875042329835,0.022773254126258902,0.002560692060091278,3,0.013464526152252718,0.010359116022099447,0.011049723756906077,0.011624455310419413,0.0013313227227254177,3,0.5735294117647058,0.5504587155963303,0.5614035087719298,0.561797212044322,0.009422685644174335,4,
ADASYN,XGBoost,20.898462692896526,0.5250415805416018,0.9849138259887695,0.027188479785479558,0.8,1,0.1,3,1,200,0.1,5,0.8,"{'model__colsample_bytree': 0.8, 'model__gamma': 1, 'model__learning_rate': 0.1, 'model__max_depth': 3, 'model__min_child_weight': 1, 'model__n_estimators': 200, 'model__reg_alpha': 0.1, 'model__reg_lambda': 5, 'model__subsample': 0.8}",0.22394086262768576,0.2259260715027765,0.2280975356574949,0.22598815659598573,0.001697522427595544,8,0.7422057627527086,0.7460174923421695,0.7465063412678536,0.744909865454244,0.0019224761608185985,1,0.023917803604514065,0.02132701421800948,0.019986449864498646,0.021743755895674063,0.0016317967146084352,8,0.012256171241153116,0.01087707182320442,0.01018646408839779,0.011106569050918442,0.0008603966750625187,8,0.4930555555555556,0.5431034482758621,0.5267857142857143,0.5209815727057107,0.02084008854821836,12,
RandomUnderSampler,XGBoost,3.046971638997396,0.11944816053586765,0.9594624837239584,0.044235842000431944,0.8,0,0.05,3,1,100,0.0,1,0.8,"{'model__colsample_bytree': 0.8, 'model__gamma': 0, 'model__learning_rate': 0.05, 'model__max_depth': 3, 'model__min_child_weight': 1, 'model__n_estimators': 100, 'model__reg_alpha': 0, 'model__reg_lambda': 1, 'model__subsample': 0.8}",0.2224261717333419,0.22708223833329227,0.22936977151502536,0.22629272719388652,0.0028891625501152873,31,0.7436987060249312,0.7456935828134581,0.7452200477164295,0.7448707788516064,0.0008510287520807089,25,0.25603501780289417,0.25606891151135475,0.25691970850625795,0.2563412126068356,0.0004092923365229614,27,0.6765061280856206,0.6774861878453039,0.6786947513812155,0.6775623557707133,0.0008951235099698194,25,0.15789685737308623,0.15786932732539427,0.15845056229594098,0.1580722489981405,0.00026774389423600455,28,
RandomUnderSampler,XGBoost,3.079190492630005,0.07450951653129044,0.9212687015533447,0.026726236381495724,0.8,0,0.05,3,1,100,0.0,5,0.8,"{'model__colsample_bytree': 0.8, 'model__gamma': 0, 'model__learning_rate': 0.05, 'model__max_depth': 3, 'model__min_child_weight': 1, 'model__n_estimators': 100, 'model__reg_alpha': 0, 'model__reg_lambda': 5, 'model__subsample': 0.8}",0.2226456418960924,0.2277542804709189,0.2293810532536573,0.22659365854022287,0.0028695788295396204,25,0.7437399785735006,0.7458463795130315,0.7449546398662843,0.7448469993176055,0.0008632964324047,27,0.2547605121206213,0.2557805355976486,0.2563934640950915,0.2556448372711205,0.0006735198906236036,31,0.6766787502157776,0.6761049723756906,0.6759323204419889,0.6762386810111524,0.0003190588777403036,31,0.15691925863656378,0.15772514902529403,0.15820099405988605,0.15761513390724793,0.000529017276654742,31,
RandomUnderSampler,XGBoost,2.8986730575561523,0.08468142144611794,0.9611674944559733,0.03730675821438809,0.8,0,0.05,3,1,100,0.1,1,0.8,"{'model__colsample_bytree': 0.8, 'model__gamma': 0, 'model__learning_rate': 0.05, 'model__max_depth': 3, 'model__min_child_weight': 1, 'model__n_estimators': 100, 'model__reg_alpha': 0.1, 'model__reg_lambda': 1, 'model__subsample': 0.8}",0.22237195756194805,0.22763629369566274,0.22899709401206092,0.22633511508989057,0.002856910635487564,29,0.7436617843601,0.7457007430524611,0.7450541241301442,0.744805550514235,0.0008507564356435389,31,0.2560250800078375,0.2563265306122449,0.25666666666666665,0.2563394257622497,0.00026208532181602723,28,0.6766787502157776,0.6776588397790055,0.6780041436464088,0.677447244547064,0.0005613948955505904,29,0.15787989850577952,0.1580558128297024,0.15829571106094809,0.15807714079881,0.0001704233590379045,26,
RandomUnderSampler,XGBoost,2.992309331893921,0.16711759670266543,0.9486220677693685,0.056354398510890136,0.8,0,0.05,3,1,100,0.1,5,0.8,"{'model__colsample_bytree': 0.8, 'model__gamma': 0, 'model__learning_rate': 0.05, 'model__max_depth': 3, 'model__min_child_weight': 1, 'model__n_estimators': 100, 'model__reg_alpha': 0.1, 'model__reg_lambda': 5, 'model__subsample': 0.8}",0.22313167030791503,0.22769144694378823,0.22855840926707696,0.22646050883959343,0.0023803053578607012,27,0.7437739939788479,0.7456799376568422,0.7450506022505687,0.744834844628753,0.0007929139673593258,30,0.25468820972032963,0.25562438865340725,0.25713537575281487,0.25581599137551725,0.0010081961118675786,29,0.6775418608665631,0.6767955801104972,0.6781767955801105,0.6775047455190569,0.0005644892707218331,27,0.15681809101442326,0.15756893640967923,0.15864297253634896,0.15767666665348382,0.0007488891757525984,29,
RandomUnderSampler,XGBoost,3.335944573084513,0.06312068240287447,1.011912743250529,0.01651888317711199,0.8,0,0.05,3,1,200,0.0,1,0.8,"{'model__colsample_bytree': 0.8, 'model__gamma': 0, 'model__learning_rate': 0.05, 'model__max_depth': 3, 'model__min_child_weight': 1, 'model__n_estimators': 200, 'model__reg_alpha': 0, 'model__reg_lambda': 1, 'model__subsample': 0.8}",0.22944240178600747,0.23607844251120336,0.23660794928599888,0.23404293119440323,0.0032602400202310557,9,0.7493913120192633,0.7517635088882766,0.751666609430125,0.7509404767792217,0.0010961389712288592,13,0.25957362810896173,0.2600079270709473,0.2609810625986323,0.26018753925951377,0.0005884518470188228,9,0.6809943034697048,0.6795580110497238,0.6852555248618785,0.6819359464604356,0.002419426178720587,11,0.160346299231801,0.16075804607090344,0.1611842105263158,0.16076285194300674,0.0003420927327240098,9,
RandomUnderSampler,XGBoost,3.257545312245687,0.0835793803991665,0.9925393263498942,0.013755475017945188,0.8,0,0.05,3,1,200,0.0,5,0.8,"{'model__colsample_bytree': 0.8, 'model__gamma': 0, 'model__learning_rate': 0.05, 'model__max_depth': 3, 'model__min_child_weight': 1, 'model__n_estimators': 200, 'model__reg_alpha': 0, 'model__reg_lambda': 5, 'model__subsample': 0.8}",0.2287930873810578,0.23595326005458755,0.23657867315096956,0.23377500686220498,0.0035319896822005575,13,0.7493263615034016,0.7519918264124582,0.7516092516098825,0.7509758131752474,0.0011767494729714022,11,0.25942081269882916,0.25996167316460717,0.26059788864406225,0.25999345816916625,0.00048106455568021475,11,0.6827205247712756,0.6792127071823204,0.6840469613259669,0.6819933977598542,0.002039450669403349,10,0.16013442383998705,0.16074201193102886,0.16095876498070283,0.16061173358390624,0.00034891633654874667,11,
RandomUnderSampler,XGBoost,3.348804314931234,0.05742822824299069,1.0264979998270671,0.0075871170843259455,0.8,0,0.05,3,1,200,0.1,1,0.8,"{'model__colsample_bytree': 0.8, 'model__gamma': 0, 'model__learning_rate': 0.05, 'model__max_depth': 3, 'model__min_child_weight': 1, 'model__n_estimators': 200, 'model__reg_alpha': 0.1, 'model__reg_lambda': 1, 'model__subsample': 0.8}",0.22920352413133574,0.23532594186136568,0.23553191914663898,0.2333537950464468,0.0029358892079600868,16,0.7493509031047592,0.7515551892533228,0.7517827476953217,0.7508962800178013,0.0010966883676638475,14,0.2592690154757985,0.2594294403490794,0.2606837606837607,0.2597940721695462,0.0006325046899619036,14,0.6796133264284481,0.6774861878453039,0.6845649171270718,0.6805548104669411,0.0029655686590368715,17,0.16019042193921146,0.16043174291671777,0.16099561474744192,0.16053925986779038,0.0003373956981374425,14,
RandomUnderSampler,XGBoost,3.716456651687622,0.2596783723991439,1.1538283824920654,0.07900900667508298,0.8,0,0.05,3,1,200,0.1,5,0.8,"{'model__colsample_bytree': 0.8, 'model__gamma': 0, 'model__learning_rate': 0.05, 'model__max_depth': 3, 'model__min_child_weight': 1, 'model__n_estimators': 200, 'model__reg_alpha': 0.1, 'model__reg_lambda': 5, 'model__subsample': 0.8}",0.23008260668460823,0.23538888896522903,0.2361760937097086,0.23388252978651528,0.002706102303158303,12,0.7497270196658374,0.7517207660175763,0.7517054377925345,0.7510510744919827,0.0009362690587645437,9,0.2592361907883953,0.25897190399154807,0.26023333992485664,0.25948047823493336,0.0005431773319169152,16,0.6825479026411186,0.6771408839779005,0.6816298342541437,0.6804395402910542,0.0023624228375437825,18,0.16000323729362254,0.16010123688614933,0.16081466395112015,0.160306379376964,0.00036163138348109443,16,
RandomUnderSampler,XGBoost,3.041977326075236,0.011890434330764024,1.0895743370056152,0.09401853495591406,0.8,0,0.1,3,1,100,0.0,1,0.8,"{'model__colsample_bytree': 0.8, 'model__gamma': 0, 'model__learning_rate': 0.1, 'model__max_depth': 3, 'model__min_child_weight': 1, 'model__n_estimators': 100, 'model__reg_alpha': 0, 'model__reg_lambda': 1, 'model__subsample': 0.8}",0.22698850135454168,0.23559117009373376,0.2331805127284138,0.23192006139222976,0.003623353008585122,24,0.7477605785489837,0.7507870020106777,0.7508147791835166,0.749787453247726,0.0014332617058383512,24,0.2583319624938312,0.2591699957080128,0.26073059360730594,0.25941085060304997,0.0009939369916246426,19,0.6777144829967202,0.6776588397790055,0.6900897790055248,0.6818210339270836,0.005846929845146924,12,0.1595805219087879,0.16022370086132995,0.1607286472575197,0.16017762334254584,0.0004698512583099035,19,
RandomUnderSampler,XGBoost,3.320026954015096,0.08158137683568066,1.0314144293467205,0.04558329378254315,0.8,0,0.1,3,1,100,0.0,5,0.8,"{'model__colsample_bytree': 0.8, 'model__gamma': 0, 'model__learning_rate': 0.1, 'model__max_depth': 3, 'model__min_child_weight': 1, 'model__n_estimators': 100, 'model__reg_alpha': 0, 'model__reg_lambda': 5, 'model__subsample': 0.8}",0.2278365184172939,0.23488941412406872,0.2346963688291153,0.23247410045682596,0.0032802125948906318,21,0.7480708456296505,0.7505376526749847,0.7507909714869886,0.7497998232638746,0.0012269380179574653,21,0.25794773909037055,0.2597274017359163,0.25966199397353595,0.2591123782666076,0.0008239570587372795,21,0.6765061280856206,0.679385359116022,0.6843922651933702,0.680094584131671,0.00325832673956769,21,0.1593542878054731,0.16055326614712961,0.16022635408245756,0.16004463601168675,0.0005060654495707416,21,
RandomUnderSampler,XGBoost,3.2381688753763833,0.1147782651028146,1.0906953811645508,0.05463137378611002,0.8,0,0.1,3,1,100,0.1,1,0.8,"{'model__colsample_bytree': 0.8, 'model__gamma': 0, 'model__learning_rate': 0.1, 'model__max_depth': 3, 'model__min_child_weight': 1, 'model__n_estimators': 100, 'model__reg_alpha': 0.1, 'model__reg_lambda': 1, 'model__subsample': 0.8}",0.22813349668210955,0.23643566635130897,0.23320359773063726,0.23259092025468528,0.0034169221599950513,20,0.7488617669408627,0.7509053206740064,0.7507235191824779,0.7501635355991155,0.0009234768271006397,20,0.2577200672313219,0.2593730386813332,0.26011050446268025,0.2590678701251118,0.0009994643315448992,24,0.6749525289142068,0.6778314917127072,0.6868093922651933,0.6798644709640357,0.005049492093814419,24,0.15926680244399186,0.16036926596135778,0.16043557168784028,0.1600238800310633,0.0005360186358548498,24,
RandomUnderSampler,XGBoost,3.3575334548950195,0.2484712360128431,1.0766630967458088,0.02617846160787689,0.8,0,0.1,3,1,100,0.1,5,0.8,"{'model__colsample_bytree': 0.8, 'model__gamma': 0, 'model__learning_rate': 0.1, 'model__max_depth': 3, 'model__min_child_weight': 1, 'model__n_estimators': 100, 'model__reg_alpha': 0.1, 'model__reg_lambda': 5, 'model__subsample': 0.8}",0.22765323933808693,0.2352206730478721,0.23534102148202896,0.2327383112893293,0.0035960245177496697,18,0.748493027908361,0.7510190704478522,0.7511875605171726,0.7502332196244619,0.0012324224471759134,18,0.2581218524735855,0.25986690386769457,0.26041186920192116,0.2594668751810671,0.0009767501784345865,18,0.6768513723459347,0.680939226519337,0.6833563535911602,0.6803823174854773,0.0026846857052772112,19,0.15946803318692046,0.16057324322123606,0.16085507599772414,0.16029878413529355,0.0005985915592137043,18,
RandomUnderSampler,XGBoost,3.3010901610056558,0.1840487553569854,1.054270585378011,0.05292819778854608,0.8,0,0.1,3,1,200,0.0,1,0.8,"{'model__colsample_bytree': 0.8, 'model__gamma': 0, 'model__learning_rate': 0.1, 'model__max_depth': 3, 'model__min_child_weight': 1, 'model__n_estimators': 200, 'model__reg_alpha': 0, 'model__reg_lambda': 1, 'model__subsample': 0.8}",0.2290254371235803,0.23811015405565075,0.23611038172966842,0.23441532430296652,0.003897686082265122,8,0.7490912763851985,0.7537715312352371,0.7537394717918778,0.7522007598041044,0.0021987757656350003,8,0.25932762030323003,0.26345514950166116,0.2615601719667881,0.26144764725722647,0.0016869342367485899,4,0.6790954600379768,0.6845649171270718,0.6880179558011049,0.6838927776553846,0.003673468956613964,4,0.1602639833788243,0.16311502386045745,0.16147331739535636,0.16161744154487936,0.001168385434359325,3,
RandomUnderSampler,XGBoost,3.679509003957113,0.183919756515629,1.1550226211547852,0.012470639601501157,0.8,0,0.1,3,1,200,0.0,5,0.8,"{'model__colsample_bytree': 0.8, 'model__gamma': 0, 'model__learning_rate': 0.1, 'model__max_depth': 3, 'model__min_child_weight': 1, 'model__n_estimators': 200, 'model__reg_alpha': 0, 'model__reg_lambda': 5, 'model__subsample': 0.8}",0.23034264294982076,0.23759716760397864,0.23762450786131195,0.23518810613837046,0.003426278058974038,3,0.7499691865833767,0.7539254665580848,0.7545767970249841,0.7528238167221485,0.002035967053788138,4,0.2603690425286978,0.26330009005703614,0.26227356261485957,0.26198089840019784,0.0012143583107282752,1,0.6832383911617469,0.681457182320442,0.6899171270718232,0.6848709001846706,0.0036415638198949063,1,0.16082893132872816,0.16317334325519864,0.1619124797406807,0.16197158477486917,0.0009580142219000246,1,
RandomUnderSampler,XGBoost,3.6965157190958657,0.1126901491114193,1.1021803220113118,0.06766209996046828,0.8,0,0.1,3,1,200,0.1,1,0.8,"{'model__colsample_bytree': 0.8, 'model__gamma': 0, 'model__learning_rate': 0.1, 'model__max_depth': 3, 'model__min_child_weight': 1, 'model__n_estimators': 200, 'model__reg_alpha': 0.1, 'model__reg_lambda': 1, 'model__subsample': 0.8}",0.2305752084657121,0.23716219585392867,0.2363133936368158,0.23468359931881885,0.0029256649218439607,5,0.7503765706232307,0.7530319692434558,0.7536553667947927,0.7523546355538264,0.0014216684515016562,6,0.2597582265555519,0.2620630067792104,0.26097186366458613,0.26093103233311615,0.0009413654508439765,8,0.6806490592093907,0.6807665745856354,0.6893991712707183,0.6836049350219148,0.004097424617661253,7,0.16050639094683708,0.16226337448559672,0.1609496553670039,0.1612398069331459,0.0007460512660530673,8,
RandomUnderSampler,XGBoost,3.5678274631500244,0.24837482427561527,1.0609973271687825,0.06890682232822372,0.8,0,0.1,3,1,200,0.1,5,0.8,"{'model__colsample_bytree': 0.8, 'model__gamma': 0, 'model__learning_rate': 0.1, 'model__max_depth': 3, 'model__min_child_weight': 1, 'model__n_estimators': 200, 'model__reg_alpha': 0.1, 'model__reg_lambda': 5, 'model__subsample': 0.8}",0.23130727615644742,0.23806552160903177,0.23725498949930574,0.2355425957549283,0.003013048251763374,1,0.7508511728726364,0.7544501415452693,0.7545983955306079,0.7532999033161712,0.001732571383784417,1,0.26051085736915053,0.26188346748815794,0.26112604050599725,0.26117345512110185,0.0005613678199983365,5,0.681339547730019,0.6824930939226519,0.6878453038674033,0.6838926485066915,0.002834346544920915,5,0.16104288220653637,0.16202811821125548,0.16115201035514926,0.16140767025764705,0.000440979202500981,5,
RandomUnderSampler,XGBoost,3.268368641535441,0.07749381342913668,1.008471409479777,0.050100868882251536,0.8,1,0.05,3,1,100,0.0,1,0.8,"{'model__colsample_bytree': 0.8, 'model__gamma': 1, 'model__learning_rate': 0.05, 'model__max_depth': 3, 'model__min_child_weight': 1, 'model__n_estimators': 100, 'model__reg_alpha': 0, 'model__reg_lambda': 1, 'model__subsample': 0.8}",0.2224167011233305,0.22708546516172895,0.2293718295047511,0.22629133192993686,0.0028944128239176002,32,0.7436943813119219,0.7456890702007579,0.74522788720311,0.7448704462385966,0.0008526503672454333,26,0.25604338168038676,0.25606891151135475,0.25691970850625795,0.2563440005659998,0.00040722038867138226,26,0.6765061280856206,0.6774861878453039,0.6786947513812155,0.6775623557707133,0.0008951235099698194,25,0.1579032193077884,0.15786932732539427,0.15845056229594098,0.15807436964304122,0.00026636797941879226,27,
RandomUnderSampler,XGBoost,3.1550020376841226,0.02624187216109226,1.0265476703643799,0.01769825647853189,0.8,1,0.05,3,1,100,0.0,5,0.8,"{'model__colsample_bytree': 0.8, 'model__gamma': 1, 'model__learning_rate': 0.05, 'model__max_depth': 3, 'model__min_child_weight': 1, 'model__n_estimators': 100, 'model__reg_alpha': 0, 'model__reg_lambda': 5, 'model__subsample': 0.8}",0.2226456418960924,0.2277542804709189,0.22938076739699984,0.2265935632546704,0.002869486274616089,26,0.7437399785735006,0.7458463795130315,0.7449542328411829,0.7448468636425716,0.0008632795368523175,28,0.2547605121206213,0.2557805355976486,0.256376673979241,0.255639240565837,0.0006673170175287921,32,0.6766787502157776,0.6761049723756906,0.6759323204419889,0.6762386810111524,0.0003190588777403036,31,0.15691925863656378,0.15772514902529403,0.1581882096246313,0.15761087242882968,0.000524311299327654,32,
RandomUnderSampler,XGBoost,3.1291891733805337,0.09364777904555734,0.9669890403747559,0.04043165280389059,0.8,1,0.05,3,1,100,0.1,1,0.8,"{'model__colsample_bytree': 0.8, 'model__gamma': 1, 'model__learning_rate': 0.05, 'model__max_depth': 3, 'model__min_child_weight': 1, 'model__n_estimators': 100, 'model__reg_alpha': 0.1, 'model__reg_lambda': 1, 'model__subsample': 0.8}",0.2223642008405694,0.22764075887181184,0.22899709401206092,0.22633401790814736,0.002861176554693742,30,0.7436574648812366,0.7456956702894606,0.7450541241301442,0.744802419766947,0.0008509158346031943,32,0.25603344110251136,0.2563516426098883,0.25666666666666665,0.2563505834596888,0.00025851433889864623,25,0.6766787502157776,0.6776588397790055,0.6780041436464088,0.677447244547064,0.0005613948955505904,29,0.1578862574512647,0.15807490938380991,0.15829571106094809,0.1580856259653409,0.00016733040859423883,25,
RandomUnderSampler,XGBoost,3.15722648302714,0.03279088310007654,1.0396215120951335,0.0867161913059398,0.8,1,0.05,3,1,100,0.1,5,0.8,"{'model__colsample_bytree': 0.8, 'model__gamma': 1, 'model__learning_rate': 0.05, 'model__max_depth': 3, 'model__min_child_weight': 1, 'model__n_estimators': 100, 'model__reg_alpha': 0.1, 'model__reg_lambda': 5, 'model__subsample': 0.8}",0.22312176536721096,0.22769144694378823,0.22855840926707696,0.22645720719269205,0.002384922786433842,28,0.7437741038959108,0.7456799376568422,0.7450506022505687,0.744834881267774,0.000792864947680206,29,0.25468820972032963,0.25562438865340725,0.25713537575281487,0.25581599137551725,0.0010081961118675786,29,0.6775418608665631,0.6767955801104972,0.6781767955801105,0.6775047455190569,0.0005644892707218331,27,0.15681809101442326,0.15756893640967923,0.15864297253634896,0.15767666665348382,0.0007488891757525984,29,
RandomUnderSampler,XGBoost,3.5481200218200684,0.22793915296864803,1.121491273244222,0.0202839631958337,0.8,1,0.05,3,1,200,0.0,1,0.8,"{'model__colsample_bytree': 0.8, 'model__gamma': 1, 'model__learning_rate': 0.05, 'model__max_depth': 3, 'model__min_child_weight': 1, 'model__n_estimators': 200, 'model__reg_alpha': 0, 'model__reg_lambda': 1, 'model__subsample': 0.8}",0.2294398085039558,0.23579694899322912,0.2367525239278035,0.2339964271416628,0.0032455467871141913,10,0.7494030273462138,0.7514990590521963,0.7516249567584908,0.750842347718967,0.0010190501818456014,16,0.25959924982726285,0.2594594594594595,0.26066957978775834,0.2599094296914935,0.0005405284225466634,12,0.6809943034697048,0.6795580110497238,0.6849102209944752,0.6818208451713011,0.0022618452955544045,14,0.1603658536585366,0.16033892781489328,0.1609657131263948,0.16055683153327488,0.0002893318373519461,13,
RandomUnderSampler,XGBoost,3.82174022992452,0.1574060655679982,1.1131186485290527,0.035132231867936764,0.8,1,0.05,3,1,200,0.0,5,0.8,"{'model__colsample_bytree': 0.8, 'model__gamma': 1, 'model__learning_rate': 0.05, 'model__max_depth': 3, 'model__min_child_weight': 1, 'model__n_estimators': 200, 'model__reg_alpha': 0, 'model__reg_lambda': 5, 'model__subsample': 0.8}",0.2287930873810578,0.23594940919121316,0.23657908809329714,0.23377386155518934,0.0035313082948773525,14,0.7493263615034016,0.7519923917978082,0.7516075515275455,0.7509754349429185,0.0011766075287576866,12,0.25942081269882916,0.2600363456137452,0.26059788864406225,0.2600183489855456,0.00048070771034764207,10,0.6827205247712756,0.679385359116022,0.6840469613259669,0.6820509484044215,0.0019611022707018283,9,0.16013442383998705,0.16078944142524415,0.16095876498070283,0.16062754341531135,0.0003554741465369883,10,
RandomUnderSampler,XGBoost,3.743972380956014,0.08662998136889136,1.0959654649098713,0.016847033944014225,0.8,1,0.05,3,1,200,0.1,1,0.8,"{'model__colsample_bytree': 0.8, 'model__gamma': 1, 'model__learning_rate': 0.05, 'model__max_depth': 3, 'model__min_child_weight': 1, 'model__n_estimators': 200, 'model__reg_alpha': 0.1, 'model__reg_lambda': 1, 'model__subsample': 0.8}",0.22919259172089473,0.23545750811903848,0.23552941469181557,0.23339317151058292,0.0029704035153443184,15,0.7493551924872839,0.7515486271187293,0.7517733455463549,0.7508923883841226,0.0010908262959402717,15,0.2592690154757985,0.25966650156843324,0.2607209753212185,0.2598854974551501,0.0006126533805109279,13,0.6796133264284481,0.6788674033149171,0.6849102209944752,0.6811303169126135,0.0026900875418074044,15,0.16019042193921146,0.1605356632507247,0.1610049109135923,0.16057699870117614,0.00033379588268381624,12,
RandomUnderSampler,XGBoost,3.6898880004882812,0.022605383507852298,1.1513621807098389,0.03870492141437812,0.8,1,0.05,3,1,200,0.1,5,0.8,"{'model__colsample_bytree': 0.8, 'model__gamma': 1, 'model__learning_rate': 0.05, 'model__max_depth': 3, 'model__min_child_weight': 1, 'model__n_estimators': 200, 'model__reg_alpha': 0.1, 'model__reg_lambda': 5, 'model__subsample': 0.8}",0.23007510708337275,0.23553579643790246,0.23611653029195329,0.23390914460440948,0.0027214206751680725,11,0.7497267108512322,0.7516263793832023,0.7517048409968874,0.7510193104104407,0.0009145670274524729,10,0.2592361907883953,0.25942804306188494,0.26033398109416683,0.25966607164814903,0.0004787338124474024,15,0.6825479026411186,0.6781767955801105,0.6823204419889503,0.6810150467367264,0.0020090937937447045,16,0.16000323729362254,0.16039199673336055,0.16085310757458587,0.16041611386718965,0.0003473769333392515,15,
RandomUnderSampler,XGBoost,3.163626035054525,0.06018836978248881,1.068677028020223,0.02276624641948452,0.8,1,0.1,3,1,100,0.0,1,0.8,"{'model__colsample_bytree': 0.8, 'model__gamma': 1, 'model__learning_rate': 0.1, 'model__max_depth': 3, 'model__min_child_weight': 1, 'model__n_estimators': 100, 'model__reg_alpha': 0, 'model__reg_lambda': 1, 'model__subsample': 0.8}",0.22698850135454168,0.23559117009373376,0.23318347457811822,0.23192104867546456,0.0036236967062965174,23,0.7477605785489837,0.7507870020106777,0.7508257348334333,0.7497911051310316,0.0014358861858777673,23,0.2583319624938312,0.2591699957080128,0.26073059360730594,0.25941085060304997,0.0009939369916246426,19,0.6777144829967202,0.6776588397790055,0.6900897790055248,0.6818210339270836,0.005846929845146924,12,0.1595805219087879,0.16022370086132995,0.1607286472575197,0.16017762334254584,0.0004698512583099035,19,
RandomUnderSampler,XGBoost,3.1131231784820557,0.06655023625641227,1.094328244527181,0.04911784908886787,0.8,1,0.1,3,1,100,0.0,5,0.8,"{'model__colsample_bytree': 0.8, 'model__gamma': 1, 'model__learning_rate': 0.1, 'model__max_depth': 3, 'model__min_child_weight': 1, 'model__n_estimators': 100, 'model__reg_alpha': 0, 'model__reg_lambda': 5, 'model__subsample': 0.8}",0.2278365184172939,0.23488941412406872,0.23469502708817558,0.23247365320984606,0.0032799096423686376,22,0.7480708456296505,0.7505376526749847,0.7507873030260261,0.7497986004435537,0.0012259510178274412,22,0.25794773909037055,0.2597274017359163,0.25966199397353595,0.2591123782666076,0.0008239570587372795,21,0.6765061280856206,0.679385359116022,0.6843922651933702,0.680094584131671,0.00325832673956769,21,0.1593542878054731,0.16055326614712961,0.16022635408245756,0.16004463601168675,0.0005060654495707416,21,
RandomUnderSampler,XGBoost,3.258249600728353,0.0607833610259026,1.113021691640218,0.039519341517203155,0.8,1,0.1,3,1,100,0.1,1,0.8,"{'model__colsample_bytree': 0.8, 'model__gamma': 1, 'model__learning_rate': 0.1, 'model__max_depth': 3, 'model__min_child_weight': 1, 'model__n_estimators': 100, 'model__reg_alpha': 0.1, 'model__reg_lambda': 1, 'model__subsample': 0.8}",0.22813349668210955,0.23643566635130897,0.23320403099966924,0.23259106467769594,0.0034169480620332144,19,0.7488617669408627,0.7509053206740064,0.7507240793327783,0.7501637223158824,0.0009235900803746472,19,0.2577200672313219,0.2593730386813332,0.2601673859029685,0.2590868306052079,0.0010194045540664247,23,0.6749525289142068,0.6778314917127072,0.6869820441988951,0.6799220216086029,0.005128680527540726,23,0.15926680244399186,0.16036926596135778,0.16046943055331506,0.16003516631955492,0.0005448519800968488,23,
RandomUnderSampler,XGBoost,3.0027600129445395,0.05830939355700304,0.9363952477773031,0.04454076855362731,0.8,1,0.1,3,1,100,0.1,5,0.8,"{'model__colsample_bytree': 0.8, 'model__gamma': 1, 'model__learning_rate': 0.1, 'model__max_depth': 3, 'model__min_child_weight': 1, 'model__n_estimators': 100, 'model__reg_alpha': 0.1, 'model__reg_lambda': 5, 'model__subsample': 0.8}",0.2276561572883606,0.23522579434817847,0.2353394230996742,0.23274045824540446,0.003595442952742554,17,0.7484953309325353,0.7510217220004423,0.7511839234665074,0.7502336587998283,0.0012309657887350318,17,0.2581218524735855,0.25986690386769457,0.26042043622725924,0.25946973085617975,0.000979517438663901,17,0.6768513723459347,0.680939226519337,0.6833563535911602,0.6803823174854773,0.0026846857052772112,19,0.15946803318692046,0.16057324322123606,0.16086161349319245,0.16030096330044966,0.0006006212250411339,17,
RandomUnderSampler,XGBoost,3.5964568456014,0.03198474439621248,1.0621339480082195,0.07270952878618095,0.8,1,0.1,3,1,200,0.0,1,0.8,"{'model__colsample_bytree': 0.8, 'model__gamma': 1, 'model__learning_rate': 0.1, 'model__max_depth': 3, 'model__min_child_weight': 1, 'model__n_estimators': 200, 'model__reg_alpha': 0, 'model__reg_lambda': 1, 'model__subsample': 0.8}",0.22889866505875872,0.23810676570418485,0.23625321089384343,0.234419547218929,0.0039765161660763465,7,0.7490804260008498,0.7537610611361649,0.7540959590338528,0.7523124820569559,0.002289494691386125,7,0.25889477668433003,0.2634376453391801,0.26203138336287835,0.2614546017954628,0.0018989333209616394,3,0.6789228379078198,0.6845649171270718,0.6890538674033149,0.6841805408127355,0.0041448963415196705,3,0.15994306628710858,0.16310160427807488,0.1617754357519254,0.16160670210570297,0.0012949758923418862,4,
RandomUnderSampler,XGBoost,3.637521743774414,0.34306051576582364,1.131271203358968,0.015477432932589606,0.8,1,0.1,3,1,200,0.0,5,0.8,"{'model__colsample_bytree': 0.8, 'model__gamma': 1, 'model__learning_rate': 0.1, 'model__max_depth': 3, 'model__min_child_weight': 1, 'model__n_estimators': 200, 'model__reg_alpha': 0, 'model__reg_lambda': 5, 'model__subsample': 0.8}",0.23028767557037666,0.23758709408539416,0.2372532298218878,0.23504266649255287,0.003365047829189088,4,0.7502320859526308,0.7539362782441392,0.7543987255062503,0.7528556965676735,0.0018647544721458363,3,0.2600230225291893,0.26330009005703614,0.26173793464737083,0.26168701574453207,0.0013383416221868971,2,0.6823752805109615,0.681457182320442,0.6900897790055248,0.6846407472789761,0.003871234612675026,2,0.16061270924752152,0.16317334325519864,0.1614949494949495,0.1617603339992232,0.0010620839049245271,2,
RandomUnderSampler,XGBoost,3.5440048376719155,0.014916964914525885,1.136756420135498,0.030404633886821672,0.8,1,0.1,3,1,200,0.1,1,0.8,"{'model__colsample_bytree': 0.8, 'model__gamma': 1, 'model__learning_rate': 0.1, 'model__max_depth': 3, 'model__min_child_weight': 1, 'model__n_estimators': 200, 'model__reg_alpha': 0.1, 'model__reg_lambda': 1, 'model__subsample': 0.8}",0.23046952035149865,0.23716054512591267,0.23627128089049673,0.234633782122636,0.0029668731906407884,6,0.7505007559676853,0.7530217307953255,0.7537879444242953,0.7524368103957687,0.0014042793864187263,5,0.25954349329732224,0.26207171579542055,0.2617704918032787,0.26112856696534054,0.0011275424228956584,6,0.6801311928189194,0.6807665745856354,0.6892265193370166,0.6833747622471904,0.004145939642277864,8,0.16037121458808207,0.16227005226552532,0.16156710377205763,0.161402790208555,0.0007838559993956039,6,
RandomUnderSampler,XGBoost,3.6797470251719155,0.19235431296898628,1.1025250752766926,0.05449971155893484,0.8,1,0.1,3,1,200,0.1,5,0.8,"{'model__colsample_bytree': 0.8, 'model__gamma': 1, 'model__learning_rate': 0.1, 'model__max_depth': 3, 'model__min_child_weight': 1, 'model__n_estimators': 200, 'model__reg_alpha': 0.1, 'model__reg_lambda': 5, 'model__subsample': 0.8}",0.23054310074171058,0.2380556086992392,0.23727397219571278,0.2352908938788875,0.003372327945794474,2,0.75064728457224,0.7544412157858102,0.7545982005250127,0.7532289002943543,0.0018266026487419411,2,0.2602581454461427,0.26188346748815794,0.2612314447684897,0.26112435256759675,0.0006678420420449912,7,0.6804764370792336,0.6824930939226519,0.6881906077348067,0.683720046245564,0.0032666156010822548,6,0.16089795918367347,0.16202811821125548,0.1612133468149646,0.16137980806996452,0.000476163045583051,7,
TomekLinks,XGBoost,64.51030604044597,3.255353234425531,0.9738706747690836,0.08249143000483583,0.8,0,0.05,3,1,100,0.0,1,0.8,"{'model__colsample_bytree': 0.8, 'model__gamma': 0, 'model__learning_rate': 0.05, 'model__max_depth': 3, 'model__min_child_weight': 1, 'model__n_estimators': 100, 'model__reg_alpha': 0, 'model__reg_lambda': 1, 'model__subsample': 0.8}",0.22297602304290032,0.22823766513688987,0.23217064111520208,0.2277947764316641,0.003766728304314588,27,0.7442366205025471,0.7472985050373742,0.7447034517194415,0.7454128590864544,0.0013469046824558413,27,0.004471964224286206,0.0024117140396210162,0.002413793103448276,0.003099157122451833,0.0009707215820415134,25,0.00224408769204212,0.0012085635359116022,0.0012085635359116022,0.0015537382546217747,0.0004881507685882442,25,0.6190476190476191,0.5384615384615384,0.875,0.6775030525030524,0.14347430036773276,3,
TomekLinks,XGBoost,63.03816843032837,2.043112285852368,0.9054412047068278,0.013915346813570111,0.8,0,0.05,3,1,100,0.0,5,0.8,"{'model__colsample_bytree': 0.8, 'model__gamma': 0, 'model__learning_rate': 0.05, 'model__max_depth': 3, 'model__min_child_weight': 1, 'model__n_estimators': 100, 'model__reg_alpha': 0, 'model__reg_lambda': 5, 'model__subsample': 0.8}",0.22286839089028848,0.2284810258847246,0.23167575317241784,0.22767505664914364,0.003640475921148767,29,0.7441698537380752,0.7474262428635805,0.7443798039432068,0.7453253001816208,0.0014880613533092002,31,0.004815961472308222,0.001723543605653223,0.0024133770039648336,0.0029842940273087596,0.0013254487922108194,29,0.002416709822199206,0.0008632596685082873,0.0012085635359116022,0.0014961776755396984,0.0006660046371140331,29,0.6666666666666666,0.5,0.7777777777777778,0.648148148148148,0.11415581486979585,5,
TomekLinks,XGBoost,68.01115377744038,1.43335403755822,0.9462645848592123,0.028480249138806556,0.8,0,0.05,3,1,100,0.1,1,0.8,"{'model__colsample_bytree': 0.8, 'model__gamma': 0, 'model__learning_rate': 0.05, 'model__max_depth': 3, 'model__min_child_weight': 1, 'model__n_estimators': 100, 'model__reg_alpha': 0.1, 'model__reg_lambda': 1, 'model__subsample': 0.8}",0.22278536031264193,0.22842564913097252,0.23231549900941778,0.22784216948434408,0.0039124776692413534,25,0.744237658171962,0.7474302345888517,0.7447018615731449,0.7454565847779863,0.0014083894777048456,25,0.0041293874741913286,0.0024117140396210162,0.002413793103448276,0.002984964872420207,0.0008092294273813975,27,0.0020714655618850335,0.0012085635359116022,0.0012085635359116022,0.0014961975445694127,0.0004067759160436158,27,0.631578947368421,0.5384615384615384,0.875,0.6816801619433198,0.14188524189188642,1,
TomekLinks,XGBoost,63.577234745025635,0.9639335626190674,0.9715214570363363,0.050214021609610866,0.8,0,0.05,3,1,100,0.1,5,0.8,"{'model__colsample_bytree': 0.8, 'model__gamma': 0, 'model__learning_rate': 0.05, 'model__max_depth': 3, 'model__min_child_weight': 1, 'model__n_estimators': 100, 'model__reg_alpha': 0.1, 'model__reg_lambda': 5, 'model__subsample': 0.8}",0.22267717402666148,0.22858279991521954,0.23171908242651013,0.22765968545613036,0.0037486114857146736,31,0.7443551516609463,0.7471896356384583,0.7444652203202007,0.7453366692065351,0.0013110154399836134,29,0.0030991735537190084,0.001723543605653223,0.0024133770039648336,0.0024120313877790214,0.0005615993806478413,31,0.0015535991714137752,0.0008632596685082873,0.0012085635359116022,0.0012084741252778883,0.0002818299289922265,31,0.6,0.5,0.7777777777777778,0.6259259259259259,0.11487453643904313,7,
TomekLinks,XGBoost,66.92351905504863,0.6389395662853077,0.9826775391896566,0.032037130906632905,0.8,0,0.05,3,1,200,0.0,1,0.8,"{'model__colsample_bytree': 0.8, 'model__gamma': 0, 'model__learning_rate': 0.05, 'model__max_depth': 3, 'model__min_child_weight': 1, 'model__n_estimators': 200, 'model__reg_alpha': 0, 'model__reg_lambda': 1, 'model__subsample': 0.8}",0.23073386830786355,0.23633935518479043,0.23984150972273152,0.2356382444051285,0.00375108431252202,17,0.7503711689847128,0.7531767118193179,0.7521060905299211,0.7518846571113172,0.0011560110202349385,17,0.02132701421800948,0.019031435853865762,0.017035775127768313,0.019131408399881186,0.0017533166884262646,17,0.010875194199896427,0.009668508287292817,0.008632596685082873,0.009725433057424038,0.0009164210187655202,17,0.5478260869565217,0.6021505376344086,0.6410256410256411,0.5970007552055238,0.03822241413943146,9,
TomekLinks,XGBoost,65.24410080909729,1.0161268270730819,0.9503035545349121,0.0027539316949031878,0.8,0,0.05,3,1,200,0.0,5,0.8,"{'model__colsample_bytree': 0.8, 'model__gamma': 0, 'model__learning_rate': 0.05, 'model__max_depth': 3, 'model__min_child_weight': 1, 'model__n_estimators': 200, 'model__reg_alpha': 0, 'model__reg_lambda': 5, 'model__subsample': 0.8}",0.2304455480294536,0.236646787479351,0.24003283356853017,0.23570838969244493,0.003969840786631063,11,0.749967900292034,0.7533536591111639,0.7520134144479829,0.7517783246170602,0.0013921903885080924,23,0.019993222636394442,0.017343989117497023,0.017708155967989102,0.01834845590729352,0.001172489536162927,23,0.010184705679268082,0.00880524861878453,0.008977900552486187,0.009322618283512933,0.0006136492923446588,23,0.5412844036697247,0.5730337078651685,0.6419753086419753,0.5854311400589561,0.04203123306766345,13,
TomekLinks,XGBoost,70.54271094004314,1.467516456595477,1.125975211461385,0.09412722036012956,0.8,0,0.05,3,1,200,0.1,1,0.8,"{'model__colsample_bytree': 0.8, 'model__gamma': 0, 'model__learning_rate': 0.05, 'model__max_depth': 3, 'model__min_child_weight': 1, 'model__n_estimators': 200, 'model__reg_alpha': 0.1, 'model__reg_lambda': 1, 'model__subsample': 0.8}",0.23045678916656442,0.23684494825080044,0.23969914278104443,0.23566696006613644,0.0038640235684390695,15,0.7504516806161888,0.7535225915421702,0.7523064764473029,0.7520935828685539,0.0012626998154040851,14,0.02133062468257999,0.018018018018018018,0.016365496079099897,0.018571379593232632,0.0020644260359669046,21,0.010875194199896427,0.009150552486187844,0.008287292817679558,0.009437679834587943,0.0010758376509088007,21,0.5526315789473685,0.5824175824175825,0.6486486486486487,0.5945659366711998,0.04012901113333232,11,
TomekLinks,XGBoost,66.47042306264241,1.917840275554231,0.964027484258016,0.022403071693910998,0.8,0,0.05,3,1,200,0.1,5,0.8,"{'model__colsample_bytree': 0.8, 'model__gamma': 0, 'model__learning_rate': 0.05, 'model__max_depth': 3, 'model__min_child_weight': 1, 'model__n_estimators': 200, 'model__reg_alpha': 0.1, 'model__reg_lambda': 5, 'model__subsample': 0.8}",0.23067377162972516,0.23617031223174717,0.2395703882973649,0.2354714907196124,0.003665488658837369,19,0.7502718536842682,0.7530008508002506,0.7521282086142111,0.7518003043662432,0.0011379798509161111,20,0.020003390405153417,0.018351741716227696,0.01769610345414327,0.01868374519184146,0.0009707601830318825,19,0.010184705679268082,0.009323204419889503,0.008977900552486187,0.009495270217214592,0.0005074771800870159,19,0.5566037735849056,0.5806451612903226,0.611764705882353,0.5830045469191938,0.022581070810012312,15,
TomekLinks,XGBoost,62.20342135429382,0.8791828111530524,0.9903432528177897,0.06433044529873239,0.8,0,0.1,3,1,100,0.0,1,0.8,"{'model__colsample_bytree': 0.8, 'model__gamma': 0, 'model__learning_rate': 0.1, 'model__max_depth': 3, 'model__min_child_weight': 1, 'model__n_estimators': 100, 'model__reg_alpha': 0, 'model__reg_lambda': 1, 'model__subsample': 0.8}",0.23107414018276912,0.236944550655845,0.2399042520552419,0.23597431429795201,0.003669581071705535,9,0.7505942862284284,0.7533842867684752,0.7519313825305141,0.751969985175806,0.0011393399775112727,15,0.023295070898041864,0.01834862385321101,0.023023531403419673,0.021555742051557514,0.002270482882253453,13,0.011910926980838944,0.009323204419889503,0.011740331491712707,0.010991487630813717,0.0011817084691570535,13,0.5267175572519084,0.574468085106383,0.591304347826087,0.5641633300614596,0.02735573506683269,21,
TomekLinks,XGBoost,60.901641607284546,0.11777200666854991,0.9505449930826823,0.0421970343473884,0.8,0,0.1,3,1,100,0.0,5,0.8,"{'model__colsample_bytree': 0.8, 'model__gamma': 0, 'model__learning_rate': 0.1, 'model__max_depth': 3, 'model__min_child_weight': 1, 'model__n_estimators': 100, 'model__reg_alpha': 0, 'model__reg_lambda': 5, 'model__subsample': 0.8}",0.230137816538382,0.23633102805898462,0.2394491958054369,0.23530601346760116,0.003869835237504446,21,0.7506281864825672,0.7535564924142037,0.7521041640316917,0.7520962809761542,0.0011954888858364868,11,0.022631312278331362,0.016,0.024687182955698342,0.0211061650780099,0.003706871314503219,15,0.01156568272052477,0.0081146408839779,0.012603591160220995,0.010761304921574554,0.0019188427724766359,15,0.5234375,0.5662650602409639,0.5983606557377049,0.5626877386595562,0.030691668127758497,23,
TomekLinks,XGBoost,61.04232637087504,0.36227136610837646,0.9292988777160645,0.004564486982324617,0.8,0,0.1,3,1,100,0.1,1,0.8,"{'model__colsample_bytree': 0.8, 'model__gamma': 0, 'model__learning_rate': 0.1, 'model__max_depth': 3, 'model__min_child_weight': 1, 'model__n_estimators': 100, 'model__reg_alpha': 0.1, 'model__reg_lambda': 1, 'model__subsample': 0.8}",0.2308133740738089,0.23535135946476338,0.23934259201945632,0.23516910851934283,0.003484422596492235,24,0.7504634495931342,0.7528825085791991,0.7520009236197895,0.7517822939307077,0.0009996035214778838,21,0.024628879892037787,0.016666666666666666,0.025367833587011668,0.02222112671523871,0.003939165136947682,11,0.012601415501467287,0.008459944751381215,0.01294889502762431,0.011336751760157603,0.0020391500565322624,11,0.5407407407407407,0.5568181818181818,0.6198347107438017,0.5724645444342413,0.034132785022088837,19,
TomekLinks,XGBoost,63.00466847419739,1.5312122787034725,0.9579381148020426,0.06958344594347594,0.8,0,0.1,3,1,100,0.1,5,0.8,"{'model__colsample_bytree': 0.8, 'model__gamma': 0, 'model__learning_rate': 0.1, 'model__max_depth': 3, 'model__min_child_weight': 1, 'model__n_estimators': 100, 'model__reg_alpha': 0.1, 'model__reg_lambda': 5, 'model__subsample': 0.8}",0.2305379381179536,0.23667790412767448,0.23979335626449483,0.23566973283670764,0.0038451699815724256,13,0.7509937300690268,0.7536794218474113,0.7522919230095924,0.7523216916420101,0.0010966311171728205,10,0.022957461174881837,0.017349889436979078,0.026702720973466283,0.022336690528442397,0.003843425692797857,9,0.011738304850681858,0.00880524861878453,0.013639502762430939,0.011394352077299108,0.0019885054545359573,9,0.5190839694656488,0.5862068965517241,0.632,0.5790969553391244,0.04637111842475228,17,
TomekLinks,XGBoost,63.51117595036825,0.25535077219161767,0.9811460971832275,0.04498305184890077,0.8,0,0.1,3,1,200,0.0,1,0.8,"{'model__colsample_bytree': 0.8, 'model__gamma': 0, 'model__learning_rate': 0.1, 'model__max_depth': 3, 'model__min_child_weight': 1, 'model__n_estimators': 200, 'model__reg_alpha': 0, 'model__reg_lambda': 1, 'model__subsample': 0.8}",0.23358061254897955,0.24020973187496758,0.2440475268941867,0.23927929043937793,0.004323452704052819,1,0.7536220302372418,0.7562108156542222,0.7571359954886437,0.7556562804600359,0.0014871942057015576,5,0.04134281461881925,0.03414225941422594,0.04153513872736335,0.03900673758680285,0.003440601503544566,3,0.021577766269635767,0.01761049723756906,0.021581491712707183,0.020256585073304006,0.0018710672704011907,3,0.4921259842519685,0.5573770491803278,0.5506607929515418,0.533387942127946,0.029305163370435646,30,
TomekLinks,XGBoost,62.59282326698303,0.32407060348417704,0.9696187973022461,0.02871470991133105,0.8,0,0.1,3,1,200,0.0,5,0.8,"{'model__colsample_bytree': 0.8, 'model__gamma': 0, 'model__learning_rate': 0.1, 'model__max_depth': 3, 'model__min_child_weight': 1, 'model__n_estimators': 200, 'model__reg_alpha': 0, 'model__reg_lambda': 5, 'model__subsample': 0.8}",0.23396948633979625,0.24042877577334787,0.24279215672098337,0.23906347294470917,0.0037289781463725187,5,0.7541571274358538,0.7570291625239975,0.7569362626436915,0.7560408508678477,0.0013325334450141914,4,0.03753529314067431,0.03674628361449808,0.03996003996003996,0.038080538905070786,0.0013674860559488699,7,0.019506300707750734,0.01899171270718232,0.020718232044198894,0.019738748486377317,0.0007237592751803423,7,0.4956140350877193,0.5641025641025641,0.5607476635514018,0.5401547542472285,0.03152481125359034,26,
TomekLinks,XGBoost,63.04903491338094,0.289491837003514,0.9665991465250651,0.03126074195424788,0.8,0,0.1,3,1,200,0.1,1,0.8,"{'model__colsample_bytree': 0.8, 'model__gamma': 0, 'model__learning_rate': 0.1, 'model__max_depth': 3, 'model__min_child_weight': 1, 'model__n_estimators': 200, 'model__reg_alpha': 0.1, 'model__reg_lambda': 1, 'model__subsample': 0.8}",0.23327341941626056,0.23934222717688192,0.24385023372633016,0.2388219601064909,0.004333609627537089,8,0.7534493675424545,0.756486429233438,0.7569492076124321,0.7556283347961082,0.0015523025212862511,7,0.0400397088021178,0.03511705685618729,0.041189171234014284,0.038781978964106456,0.0026336358282067476,4,0.02088727774900742,0.018128453038674032,0.021408839779005526,0.020141523522228994,0.0014392929552628933,4,0.4820717131474104,0.5585106382978723,0.5414847161572053,0.5273556892008293,0.03276633812914283,31,
TomekLinks,XGBoost,62.07903893788656,0.49822002935036974,0.9503087202707926,0.011620903441499878,0.8,0,0.1,3,1,200,0.1,5,0.8,"{'model__colsample_bytree': 0.8, 'model__gamma': 0, 'model__learning_rate': 0.1, 'model__max_depth': 3, 'model__min_child_weight': 1, 'model__n_estimators': 200, 'model__reg_alpha': 0.1, 'model__reg_lambda': 5, 'model__subsample': 0.8}",0.23363084687354105,0.24006743357699883,0.2439310693184534,0.2392097832563311,0.004248554158618762,2,0.7539756988553028,0.7573215596720262,0.7570638408008872,0.7561203664427388,0.0015201543889978096,2,0.03881240670094543,0.035445577662598225,0.04450348721355032,0.03958715719236466,0.0037382357783026505,1,0.02019678922837908,0.01830110497237569,0.0231353591160221,0.020544417772258957,0.0019888250274522484,1,0.4957627118644068,0.5608465608465608,0.5826086956521739,0.5464059894543805,0.03689583356438112,25,
TomekLinks,XGBoost,62.98150968551636,2.7057246882940764,0.9485790729522705,0.011884761578309618,0.8,1,0.05,3,1,100,0.0,1,0.8,"{'model__colsample_bytree': 0.8, 'model__gamma': 1, 'model__learning_rate': 0.05, 'model__max_depth': 3, 'model__min_child_weight': 1, 'model__n_estimators': 100, 'model__reg_alpha': 0, 'model__reg_lambda': 1, 'model__subsample': 0.8}",0.22297602304290032,0.22823766513688987,0.23217064111520208,0.2277947764316641,0.003766728304314588,27,0.7442366205025471,0.7472985050373742,0.7447034517194415,0.7454128590864544,0.0013469046824558413,27,0.004471964224286206,0.0024117140396210162,0.002413793103448276,0.003099157122451833,0.0009707215820415134,25,0.00224408769204212,0.0012085635359116022,0.0012085635359116022,0.0015537382546217747,0.0004881507685882442,25,0.6190476190476191,0.5384615384615384,0.875,0.6775030525030524,0.14347430036773276,3,
TomekLinks,XGBoost,61.554141998291016,0.6193040572090243,0.9297410647074381,0.010153869386783518,0.8,1,0.05,3,1,100,0.0,5,0.8,"{'model__colsample_bytree': 0.8, 'model__gamma': 1, 'model__learning_rate': 0.05, 'model__max_depth': 3, 'model__min_child_weight': 1, 'model__n_estimators': 100, 'model__reg_alpha': 0, 'model__reg_lambda': 5, 'model__subsample': 0.8}",0.22286839089028848,0.2284810258847246,0.23167575317241784,0.22767505664914364,0.003640475921148767,29,0.7441698537380752,0.7474262428635805,0.7443798039432068,0.7453253001816208,0.0014880613533092002,31,0.004815961472308222,0.001723543605653223,0.0024133770039648336,0.0029842940273087596,0.0013254487922108194,29,0.002416709822199206,0.0008632596685082873,0.0012085635359116022,0.0014961776755396984,0.0006660046371140331,29,0.6666666666666666,0.5,0.7777777777777778,0.648148148148148,0.11415581486979585,5,
TomekLinks,XGBoost,62.7900455792745,1.7594182411094443,0.9345657030741373,0.008908597128731181,0.8,1,0.05,3,1,100,0.1,1,0.8,"{'model__colsample_bytree': 0.8, 'model__gamma': 1, 'model__learning_rate': 0.05, 'model__max_depth': 3, 'model__min_child_weight': 1, 'model__n_estimators': 100, 'model__reg_alpha': 0.1, 'model__reg_lambda': 1, 'model__subsample': 0.8}",0.22278536031264193,0.22842564913097252,0.23231549900941778,0.22784216948434408,0.0039124776692413534,25,0.744237658171962,0.7474302345888517,0.7447018615731449,0.7454565847779863,0.0014083894777048456,25,0.0041293874741913286,0.0024117140396210162,0.002413793103448276,0.002984964872420207,0.0008092294273813975,27,0.0020714655618850335,0.0012085635359116022,0.0012085635359116022,0.0014961975445694127,0.0004067759160436158,27,0.631578947368421,0.5384615384615384,0.875,0.6816801619433198,0.14188524189188642,1,
TomekLinks,XGBoost,64.38776445388794,2.2089867037769,0.9502457777659098,0.030045937327350083,0.8,1,0.05,3,1,100,0.1,5,0.8,"{'model__colsample_bytree': 0.8, 'model__gamma': 1, 'model__learning_rate': 0.05, 'model__max_depth': 3, 'model__min_child_weight': 1, 'model__n_estimators': 100, 'model__reg_alpha': 0.1, 'model__reg_lambda': 5, 'model__subsample': 0.8}",0.22267717402666148,0.22858279991521954,0.23171908242651013,0.22765968545613036,0.0037486114857146736,31,0.7443551516609463,0.7471896356384583,0.7444652203202007,0.7453366692065351,0.0013110154399836134,29,0.0030991735537190084,0.001723543605653223,0.0024133770039648336,0.0024120313877790214,0.0005615993806478413,31,0.0015535991714137752,0.0008632596685082873,0.0012085635359116022,0.0012084741252778883,0.0002818299289922265,31,0.6,0.5,0.7777777777777778,0.6259259259259259,0.11487453643904313,7,
TomekLinks,XGBoost,64.17794227600098,0.1470334554436886,0.985763947168986,0.0058574654948254975,0.8,1,0.05,3,1,200,0.0,1,0.8,"{'model__colsample_bytree': 0.8, 'model__gamma': 1, 'model__learning_rate': 0.05, 'model__max_depth': 3, 'model__min_child_weight': 1, 'model__n_estimators': 200, 'model__reg_alpha': 0, 'model__reg_lambda': 1, 'model__subsample': 0.8}",0.23073386830786355,0.23633935518479043,0.23984150972273152,0.2356382444051285,0.00375108431252202,17,0.7503711689847128,0.7531767118193179,0.7521060905299211,0.7518846571113172,0.0011560110202349385,17,0.02132701421800948,0.019031435853865762,0.017035775127768313,0.019131408399881186,0.0017533166884262646,17,0.010875194199896427,0.009668508287292817,0.008632596685082873,0.009725433057424038,0.0009164210187655202,17,0.5478260869565217,0.6021505376344086,0.6410256410256411,0.5970007552055238,0.03822241413943146,9,
TomekLinks,XGBoost,63.799250761667885,0.4164560040126189,0.9893032709757487,0.028220580802225406,0.8,1,0.05,3,1,200,0.0,5,0.8,"{'model__colsample_bytree': 0.8, 'model__gamma': 1, 'model__learning_rate': 0.05, 'model__max_depth': 3, 'model__min_child_weight': 1, 'model__n_estimators': 200, 'model__reg_alpha': 0, 'model__reg_lambda': 5, 'model__subsample': 0.8}",0.2304455480294536,0.236646787479351,0.24003283356853017,0.23570838969244493,0.003969840786631063,11,0.749967900292034,0.7533536591111639,0.7520134144479829,0.7517783246170602,0.0013921903885080924,23,0.019993222636394442,0.017343989117497023,0.017708155967989102,0.01834845590729352,0.001172489536162927,23,0.010184705679268082,0.00880524861878453,0.008977900552486187,0.009322618283512933,0.0006136492923446588,23,0.5412844036697247,0.5730337078651685,0.6419753086419753,0.5854311400589561,0.04203123306766345,13,
TomekLinks,XGBoost,63.81416893005371,0.1344940407058451,0.9704404671986898,0.01391726599374083,0.8,1,0.05,3,1,200,0.1,1,0.8,"{'model__colsample_bytree': 0.8, 'model__gamma': 1, 'model__learning_rate': 0.05, 'model__max_depth': 3, 'model__min_child_weight': 1, 'model__n_estimators': 200, 'model__reg_alpha': 0.1, 'model__reg_lambda': 1, 'model__subsample': 0.8}",0.23045586233127102,0.23683988577491338,0.23969914278104443,0.23566496362907627,0.0038639263195938117,16,0.7504508444613891,0.7535244211919832,0.7523064764473029,0.7520939140335584,0.0012637524980562106,13,0.02132701421800948,0.018018018018018018,0.016365496079099897,0.018570176105042465,0.002062817567548825,22,0.010875194199896427,0.009150552486187844,0.008287292817679558,0.009437679834587943,0.0010758376509088007,21,0.5478260869565217,0.5824175824175825,0.6486486486486487,0.5929641060075843,0.041830763053176845,12,
TomekLinks,XGBoost,63.43354590733846,0.09160133825869855,1.0548460483551025,0.04751205728401153,0.8,1,0.05,3,1,200,0.1,5,0.8,"{'model__colsample_bytree': 0.8, 'model__gamma': 1, 'model__learning_rate': 0.05, 'model__max_depth': 3, 'model__min_child_weight': 1, 'model__n_estimators': 200, 'model__reg_alpha': 0.1, 'model__reg_lambda': 5, 'model__subsample': 0.8}",0.23067377162972516,0.23617031223174717,0.23956836366114226,0.2354708158408715,0.0036647340287277934,20,0.7502718536842682,0.7530008508002506,0.7521286470496098,0.7518004505113761,0.001138021980028347,19,0.020003390405153417,0.018351741716227696,0.01769610345414327,0.01868374519184146,0.0009707601830318825,19,0.010184705679268082,0.009323204419889503,0.008977900552486187,0.009495270217214592,0.0005074771800870159,19,0.5566037735849056,0.5806451612903226,0.611764705882353,0.5830045469191938,0.022581070810012312,15,
TomekLinks,XGBoost,61.85260780652364,0.44784103082537996,0.9386785825093588,0.009950115148751435,0.8,1,0.1,3,1,100,0.0,1,0.8,"{'model__colsample_bytree': 0.8, 'model__gamma': 1, 'model__learning_rate': 0.1, 'model__max_depth': 3, 'model__min_child_weight': 1, 'model__n_estimators': 100, 'model__reg_alpha': 0, 'model__reg_lambda': 1, 'model__subsample': 0.8}",0.23107414018276912,0.236944550655845,0.23989960610944777,0.235972765649354,0.003667922825421501,10,0.7505942862284284,0.7533842867684752,0.7519309414775907,0.7519698381581649,0.001139344977661931,16,0.023295070898041864,0.01834862385321101,0.023023531403419673,0.021555742051557514,0.002270482882253453,13,0.011910926980838944,0.009323204419889503,0.011740331491712707,0.010991487630813717,0.0011817084691570535,13,0.5267175572519084,0.574468085106383,0.591304347826087,0.5641633300614596,0.02735573506683269,21,
TomekLinks,XGBoost,60.83853920300802,0.49123344386693973,0.9316944281260172,0.008411019705693348,0.8,1,0.1,3,1,100,0.0,5,0.8,"{'model__colsample_bytree': 0.8, 'model__gamma': 1, 'model__learning_rate': 0.1, 'model__max_depth': 3, 'model__min_child_weight': 1, 'model__n_estimators': 100, 'model__reg_alpha': 0, 'model__reg_lambda': 5, 'model__subsample': 0.8}",0.2301281097798192,0.23633102805898462,0.2394491958054369,0.23530277788141354,0.0038741566819973845,22,0.7506280019789259,0.7535564924142037,0.7521041640316917,0.7520962194749403,0.0011955644118616055,12,0.022631312278331362,0.016,0.024687182955698342,0.0211061650780099,0.003706871314503219,15,0.01156568272052477,0.0081146408839779,0.012603591160220995,0.010761304921574554,0.0019188427724766359,15,0.5234375,0.5662650602409639,0.5983606557377049,0.5626877386595562,0.030691668127758497,23,
TomekLinks,XGBoost,60.87649361292521,0.40082918432935566,0.9702795346577963,0.06742792200554754,0.8,1,0.1,3,1,100,0.1,1,0.8,"{'model__colsample_bytree': 0.8, 'model__gamma': 1, 'model__learning_rate': 0.1, 'model__max_depth': 3, 'model__min_child_weight': 1, 'model__n_estimators': 100, 'model__reg_alpha': 0.1, 'model__reg_lambda': 1, 'model__subsample': 0.8}",0.2308133740738089,0.23535679925102512,0.239342061516551,0.23517074494712834,0.0034843066768005734,23,0.7504634495931342,0.7528824575374662,0.7520006291482533,0.7517821787596178,0.000999563333963582,22,0.024628879892037787,0.016666666666666666,0.025367833587011668,0.02222112671523871,0.003939165136947682,11,0.012601415501467287,0.008459944751381215,0.01294889502762431,0.011336751760157603,0.0020391500565322624,11,0.5407407407407407,0.5568181818181818,0.6198347107438017,0.5724645444342413,0.034132785022088837,19,
TomekLinks,XGBoost,60.677996476491295,0.29671367833066786,0.9393691221872965,0.0044514659743403046,0.8,1,0.1,3,1,100,0.1,5,0.8,"{'model__colsample_bytree': 0.8, 'model__gamma': 1, 'model__learning_rate': 0.1, 'model__max_depth': 3, 'model__min_child_weight': 1, 'model__n_estimators': 100, 'model__reg_alpha': 0.1, 'model__reg_lambda': 5, 'model__subsample': 0.8}",0.23053518283800178,0.23667950488804426,0.23979322178375687,0.23566930316993429,0.0038464877411073513,14,0.7509936594080578,0.7536797438029578,0.7522920473420188,0.7523218168510115,0.0010967913845639228,9,0.022957461174881837,0.017349889436979078,0.026702720973466283,0.022336690528442397,0.003843425692797857,9,0.011738304850681858,0.00880524861878453,0.013639502762430939,0.011394352077299108,0.0019885054545359573,9,0.5190839694656488,0.5862068965517241,0.632,0.5790969553391244,0.04637111842475228,17,
TomekLinks,XGBoost,61.99162952105204,0.12597044063927185,0.993784507115682,0.037273023869343315,0.8,1,0.1,3,1,200,0.0,1,0.8,"{'model__colsample_bytree': 0.8, 'model__gamma': 1, 'model__learning_rate': 0.1, 'model__max_depth': 3, 'model__min_child_weight': 1, 'model__n_estimators': 200, 'model__reg_alpha': 0, 'model__reg_lambda': 1, 'model__subsample': 0.8}",0.23358061254897955,0.24021029672968153,0.24378014098725603,0.23919035008863906,0.0042259368550049015,3,0.7536220302372418,0.7562045401385906,0.7567728505724213,0.7555331403160847,0.0013711310385689927,8,0.04134281461881925,0.03414225941422594,0.04316069057104914,0.039548588201364775,0.003894223196856981,2,0.021577766269635767,0.01761049723756906,0.02244475138121547,0.020544338296140097,0.0021045163044657307,2,0.4921259842519685,0.5573770491803278,0.5603448275862069,0.5366159536728344,0.03148248149335105,29,
TomekLinks,XGBoost,62.38116852442423,0.3130384932211776,0.9661490122477213,0.015432145002399889,0.8,1,0.1,3,1,200,0.0,5,0.8,"{'model__colsample_bytree': 0.8, 'model__gamma': 1, 'model__learning_rate': 0.1, 'model__max_depth': 3, 'model__min_child_weight': 1, 'model__n_estimators': 200, 'model__reg_alpha': 0, 'model__reg_lambda': 5, 'model__subsample': 0.8}",0.23396628881815057,0.24044593588131852,0.24279215672098337,0.23906812714015083,0.003732537452814295,4,0.7541572373529166,0.7570522857377986,0.7569362626436915,0.7560485952448023,0.0013382305097877228,3,0.03753529314067431,0.03674628361449808,0.03996003996003996,0.038080538905070786,0.0013674860559488699,7,0.019506300707750734,0.01899171270718232,0.020718232044198894,0.019738748486377317,0.0007237592751803423,7,0.4956140350877193,0.5641025641025641,0.5607476635514018,0.5401547542472285,0.03152481125359034,26,
TomekLinks,XGBoost,62.674403508504234,0.454903812008652,0.9646514256795248,0.009099073727506247,0.8,1,0.1,3,1,200,0.1,1,0.8,"{'model__colsample_bytree': 0.8, 'model__gamma': 1, 'model__learning_rate': 0.1, 'model__max_depth': 3, 'model__min_child_weight': 1, 'model__n_estimators': 200, 'model__reg_alpha': 0.1, 'model__reg_lambda': 1, 'model__subsample': 0.8}",0.23327367313735475,0.23934738678077874,0.2438496250166167,0.23882356164491672,0.004333473135014353,7,0.7534517320678426,0.7564903633731643,0.7569489144496582,0.7556303366302216,0.0015518388343838633,6,0.0400397088021178,0.03511705685618729,0.041189171234014284,0.038781978964106456,0.0026336358282067476,4,0.02088727774900742,0.018128453038674032,0.021408839779005526,0.020141523522228994,0.0014392929552628933,4,0.4820717131474104,0.5585106382978723,0.5414847161572053,0.5273556892008293,0.03276633812914283,31,
TomekLinks,XGBoost,62.58095598220825,0.4339089122984694,0.9685385227203369,0.013851371572323587,0.8,1,0.1,3,1,200,0.1,5,0.8,"{'model__colsample_bytree': 0.8, 'model__gamma': 1, 'model__learning_rate': 0.1, 'model__max_depth': 3, 'model__min_child_weight': 1, 'model__n_estimators': 200, 'model__reg_alpha': 0.1, 'model__reg_lambda': 5, 'model__subsample': 0.8}",0.23357091323409152,0.2400824206554692,0.24351178035570575,0.23905503808175546,0.004122850631700975,6,0.7539692556217605,0.7573707390361311,0.7570639913085613,0.7561346619888175,0.0015362860178497226,1,0.03881240670094543,0.035439652290203946,0.04187437686939183,0.03870881195351373,0.0026279864289696195,6,0.02019678922837908,0.01830110497237569,0.02175414364640884,0.0200840126157212,0.0014119508830843688,6,0.4957627118644068,0.5578947368421052,0.5575221238938053,0.5370598575334391,0.029201887957336657,28,
EditedNearestNeighbours,XGBoost,57.350479443868004,0.7089053146467238,0.9594540596008301,0.009774631400569564,0.8,0,0.05,3,1,100,0.0,1,0.8,"{'model__colsample_bytree': 0.8, 'model__gamma': 0, 'model__learning_rate': 0.05, 'model__max_depth': 3, 'model__min_child_weight': 1, 'model__n_estimators': 100, 'model__reg_alpha': 0, 'model__reg_lambda': 1, 'model__subsample': 0.8}",0.21910463360399976,0.22730296477058134,0.22974410930382178,0.22538390255946764,0.004550583158187478,31,0.7432639788071529,0.7479304632034649,0.7446735896881249,0.7452893438995809,0.001954206418975949,25,0.0329560585885486,0.027236045729657026,0.03082077051926298,0.03033762494582287,0.0023600436451221723,27,0.017089590885551526,0.013984806629834255,0.015883977900552487,0.015652791805312757,0.001278021016157822,27,0.4604651162790698,0.5192307692307693,0.5168539325842697,0.49884993936470295,0.02715950810302661,7,
EditedNearestNeighbours,XGBoost,56.720376094182335,0.6284344716119158,0.9750451246897379,0.04517362489684926,0.8,0,0.05,3,1,100,0.0,5,0.8,"{'model__colsample_bytree': 0.8, 'model__gamma': 0, 'model__learning_rate': 0.05, 'model__max_depth': 3, 'model__min_child_weight': 1, 'model__n_estimators': 100, 'model__reg_alpha': 0, 'model__reg_lambda': 5, 'model__subsample': 0.8}",0.22048219452585516,0.22685592785205172,0.23032817123495916,0.225888764537622,0.004077365816033568,25,0.7434420837050886,0.7471916393536682,0.7445547239621201,0.7450628156736255,0.0015723463954494354,29,0.03073325538667112,0.028581035642232685,0.03056768558951965,0.029960658872807817,0.0009778798607835626,29,0.015881235974451926,0.014675414364640885,0.01571132596685083,0.01542265876864788,0.0005329152541512134,29,0.4742268041237113,0.5448717948717948,0.5617283950617284,0.5269423313524115,0.03790542046322393,1,
EditedNearestNeighbours,XGBoost,56.253167947133385,0.27561366045258046,0.9496192137400309,0.02054750045235687,0.8,0,0.05,3,1,100,0.1,1,0.8,"{'model__colsample_bytree': 0.8, 'model__gamma': 0, 'model__learning_rate': 0.05, 'model__max_depth': 3, 'model__min_child_weight': 1, 'model__n_estimators': 100, 'model__reg_alpha': 0.1, 'model__reg_lambda': 1, 'model__subsample': 0.8}",0.2195921541679894,0.22739476199890868,0.2299647892818476,0.22565056848291523,0.004410559153307448,27,0.7430339472567684,0.748066477642988,0.7444890306342535,0.7451964851780032,0.002114546361225795,27,0.034264803725881574,0.027245206861755803,0.030170968823332214,0.030560326470323196,0.002878933201339674,25,0.01778007940617987,0.013984806629834255,0.015538674033149171,0.01576785335638777,0.0015578652559122086,25,0.4703196347031963,0.525974025974026,0.5172413793103449,0.5045116799958557,0.024438859089704237,5,
EditedNearestNeighbours,XGBoost,58.201057036717735,1.8191859037813038,0.9488058884938558,0.01301169184562754,0.8,0,0.05,3,1,100,0.1,5,0.8,"{'model__colsample_bytree': 0.8, 'model__gamma': 0, 'model__learning_rate': 0.05, 'model__max_depth': 3, 'model__min_child_weight': 1, 'model__n_estimators': 100, 'model__reg_alpha': 0.1, 'model__reg_lambda': 5, 'model__subsample': 0.8}",0.22044032817241313,0.226535936620088,0.22986639237007594,0.22561421905419235,0.0039029769849928332,29,0.74343580927275,0.7471328536736646,0.7444976514520771,0.7450221047994973,0.0015542035067945107,31,0.030414438502673797,0.0265814266487214,0.028576231299378047,0.028524032150257745,0.0015652557898549271,31,0.01570861384429484,0.013639502762430939,0.014675414364640885,0.014674510323788886,0.0008447113038351805,31,0.47643979057591623,0.5197368421052632,0.5414012738853503,0.5125259688555098,0.02700612397473921,3,
EditedNearestNeighbours,XGBoost,61.70869183540344,4.600057961073974,1.02708633740743,0.11854838664179743,0.8,0,0.05,3,1,200,0.0,1,0.8,"{'model__colsample_bytree': 0.8, 'model__gamma': 0, 'model__learning_rate': 0.05, 'model__max_depth': 3, 'model__min_child_weight': 1, 'model__n_estimators': 200, 'model__reg_alpha': 0, 'model__reg_lambda': 1, 'model__subsample': 0.8}",0.2261574284404536,0.2352694816446944,0.23782247560266834,0.23308312856260546,0.005006890996339836,15,0.7492422513966533,0.7538639939889067,0.7516109831025166,0.7515724094960256,0.0018870156490431225,11,0.07236530257544636,0.0708133971291866,0.07539936102236422,0.07285935357566574,0.0019045263629041756,21,0.039530467805972726,0.038328729281767955,0.04074585635359116,0.03953501781377728,0.000986793239830723,21,0.42723880597014924,0.46443514644351463,0.5042735042735043,0.4653158188957227,0.031455448639287606,15,
EditedNearestNeighbours,XGBoost,61.6211830774943,1.1766877870657124,0.9972936312357584,0.037393690992386056,0.8,0,0.05,3,1,200,0.0,5,0.8,"{'model__colsample_bytree': 0.8, 'model__gamma': 0, 'model__learning_rate': 0.05, 'model__max_depth': 3, 'model__min_child_weight': 1, 'model__n_estimators': 200, 'model__reg_alpha': 0, 'model__reg_lambda': 5, 'model__subsample': 0.8}",0.22696373734539532,0.23491326900230144,0.23799509034933258,0.23329069889900977,0.004647381885136393,11,0.7493111458414137,0.7534826952296554,0.7516018649549869,0.7514652353420187,0.0017057660669993892,15,0.07441418619379354,0.07463871684929331,0.07323313079629037,0.07409534461312574,0.0006165295360706029,19,0.04056620058691524,0.0405732044198895,0.03953729281767956,0.04022556594149477,0.0004866909924129425,19,0.44933078393881454,0.46534653465346537,0.49567099567099565,0.47011610475442517,0.019216579734816174,11,
EditedNearestNeighbours,XGBoost,60.398274660110474,0.5646310423514869,1.0026925404866536,0.020938105986452578,0.8,0,0.05,3,1,200,0.1,1,0.8,"{'model__colsample_bytree': 0.8, 'model__gamma': 0, 'model__learning_rate': 0.05, 'model__max_depth': 3, 'model__min_child_weight': 1, 'model__n_estimators': 200, 'model__reg_alpha': 0.1, 'model__reg_lambda': 1, 'model__subsample': 0.8}",0.22605993403985078,0.23520634639933855,0.23825444846227267,0.23317357630048732,0.0051817410977232714,13,0.7489533160774013,0.7539307173127694,0.7519426863112251,0.751608906567132,0.0020456763270592622,10,0.07261247040252565,0.07239674693031414,0.07284345047923323,0.07261755593735768,0.00018240141109216926,23,0.03970308993612981,0.039191988950276244,0.0393646408839779,0.039419906590127986,0.00021228405206597206,23,0.42435424354243545,0.47390396659707723,0.48717948717948717,0.46181256577299995,0.027035831655170754,17,
EditedNearestNeighbours,XGBoost,63.51661340395609,0.7370047022625287,1.0202705065409343,0.01876221361301246,0.8,0,0.05,3,1,200,0.1,5,0.8,"{'model__colsample_bytree': 0.8, 'model__gamma': 0, 'model__learning_rate': 0.05, 'model__max_depth': 3, 'model__min_child_weight': 1, 'model__n_estimators': 200, 'model__reg_alpha': 0.1, 'model__reg_lambda': 5, 'model__subsample': 0.8}",0.22708484306757332,0.23441466823872323,0.238584366195293,0.23336129250052984,0.00475338184002371,9,0.7493350187806387,0.7534890374921683,0.7518353743395463,0.7515531435374511,0.0017075730405408881,13,0.07292327203551047,0.07488497540853561,0.07569466624081762,0.0745009712282879,0.001163543687229752,17,0.03970308993612981,0.04074585635359116,0.04091850828729282,0.04045581819233793,0.0005369059776927547,17,0.44660194174757284,0.461839530332681,0.5042553191489362,0.47089893040973,0.02439306634767395,9,
EditedNearestNeighbours,XGBoost,60.39149705568949,1.7965721592364199,1.032734711964925,0.012152882930559465,0.8,0,0.1,3,1,100,0.0,1,0.8,"{'model__colsample_bytree': 0.8, 'model__gamma': 0, 'model__learning_rate': 0.1, 'model__max_depth': 3, 'model__min_child_weight': 1, 'model__n_estimators': 100, 'model__reg_alpha': 0, 'model__reg_lambda': 1, 'model__subsample': 0.8}",0.2277432713611184,0.23343846164823745,0.23587913218040768,0.23235362172992116,0.0034088821289870483,24,0.7487470959650284,0.7533139564954819,0.7509040655708801,0.7509883726771301,0.0018653658340527107,23,0.07648546144121365,0.07501970055161544,0.07863031071655041,0.07671182423645984,0.0014826904660305152,9,0.04177455549801484,0.041091160220994474,0.04281767955801105,0.04189446509234013,0.0007099300380466985,9,0.4523364485981308,0.43037974683544306,0.4806201550387597,0.4544454501574445,0.020564703900808015,23,
EditedNearestNeighbours,XGBoost,60.67979717254639,1.1029612641597017,1.0855347315470378,0.05432033605558502,0.8,0,0.1,3,1,100,0.0,5,0.8,"{'model__colsample_bytree': 0.8, 'model__gamma': 0, 'model__learning_rate': 0.1, 'model__max_depth': 3, 'model__min_child_weight': 1, 'model__n_estimators': 100, 'model__reg_alpha': 0, 'model__reg_lambda': 5, 'model__subsample': 0.8}",0.22776547468080865,0.23334459256321616,0.23678160168127435,0.23263055630843307,0.003715285754105611,22,0.7492131129067022,0.752426879969109,0.7512785587657345,0.750972850547182,0.0013297036810308608,24,0.07490518331226295,0.07116759332803813,0.07878017789072427,0.07495098484367511,0.0031079933790385938,16,0.04091144484722942,0.03867403314917127,0.04281767955801105,0.040801052518137246,0.0016934365926746912,16,0.44299065420560746,0.44532803180914515,0.49206349206349204,0.4601273926927482,0.022602384325241705,20,
EditedNearestNeighbours,XGBoost,61.81226921081543,0.6517535645296344,1.0677047570546467,0.0985210356305183,0.8,0,0.1,3,1,100,0.1,1,0.8,"{'model__colsample_bytree': 0.8, 'model__gamma': 0, 'model__learning_rate': 0.1, 'model__max_depth': 3, 'model__min_child_weight': 1, 'model__n_estimators': 100, 'model__reg_alpha': 0.1, 'model__reg_lambda': 1, 'model__subsample': 0.8}",0.22797205167632678,0.23383838619138947,0.23635191048900484,0.2327207827855737,0.003511152371100099,19,0.7491103417614597,0.7532681354156545,0.7510560992619837,0.7511448588130326,0.0016985720887738606,17,0.07705668719406285,0.07619647355163728,0.07661738992211095,0.07662351688927035,0.00035120747187258205,11,0.04211979975832902,0.0417817679558011,0.04160911602209945,0.0418368945787432,0.0002120985274663595,11,0.45185185185185184,0.43214285714285716,0.48296593186372744,0.4556535469528122,0.020921852933416932,21,
EditedNearestNeighbours,XGBoost,60.874303023020424,0.9178629596573036,1.0001869996388753,0.012628000347500347,0.8,0,0.1,3,1,100,0.1,5,0.8,"{'model__colsample_bytree': 0.8, 'model__gamma': 0, 'model__learning_rate': 0.1, 'model__max_depth': 3, 'model__min_child_weight': 1, 'model__n_estimators': 100, 'model__reg_alpha': 0.1, 'model__reg_lambda': 5, 'model__subsample': 0.8}",0.22812807294136234,0.23325884157500107,0.23678233085787617,0.23272308179141318,0.003553338705186827,18,0.7493238543475391,0.7526530825332781,0.7512742189096691,0.7510837185968288,0.001365810590839479,19,0.07493252897285284,0.07147395171537484,0.07878017789072427,0.07506221952631731,0.0029841637534473793,14,0.040738822717072326,0.03884668508287293,0.04281767955801105,0.0408010624526521,0.0016217489774742477,14,0.466403162055336,0.44642857142857145,0.49206349206349204,0.4682984085157998,0.018678516441771646,13,
EditedNearestNeighbours,XGBoost,63.15569965044657,1.304511102931735,1.0512142181396484,0.04682589445029145,0.8,0,0.1,3,1,200,0.0,1,0.8,"{'model__colsample_bytree': 0.8, 'model__gamma': 0, 'model__learning_rate': 0.1, 'model__max_depth': 3, 'model__min_child_weight': 1, 'model__n_estimators': 200, 'model__reg_alpha': 0, 'model__reg_lambda': 1, 'model__subsample': 0.8}",0.23194740233208228,0.23869435997193306,0.24046044692795993,0.23703406974399174,0.0036683697381442214,2,0.7524647475042807,0.7570863371175064,0.7555985543620107,0.7550498796612658,0.0019262321742539923,7,0.10379785141473748,0.10195360195360195,0.10102871180715492,0.10226005505849811,0.0011510773708996844,2,0.05920939064388055,0.05766574585635359,0.0568024861878453,0.057892540896026475,0.0009956151390424419,4,0.42034313725490197,0.4394736842105263,0.4563106796116505,0.4387091670256929,0.014693635599368732,26,
EditedNearestNeighbours,XGBoost,62.008233865102135,0.3882947370194953,1.0320423444112141,0.0445025832794242,0.8,0,0.1,3,1,200,0.0,5,0.8,"{'model__colsample_bytree': 0.8, 'model__gamma': 0, 'model__learning_rate': 0.1, 'model__max_depth': 3, 'model__min_child_weight': 1, 'model__n_estimators': 200, 'model__reg_alpha': 0, 'model__reg_lambda': 5, 'model__subsample': 0.8}",0.23147929838653045,0.23795831755527785,0.24134538641967948,0.2369276674538293,0.004093214139945416,7,0.7526505335112524,0.7564688054391746,0.7560202546160573,0.7550465311888281,0.001704093720709201,8,0.10006064281382657,0.0973288302118514,0.10630823277837177,0.10123256860134992,0.003758321890729497,5,0.05696530295183842,0.05473066298342542,0.060082872928176795,0.05725961295448021,0.0021949186175369002,5,0.410958904109589,0.4390581717451524,0.4609271523178808,0.4369814093908741,0.02045223970878616,30,
EditedNearestNeighbours,XGBoost,62.573631286621094,0.9488698251268171,1.007443110148112,0.01521788255959525,0.8,0,0.1,3,1,200,0.1,1,0.8,"{'model__colsample_bytree': 0.8, 'model__gamma': 0, 'model__learning_rate': 0.1, 'model__max_depth': 3, 'model__min_child_weight': 1, 'model__n_estimators': 200, 'model__reg_alpha': 0.1, 'model__reg_lambda': 1, 'model__subsample': 0.8}",0.23151195235742977,0.238251471728081,0.24116006218218822,0.23697449542256632,0.004040998817230259,5,0.7525433382042295,0.7566763987110052,0.7560152577612751,0.7550783315588365,0.0018127180916658885,5,0.10285194174757281,0.10105327430926576,0.10278372591006424,0.10222964732230094,0.0008322873900561988,4,0.0585189021232522,0.05714779005524862,0.058011049723756904,0.0578925806340859,0.0005659877911886241,2,0.42428035043804757,0.43610013175230566,0.450402144772118,0.4369275423208237,0.010680215072570397,31,
EditedNearestNeighbours,XGBoost,63.026201486587524,0.896655660189536,1.057858943939209,0.045579137304921184,0.8,0,0.1,3,1,200,0.1,5,0.8,"{'model__colsample_bytree': 0.8, 'model__gamma': 0, 'model__learning_rate': 0.1, 'model__max_depth': 3, 'model__min_child_weight': 1, 'model__n_estimators': 200, 'model__reg_alpha': 0.1, 'model__reg_lambda': 5, 'model__subsample': 0.8}",0.23241188639039836,0.2372698855681606,0.24111918109135333,0.23693365101663744,0.003562680218370067,6,0.7531303411187066,0.7565757705888216,0.7561840357583199,0.7552967158219493,0.0015401836601511335,1,0.10013696545426876,0.09501845018450185,0.10540788267644363,0.10018776610507141,0.004241620162606532,8,0.05679268082168134,0.053349447513812154,0.05956491712707182,0.05656901515418844,0.002542378856694369,8,0.42287917737789205,0.4339887640449438,0.45755968169761274,0.43814254104014955,0.01445970821425215,28,
EditedNearestNeighbours,XGBoost,61.15529092152914,0.27278633027712074,0.9843490123748779,0.011368894855787862,0.8,1,0.05,3,1,100,0.0,1,0.8,"{'model__colsample_bytree': 0.8, 'model__gamma': 1, 'model__learning_rate': 0.05, 'model__max_depth': 3, 'model__min_child_weight': 1, 'model__n_estimators': 100, 'model__reg_alpha': 0, 'model__reg_lambda': 1, 'model__subsample': 0.8}",0.21910463360399976,0.22730296477058134,0.22974410930382178,0.22538390255946764,0.004550583158187478,31,0.7432639788071529,0.7479304632034649,0.7446735896881249,0.7452893438995809,0.001954206418975949,25,0.0329560585885486,0.027236045729657026,0.03082077051926298,0.03033762494582287,0.0023600436451221723,27,0.017089590885551526,0.013984806629834255,0.015883977900552487,0.015652791805312757,0.001278021016157822,27,0.4604651162790698,0.5192307692307693,0.5168539325842697,0.49884993936470295,0.02715950810302661,7,
EditedNearestNeighbours,XGBoost,60.05259346961975,1.1655170834600228,0.9609827995300293,0.012634037574652621,0.8,1,0.05,3,1,100,0.0,5,0.8,"{'model__colsample_bytree': 0.8, 'model__gamma': 1, 'model__learning_rate': 0.05, 'model__max_depth': 3, 'model__min_child_weight': 1, 'model__n_estimators': 100, 'model__reg_alpha': 0, 'model__reg_lambda': 5, 'model__subsample': 0.8}",0.22048219452585516,0.22685592785205172,0.23032817123495916,0.225888764537622,0.004077365816033568,25,0.7434420837050886,0.7471916393536682,0.7445547239621201,0.7450628156736255,0.0015723463954494354,29,0.03073325538667112,0.028581035642232685,0.03056768558951965,0.029960658872807817,0.0009778798607835626,29,0.015881235974451926,0.014675414364640885,0.01571132596685083,0.01542265876864788,0.0005329152541512134,29,0.4742268041237113,0.5448717948717948,0.5617283950617284,0.5269423313524115,0.03790542046322393,1,
EditedNearestNeighbours,XGBoost,58.9303765296936,0.32594496635500586,0.9782716433207194,0.04944637130947082,0.8,1,0.05,3,1,100,0.1,1,0.8,"{'model__colsample_bytree': 0.8, 'model__gamma': 1, 'model__learning_rate': 0.05, 'model__max_depth': 3, 'model__min_child_weight': 1, 'model__n_estimators': 100, 'model__reg_alpha': 0.1, 'model__reg_lambda': 1, 'model__subsample': 0.8}",0.2195921541679894,0.22739476199890868,0.2299647892818476,0.22565056848291523,0.004410559153307448,27,0.7430339472567684,0.748066477642988,0.7444890306342535,0.7451964851780032,0.002114546361225795,27,0.034264803725881574,0.027245206861755803,0.030170968823332214,0.030560326470323196,0.002878933201339674,25,0.01778007940617987,0.013984806629834255,0.015538674033149171,0.01576785335638777,0.0015578652559122086,25,0.4703196347031963,0.525974025974026,0.5172413793103449,0.5045116799958557,0.024438859089704237,5,
EditedNearestNeighbours,XGBoost,57.45270816485087,0.15289739518067116,0.9697461128234863,0.037031009545524386,0.8,1,0.05,3,1,100,0.1,5,0.8,"{'model__colsample_bytree': 0.8, 'model__gamma': 1, 'model__learning_rate': 0.05, 'model__max_depth': 3, 'model__min_child_weight': 1, 'model__n_estimators': 100, 'model__reg_alpha': 0.1, 'model__reg_lambda': 5, 'model__subsample': 0.8}",0.22044032817241313,0.226535936620088,0.22986639237007594,0.22561421905419235,0.0039029769849928332,29,0.74343580927275,0.7471328536736646,0.7444976514520771,0.7450221047994973,0.0015542035067945107,31,0.030414438502673797,0.0265814266487214,0.028576231299378047,0.028524032150257745,0.0015652557898549271,31,0.01570861384429484,0.013639502762430939,0.014675414364640885,0.014674510323788886,0.0008447113038351805,31,0.47643979057591623,0.5197368421052632,0.5414012738853503,0.5125259688555098,0.02700612397473921,3,
EditedNearestNeighbours,XGBoost,59.07143100102743,0.3551789921123821,0.9772986570994059,0.008171804461563318,0.8,1,0.05,3,1,200,0.0,1,0.8,"{'model__colsample_bytree': 0.8, 'model__gamma': 1, 'model__learning_rate': 0.05, 'model__max_depth': 3, 'model__min_child_weight': 1, 'model__n_estimators': 200, 'model__reg_alpha': 0, 'model__reg_lambda': 1, 'model__subsample': 0.8}",0.2261518688171583,0.2352694816446944,0.23782247560266834,0.23308127535484036,0.0050094544453939596,16,0.7492398541578535,0.7538639939889067,0.7516109831025166,0.7515716104164256,0.001888002463026388,12,0.07236530257544636,0.0708133971291866,0.07539936102236422,0.07285935357566574,0.0019045263629041756,21,0.039530467805972726,0.038328729281767955,0.04074585635359116,0.03953501781377728,0.000986793239830723,21,0.42723880597014924,0.46443514644351463,0.5042735042735043,0.4653158188957227,0.031455448639287606,15,
EditedNearestNeighbours,XGBoost,58.78896371523539,0.06775326262659363,0.9921475251515707,0.011429399629707673,0.8,1,0.05,3,1,200,0.0,5,0.8,"{'model__colsample_bytree': 0.8, 'model__gamma': 1, 'model__learning_rate': 0.05, 'model__max_depth': 3, 'model__min_child_weight': 1, 'model__n_estimators': 200, 'model__reg_alpha': 0, 'model__reg_lambda': 5, 'model__subsample': 0.8}",0.22696373734539532,0.23491326900230144,0.23799509034933258,0.23329069889900977,0.004647381885136393,11,0.7493111458414137,0.7534826952296554,0.7516018649549869,0.7514652353420187,0.0017057660669993892,15,0.07441418619379354,0.07463871684929331,0.07323313079629037,0.07409534461312574,0.0006165295360706029,19,0.04056620058691524,0.0405732044198895,0.03953729281767956,0.04022556594149477,0.0004866909924129425,19,0.44933078393881454,0.46534653465346537,0.49567099567099565,0.47011610475442517,0.019216579734816174,11,
EditedNearestNeighbours,XGBoost,57.99870570500692,1.1946095744490388,0.9709494908650717,0.00723223379655596,0.8,1,0.05,3,1,200,0.1,1,0.8,"{'model__colsample_bytree': 0.8, 'model__gamma': 1, 'model__learning_rate': 0.05, 'model__max_depth': 3, 'model__min_child_weight': 1, 'model__n_estimators': 200, 'model__reg_alpha': 0.1, 'model__reg_lambda': 1, 'model__subsample': 0.8}",0.22605993403985078,0.23520634639933855,0.23825433598598625,0.23317353880839187,0.005181704335598214,14,0.7489533160774013,0.7539307173127694,0.7519449701015851,0.7516096678305852,0.002045800816984893,9,0.07261247040252565,0.07239674693031414,0.07284345047923323,0.07261755593735768,0.00018240141109216926,23,0.03970308993612981,0.039191988950276244,0.0393646408839779,0.039419906590127986,0.00021228405206597206,23,0.42435424354243545,0.47390396659707723,0.48717948717948717,0.46181256577299995,0.027035831655170754,17,
EditedNearestNeighbours,XGBoost,57.13959161440531,0.53497351959051,0.9656022389729818,0.010767937326526512,0.8,1,0.05,3,1,200,0.1,5,0.8,"{'model__colsample_bytree': 0.8, 'model__gamma': 1, 'model__learning_rate': 0.05, 'model__max_depth': 3, 'model__min_child_weight': 1, 'model__n_estimators': 200, 'model__reg_alpha': 0.1, 'model__reg_lambda': 5, 'model__subsample': 0.8}",0.22708484306757332,0.23441371302717134,0.238584366195293,0.23336097409667922,0.004753311300772002,10,0.7493350187806387,0.7534887233891961,0.7518353743395463,0.7515530388364603,0.0017074543421938513,14,0.07292327203551047,0.07488497540853561,0.07569466624081762,0.0745009712282879,0.001163543687229752,17,0.03970308993612981,0.04074585635359116,0.04091850828729282,0.04045581819233793,0.0005369059776927547,17,0.44660194174757284,0.461839530332681,0.5042553191489362,0.47089893040973,0.02439306634767395,9,
EditedNearestNeighbours,XGBoost,55.83704169591268,0.19733611632207607,0.9535937309265137,0.020943082914185503,0.8,1,0.1,3,1,100,0.0,1,0.8,"{'model__colsample_bytree': 0.8, 'model__gamma': 1, 'model__learning_rate': 0.1, 'model__max_depth': 3, 'model__min_child_weight': 1, 'model__n_estimators': 100, 'model__reg_alpha': 0, 'model__reg_lambda': 1, 'model__subsample': 0.8}",0.2277432713611184,0.2334457486829424,0.23587913218040768,0.2323560507414895,0.0034096567784667707,23,0.7487470959650284,0.753314668462219,0.7509040655708801,0.7509886099993759,0.0018656617145247402,22,0.07648546144121365,0.07501970055161544,0.07863031071655041,0.07671182423645984,0.0014826904660305152,9,0.04177455549801484,0.041091160220994474,0.04281767955801105,0.04189446509234013,0.0007099300380466985,9,0.4523364485981308,0.43037974683544306,0.4806201550387597,0.4544454501574445,0.020564703900808015,23,
EditedNearestNeighbours,XGBoost,55.84982959429423,0.4860707935019104,0.9784567356109619,0.0064641238772156434,0.8,1,0.1,3,1,100,0.0,5,0.8,"{'model__colsample_bytree': 0.8, 'model__gamma': 1, 'model__learning_rate': 0.1, 'model__max_depth': 3, 'model__min_child_weight': 1, 'model__n_estimators': 100, 'model__reg_alpha': 0, 'model__reg_lambda': 5, 'model__subsample': 0.8}",0.22787549400396606,0.23339486393121392,0.23678160168127435,0.23268398653881814,0.0036704857526143144,21,0.7492612186326799,0.752450575112072,0.7512785587657345,0.750996784170162,0.0013172057242998845,21,0.07554923344397028,0.07115628970775095,0.07878017789072427,0.07516190034748184,0.0031244666694063192,13,0.041256689107543584,0.03867403314917127,0.04281767955801105,0.04091613393824197,0.0017086904845282824,13,0.44756554307116103,0.4444444444444444,0.49206349206349204,0.4613578265263658,0.021749540013799803,19,
EditedNearestNeighbours,XGBoost,55.89950211842855,0.48146999919241934,0.9618724981943766,0.017629005127742726,0.8,1,0.1,3,1,100,0.1,1,0.8,"{'model__colsample_bytree': 0.8, 'model__gamma': 1, 'model__learning_rate': 0.1, 'model__max_depth': 3, 'model__min_child_weight': 1, 'model__n_estimators': 100, 'model__reg_alpha': 0.1, 'model__reg_lambda': 1, 'model__subsample': 0.8}",0.22797205167632678,0.23383838619138947,0.23635191048900484,0.2327207827855737,0.003511152371100099,19,0.7491103417614597,0.7532681354156545,0.7510560992619837,0.7511448588130326,0.0016985720887738606,17,0.07705668719406285,0.07619647355163728,0.07661738992211095,0.07662351688927035,0.00035120747187258205,11,0.04211979975832902,0.0417817679558011,0.04160911602209945,0.0418368945787432,0.0002120985274663595,11,0.45185185185185184,0.43214285714285716,0.48296593186372744,0.4556535469528122,0.020921852933416932,21,
EditedNearestNeighbours,XGBoost,55.32492860158285,0.4791144681649708,0.9850978056589762,0.01983375339351147,0.8,1,0.1,3,1,100,0.1,5,0.8,"{'model__colsample_bytree': 0.8, 'model__gamma': 1, 'model__learning_rate': 0.1, 'model__max_depth': 3, 'model__min_child_weight': 1, 'model__n_estimators': 100, 'model__reg_alpha': 0.1, 'model__reg_lambda': 5, 'model__subsample': 0.8}",0.22812807294136234,0.23326128806233748,0.23678069202712274,0.2327233510102742,0.003552837970299536,17,0.7493238543475391,0.7526534241202605,0.7512718278007934,0.7510830354228643,0.0013658307946272181,20,0.07493252897285284,0.07147395171537484,0.07878017789072427,0.07506221952631731,0.0029841637534473793,14,0.040738822717072326,0.03884668508287293,0.04281767955801105,0.0408010624526521,0.0016217489774742477,14,0.466403162055336,0.44642857142857145,0.49206349206349204,0.4682984085157998,0.018678516441771646,13,
EditedNearestNeighbours,XGBoost,56.66709987322489,0.3507254027356897,0.9628390471140543,0.011861860276471499,0.8,1,0.1,3,1,200,0.0,1,0.8,"{'model__colsample_bytree': 0.8, 'model__gamma': 1, 'model__learning_rate': 0.1, 'model__max_depth': 3, 'model__min_child_weight': 1, 'model__n_estimators': 200, 'model__reg_alpha': 0, 'model__reg_lambda': 1, 'model__subsample': 0.8}",0.23204875169745576,0.23869832671715738,0.24045900045184995,0.23706869295548771,0.0036216801511248465,1,0.7525509578120517,0.757086680013251,0.7555942289023316,0.7550772889092116,0.0018874346238529262,6,0.10402177199879044,0.10224324736761789,0.10102871180715492,0.1024312437245211,0.0012291214478493617,1,0.05938201277403763,0.05783839779005525,0.0568024861878453,0.05800763225064606,0.001059864638906579,1,0.4190012180267966,0.44021024967148487,0.4563106796116505,0.43850738243664394,0.015279044441162844,27,
EditedNearestNeighbours,XGBoost,56.38696034749349,0.19969560588224927,0.9639299710591634,0.0041686329505670324,0.8,1,0.1,3,1,200,0.0,5,0.8,"{'model__colsample_bytree': 0.8, 'model__gamma': 1, 'model__learning_rate': 0.1, 'model__max_depth': 3, 'model__min_child_weight': 1, 'model__n_estimators': 200, 'model__reg_alpha': 0, 'model__reg_lambda': 5, 'model__subsample': 0.8}",0.23189479756937864,0.23734904452534578,0.2413438042294923,0.2368625487747389,0.003872849106470758,8,0.7528692370614793,0.7567595522378372,0.7560169054931166,0.7552152315974777,0.0016863469036276196,3,0.10138108969494612,0.09463819327085574,0.10630823277837177,0.1007758385813912,0.004783457759793355,7,0.05765579147246677,0.0531767955801105,0.060082872928176795,0.056971819993584694,0.0028605755624013505,7,0.41959798994974873,0.4295676429567643,0.4609271523178808,0.43669759507479794,0.017609695784178005,32,
EditedNearestNeighbours,XGBoost,56.40455953280131,0.07050100398212959,0.9585994084676107,0.007051866359204822,0.8,1,0.1,3,1,200,0.1,1,0.8,"{'model__colsample_bytree': 0.8, 'model__gamma': 1, 'model__learning_rate': 0.1, 'model__max_depth': 3, 'model__min_child_weight': 1, 'model__n_estimators': 200, 'model__reg_alpha': 0.1, 'model__reg_lambda': 1, 'model__subsample': 0.8}",0.23151455265609272,0.23824935671629066,0.24116006218218822,0.23697465718485722,0.004039604574384087,4,0.7525628484828881,0.7566775595832399,0.7560152577612751,0.7550852219424677,0.0018039654150487615,4,0.10286754665452891,0.10105327430926576,0.10278372591006424,0.10223484895795297,0.0008361999231108444,3,0.0585189021232522,0.05714779005524862,0.058011049723756904,0.0578925806340859,0.0005659877911886241,2,0.424812030075188,0.43610013175230566,0.450402144772118,0.4371047688665372,0.010471245209269588,29,
EditedNearestNeighbours,XGBoost,56.69269585609436,0.23931370078893222,0.9686981042226156,0.008258431893773307,0.8,1,0.1,3,1,200,0.1,5,0.8,"{'model__colsample_bytree': 0.8, 'model__gamma': 1, 'model__learning_rate': 0.1, 'model__max_depth': 3, 'model__min_child_weight': 1, 'model__n_estimators': 200, 'model__reg_alpha': 0.1, 'model__reg_lambda': 5, 'model__subsample': 0.8}",0.23240939259054824,0.23723187757124797,0.24141382987612364,0.23701836667930665,0.003679145089392219,3,0.7531313670112932,0.7565122354101264,0.7562021712786755,0.7552819245666983,0.0015259332206304984,2,0.10013696545426876,0.09509155254654562,0.10738255033557047,0.10087035611212829,0.005044505463388201,6,0.05679268082168134,0.053349447513812154,0.06077348066298342,0.05697186966615897,0.0030334961712505247,6,0.42287917737789205,0.43705799151343705,0.4607329842931937,0.44022338439484093,0.015615002584383747,25,
AllKNN,XGBoost,135.13628379503885,1.1982540220910458,0.9426507949829102,0.0064538187564871,0.8,0,0.05,3,1,100,0.0,1,0.8,"{'model__colsample_bytree': 0.8, 'model__gamma': 0, 'model__learning_rate': 0.05, 'model__max_depth': 3, 'model__min_child_weight': 1, 'model__n_estimators': 100, 'model__reg_alpha': 0, 'model__reg_lambda': 1, 'model__subsample': 0.8}",0.21787261907644956,0.22557133805133195,0.2285897501560869,0.22401123576128948,0.004512180848257969,27,0.7430159182413856,0.747459591437888,0.743984797206745,0.7448201022953395,0.0019078537352397445,25,0.04965114392341392,0.054247198310865684,0.050955414012738856,0.051617918749006154,0.0019339275024822923,27,0.02641118591403418,0.028832872928176795,0.026933701657458564,0.02739258683322318,0.001040536304674705,27,0.4135135135135135,0.4575342465753425,0.47129909365558914,0.4474489512481484,0.02464519161305918,7,
AllKNN,XGBoost,133.23479930559793,0.5562359753189913,0.9488028685251871,0.011957183500589658,0.8,0,0.05,3,1,100,0.0,5,0.8,"{'model__colsample_bytree': 0.8, 'model__gamma': 0, 'model__learning_rate': 0.05, 'model__max_depth': 3, 'model__min_child_weight': 1, 'model__n_estimators': 100, 'model__reg_alpha': 0, 'model__reg_lambda': 5, 'model__subsample': 0.8}",0.21703752520317515,0.22597066739749272,0.22900873265797456,0.22400564175288082,0.00508090846991284,29,0.7429401395862953,0.7473295449548363,0.7440532428619053,0.7447743091343456,0.0018630928227514995,29,0.051307030362071765,0.04834231585823943,0.05158341495266079,0.050410920390990654,0.0014670697881986796,31,0.02727429656481961,0.025552486187845305,0.027279005524861878,0.026701929425842263,0.0008127813816801629,31,0.43169398907103823,0.4471299093655589,0.47305389221556887,0.45062593021738867,0.01706511096513508,5,
AllKNN,XGBoost,133.50441797574362,0.3785486591689903,0.9518841107686361,0.019500913782945353,0.8,0,0.05,3,1,100,0.1,1,0.8,"{'model__colsample_bytree': 0.8, 'model__gamma': 0, 'model__learning_rate': 0.05, 'model__max_depth': 3, 'model__min_child_weight': 1, 'model__n_estimators': 100, 'model__reg_alpha': 0.1, 'model__reg_lambda': 1, 'model__subsample': 0.8}",0.21676008161261137,0.22619149730039223,0.22853006626252506,0.22382721505850955,0.005087599797826234,31,0.7428255183348466,0.7475217563423673,0.7439026304867508,0.7447499683879881,0.0020086726952518773,31,0.05339805825242718,0.05457203183368524,0.04937867887508175,0.052449589653731386,0.0022237240911277436,25,0.02848265147591921,0.029005524861878452,0.026070441988950276,0.027852872775582644,0.0012783175860709235,25,0.4263565891472868,0.4602739726027397,0.4660493827160494,0.4508933148220253,0.01750955968649238,3,
AllKNN,XGBoost,133.95946462949118,0.6496881715776607,0.9474075635274252,0.014139124834935008,0.8,0,0.05,3,1,100,0.1,5,0.8,"{'model__colsample_bytree': 0.8, 'model__gamma': 0, 'model__learning_rate': 0.05, 'model__max_depth': 3, 'model__min_child_weight': 1, 'model__n_estimators': 100, 'model__reg_alpha': 0.1, 'model__reg_lambda': 5, 'model__subsample': 0.8}",0.21688775529230403,0.2262624629512125,0.22912280635246407,0.2240910081986602,0.005225611952551095,25,0.7429999828843431,0.747352698270172,0.7440556902475634,0.7448027904673595,0.0018538521806089002,27,0.052836304700162075,0.049656974844821955,0.050359712230215826,0.050950997258399945,0.001363634376871915,29,0.02813740721560504,0.026243093922651933,0.02658839779005525,0.026989632976104072,0.0008237507587684669,29,0.4323607427055703,0.46060606060606063,0.47530864197530864,0.4560918150956465,0.01782160341303252,1,
AllKNN,XGBoost,134.07541179656982,0.37107887526495087,0.9744711716969808,0.02605328074246836,0.8,0,0.05,3,1,200,0.0,1,0.8,"{'model__colsample_bytree': 0.8, 'model__gamma': 0, 'model__learning_rate': 0.05, 'model__max_depth': 3, 'model__min_child_weight': 1, 'model__n_estimators': 200, 'model__reg_alpha': 0, 'model__reg_lambda': 1, 'model__subsample': 0.8}",0.22561612625620797,0.23296876932866878,0.23663187691713805,0.2317389241673383,0.0045804715911924344,13,0.748633793718334,0.753046249149828,0.7508518197765095,0.7508439542148905,0.001801385972711894,18,0.10179731158435282,0.10953530476765239,0.10534351145038168,0.10555870926746229,0.003162685272734215,21,0.05817365786293803,0.06267265193370165,0.05956491712707182,0.060137075641237166,0.0018807376099446522,21,0.40700483091787437,0.4342105263157895,0.4551451187335092,0.43212015865572434,0.019708696142544533,11,
AllKNN,XGBoost,134.63804078102112,0.29539240036097697,0.9633677005767822,0.008246298536824228,0.8,0,0.05,3,1,200,0.0,5,0.8,"{'model__colsample_bytree': 0.8, 'model__gamma': 0, 'model__learning_rate': 0.05, 'model__max_depth': 3, 'model__min_child_weight': 1, 'model__n_estimators': 200, 'model__reg_alpha': 0, 'model__reg_lambda': 5, 'model__subsample': 0.8}",0.22517142897376136,0.23312063252250032,0.23689010540726654,0.23172738896784273,0.004884512260894539,15,0.7487685153983861,0.7527477269938418,0.751200478001903,0.7509055734647103,0.0016378355116626882,11,0.10090361445783133,0.10781344639612356,0.10955569080949483,0.1060909172211499,0.003736302661520722,18,0.057828413602623856,0.06146408839779006,0.062154696132596686,0.0604823993776702,0.0018977118031030498,19,0.3955135773317591,0.43842364532019706,0.46153846153846156,0.4318252280634726,0.02735538540942771,13,
AllKNN,XGBoost,134.52828764915466,0.4170745163279572,0.9599584738413492,0.01592805281586183,0.8,0,0.05,3,1,200,0.1,1,0.8,"{'model__colsample_bytree': 0.8, 'model__gamma': 0, 'model__learning_rate': 0.05, 'model__max_depth': 3, 'model__min_child_weight': 1, 'model__n_estimators': 200, 'model__reg_alpha': 0.1, 'model__reg_lambda': 1, 'model__subsample': 0.8}",0.22465079475426336,0.23386291892197877,0.23708733941630572,0.23186701769751594,0.00526970126010338,10,0.7485601728398708,0.7531484373167734,0.7508630555015765,0.7508572218860735,0.0018731556708407046,16,0.10021128886205856,0.11059213500075335,0.10508578431372549,0.10529640272551248,0.004240578712499147,24,0.0573105472121526,0.06336325966850828,0.059219613259668506,0.059964473380109795,0.0025265186151565257,24,0.3985594237695078,0.43431952662721895,0.46603260869565216,0.43297051969745964,0.02756232375050916,10,
AllKNN,XGBoost,134.6509416103363,1.220699113924653,0.9645219643910726,0.010507958399682547,0.8,0,0.05,3,1,200,0.1,5,0.8,"{'model__colsample_bytree': 0.8, 'model__gamma': 0, 'model__learning_rate': 0.05, 'model__max_depth': 3, 'model__min_child_weight': 1, 'model__n_estimators': 200, 'model__reg_alpha': 0.1, 'model__reg_lambda': 5, 'model__subsample': 0.8}",0.22452013051821795,0.23368441224409886,0.2364372433164873,0.23154726202626805,0.005094438317214144,19,0.748908814060842,0.7530482266897902,0.7510754872679407,0.7510108426728577,0.0016905262338355134,10,0.10284167794316644,0.10591617491299743,0.10953902327704244,0.10609895871106878,0.0027372329176165856,16,0.059036768513723456,0.06042817679558011,0.062154696132596686,0.06053988048063342,0.0012753369343233675,17,0.3986013986013986,0.4283965728274174,0.46094750320102434,0.4293151582099468,0.025460977187526487,15,
AllKNN,XGBoost,133.9363590081533,0.525279988646626,0.9837736288706461,0.030324869430492726,0.8,0,0.1,3,1,100,0.0,1,0.8,"{'model__colsample_bytree': 0.8, 'model__gamma': 0, 'model__learning_rate': 0.1, 'model__max_depth': 3, 'model__min_child_weight': 1, 'model__n_estimators': 100, 'model__reg_alpha': 0, 'model__reg_lambda': 1, 'model__subsample': 0.8}",0.22388656384410954,0.23446832307351695,0.23558698769432093,0.23131395820398248,0.005271779766913877,22,0.7483248103119373,0.7537572709603007,0.7503241346358416,0.7508020719693599,0.0022433940425290073,20,0.10199490025498725,0.10745547841835194,0.11228813559322035,0.10724617142218651,0.004204801263321528,14,0.05869152425340929,0.06146408839779006,0.06405386740331492,0.06140316001817142,0.0021895913187803162,14,0.3890160183066362,0.42685851318944845,0.45465686274509803,0.4235104647470609,0.02690213357001036,21,
AllKNN,XGBoost,133.40434543291727,0.837250494122926,0.9688754876454672,0.059629412106582916,0.8,0,0.1,3,1,100,0.0,5,0.8,"{'model__colsample_bytree': 0.8, 'model__gamma': 0, 'model__learning_rate': 0.1, 'model__max_depth': 3, 'model__min_child_weight': 1, 'model__n_estimators': 100, 'model__reg_alpha': 0, 'model__reg_lambda': 5, 'model__subsample': 0.8}",0.22371319294889255,0.23421519796416654,0.23597230488301577,0.23130023193202495,0.005412591897895436,23,0.748323035936494,0.7533860287312083,0.7506420618116958,0.7507837088264661,0.002069383469768603,21,0.10477611940298508,0.11121130147279831,0.11035319084432317,0.10878020390670218,0.0028529058866771993,11,0.06059036768513724,0.06388121546961326,0.06284530386740332,0.06243896234071794,0.0013738643461369431,11,0.3869900771775083,0.42923433874709976,0.45217391304347826,0.42279944298936206,0.026997395270780496,23,
AllKNN,XGBoost,133.56862688064575,0.09071927897680575,0.9863176345825195,0.0311396685451285,0.8,0,0.1,3,1,100,0.1,1,0.8,"{'model__colsample_bytree': 0.8, 'model__gamma': 0, 'model__learning_rate': 0.1, 'model__max_depth': 3, 'model__min_child_weight': 1, 'model__n_estimators': 100, 'model__reg_alpha': 0.1, 'model__reg_lambda': 1, 'model__subsample': 0.8}",0.22532098397006742,0.2337202153355169,0.23564703983333768,0.23156274637964067,0.004483143364836909,18,0.7487976892188215,0.7531697819224945,0.7501934979009546,0.7507203230140901,0.001823359020644855,24,0.10371702637889688,0.10427686262656793,0.11013081837541831,0.10604156912696104,0.0029005543973589917,20,0.059727257034351805,0.05956491712707182,0.0625,0.06059739138714121,0.0013469788940853923,16,0.39362912400455063,0.41818181818181815,0.4629156010230179,0.4249088477364622,0.02868325492198585,18,
AllKNN,XGBoost,133.1846809387207,0.6558252345592225,0.9710793495178223,0.011813867546259921,0.8,0,0.1,3,1,100,0.1,5,0.8,"{'model__colsample_bytree': 0.8, 'model__gamma': 0, 'model__learning_rate': 0.1, 'model__max_depth': 3, 'model__min_child_weight': 1, 'model__n_estimators': 100, 'model__reg_alpha': 0.1, 'model__reg_lambda': 5, 'model__subsample': 0.8}",0.22571331101162945,0.23363933670927295,0.2361825321534592,0.23184505995812055,0.0044583793485920625,11,0.748545883621698,0.753366810864361,0.7506736788933692,0.7508621244598094,0.0019726409824387878,13,0.10647525048601765,0.11265501269983565,0.11149825783972125,0.11020950700852485,0.0026824148676786548,9,0.061453478335922664,0.06508977900552486,0.06353591160220995,0.06335972298121915,0.001489732070443613,9,0.3982102908277405,0.4184239733629301,0.45488257107540175,0.4238389450886908,0.023451059339405184,19,
AllKNN,XGBoost,134.3554166952769,0.5775867552030238,0.9610538482666016,0.00625971578931415,0.8,0,0.1,3,1,200,0.0,1,0.8,"{'model__colsample_bytree': 0.8, 'model__gamma': 0, 'model__learning_rate': 0.1, 'model__max_depth': 3, 'model__min_child_weight': 1, 'model__n_estimators': 200, 'model__reg_alpha': 0, 'model__reg_lambda': 1, 'model__subsample': 0.8}",0.2267966952906229,0.2381213981630554,0.24082435542435301,0.23524748295934375,0.006076641268302407,8,0.751146998944901,0.7569382467274658,0.755847034679481,0.754644093450616,0.002512626569925444,8,0.12527122812093158,0.13387541745317263,0.1362906756165183,0.13181244039687418,0.004729267845245431,5,0.0747453823580183,0.07959254143646409,0.08062845303867404,0.07832212561105213,0.00256425394419646,6,0.38660714285714287,0.42100456621004567,0.44015080113100846,0.41592083673273234,0.02215271336858463,27,
AllKNN,XGBoost,133.70167263348898,0.33518806532228773,0.9495064417521158,0.010437565266112184,0.8,0,0.1,3,1,200,0.0,5,0.8,"{'model__colsample_bytree': 0.8, 'model__gamma': 0, 'model__learning_rate': 0.1, 'model__max_depth': 3, 'model__min_child_weight': 1, 'model__n_estimators': 200, 'model__reg_alpha': 0, 'model__reg_lambda': 5, 'model__subsample': 0.8}",0.22815427603195398,0.23752162676087235,0.24160330979129327,0.2357597375280399,0.005630116488820945,6,0.751676038928227,0.7568333572749598,0.7560112961375386,0.7548402307802418,0.002262451279133949,4,0.12714925588787748,0.13459028281363306,0.13331384300540858,0.13168446056897307,0.0032489368282130203,7,0.0759537372691179,0.08011049723756906,0.0787292817679558,0.07826450542488092,0.0017285207829511467,7,0.3900709219858156,0.42067089755213055,0.43469971401334606,0.4151471778504307,0.018633587576673678,28,
AllKNN,XGBoost,134.54048760732016,1.0438454148354324,0.9616513252258301,0.009406318942246994,0.8,0,0.1,3,1,200,0.1,1,0.8,"{'model__colsample_bytree': 0.8, 'model__gamma': 0, 'model__learning_rate': 0.1, 'model__max_depth': 3, 'model__min_child_weight': 1, 'model__n_estimators': 200, 'model__reg_alpha': 0.1, 'model__reg_lambda': 1, 'model__subsample': 0.8}",0.22854252524087282,0.23741067077066225,0.2416390299163909,0.23586407530930864,0.005457323936373729,4,0.7518744510035271,0.7563511110555032,0.7558747922208839,0.7547001180933047,0.0020074886109668817,7,0.13024059933727128,0.1314717859220477,0.13561303521847143,0.13244180682593013,0.002298038618746921,4,0.07802520283100293,0.07803867403314917,0.08011049723756906,0.07872479136724038,0.0009798574514078842,4,0.39372822299651566,0.41697416974169743,0.44148430066603234,0.4173955644680818,0.01949861394613808,25,
AllKNN,XGBoost,134.24514849980673,0.3224983518369434,0.9635124206542969,0.013957403538875151,0.8,0,0.1,3,1,200,0.1,5,0.8,"{'model__colsample_bytree': 0.8, 'model__gamma': 0, 'model__learning_rate': 0.1, 'model__max_depth': 3, 'model__min_child_weight': 1, 'model__n_estimators': 200, 'model__reg_alpha': 0.1, 'model__reg_lambda': 5, 'model__subsample': 0.8}",0.22982525159907946,0.23783314653304682,0.24070252678009812,0.23612030830407482,0.004602835353697556,2,0.7519831301908988,0.757115920382435,0.7557723815643334,0.7549571440458891,0.0021732990201062284,3,0.13004613610149943,0.13683602771362588,0.13101330603889458,0.1326318232846733,0.0029989282065729897,3,0.07785258070084584,0.08183701657458564,0.07734806629834254,0.07901255452459134,0.002007788684013139,2,0.39457567804024496,0.41725352112676056,0.4278892072588348,0.4132394688086134,0.013893218231906678,32,
AllKNN,XGBoost,133.73948748906454,0.23699411483592492,1.0097510814666748,0.015089061235035742,0.8,1,0.05,3,1,100,0.0,1,0.8,"{'model__colsample_bytree': 0.8, 'model__gamma': 1, 'model__learning_rate': 0.05, 'model__max_depth': 3, 'model__min_child_weight': 1, 'model__n_estimators': 100, 'model__reg_alpha': 0, 'model__reg_lambda': 1, 'model__subsample': 0.8}",0.21787261907644956,0.22557133805133195,0.2285897501560869,0.22401123576128948,0.004512180848257969,27,0.7430159182413856,0.747459591437888,0.743984797206745,0.7448201022953395,0.0019078537352397445,25,0.04965114392341392,0.054247198310865684,0.050955414012738856,0.051617918749006154,0.0019339275024822923,27,0.02641118591403418,0.028832872928176795,0.026933701657458564,0.02739258683322318,0.001040536304674705,27,0.4135135135135135,0.4575342465753425,0.47129909365558914,0.4474489512481484,0.02464519161305918,7,
AllKNN,XGBoost,133.31396222114563,0.5534970269466117,0.9754703044891357,0.042142664889791744,0.8,1,0.05,3,1,100,0.0,5,0.8,"{'model__colsample_bytree': 0.8, 'model__gamma': 1, 'model__learning_rate': 0.05, 'model__max_depth': 3, 'model__min_child_weight': 1, 'model__n_estimators': 100, 'model__reg_alpha': 0, 'model__reg_lambda': 5, 'model__subsample': 0.8}",0.21703752520317515,0.22597066739749272,0.22900873265797456,0.22400564175288082,0.00508090846991284,29,0.7429401395862953,0.7473295449548363,0.7440532428619053,0.7447743091343456,0.0018630928227514995,29,0.051307030362071765,0.04834231585823943,0.05158341495266079,0.050410920390990654,0.0014670697881986796,31,0.02727429656481961,0.025552486187845305,0.027279005524861878,0.026701929425842263,0.0008127813816801629,31,0.43169398907103823,0.4471299093655589,0.47305389221556887,0.45062593021738867,0.01706511096513508,5,
AllKNN,XGBoost,133.25571282704672,0.5760994520080276,0.9383722146352133,0.025782475262205843,0.8,1,0.05,3,1,100,0.1,1,0.8,"{'model__colsample_bytree': 0.8, 'model__gamma': 1, 'model__learning_rate': 0.05, 'model__max_depth': 3, 'model__min_child_weight': 1, 'model__n_estimators': 100, 'model__reg_alpha': 0.1, 'model__reg_lambda': 1, 'model__subsample': 0.8}",0.21676008161261137,0.22619149730039223,0.22853006626252506,0.22382721505850955,0.005087599797826234,31,0.7428255183348466,0.7475217563423673,0.7439026304867508,0.7447499683879881,0.0020086726952518773,31,0.05339805825242718,0.05457203183368524,0.04937867887508175,0.052449589653731386,0.0022237240911277436,25,0.02848265147591921,0.029005524861878452,0.026070441988950276,0.027852872775582644,0.0012783175860709235,25,0.4263565891472868,0.4602739726027397,0.4660493827160494,0.4508933148220253,0.01750955968649238,3,
AllKNN,XGBoost,133.846790711085,0.4417278103652867,0.9711265563964844,0.010616021234899653,0.8,1,0.05,3,1,100,0.1,5,0.8,"{'model__colsample_bytree': 0.8, 'model__gamma': 1, 'model__learning_rate': 0.05, 'model__max_depth': 3, 'model__min_child_weight': 1, 'model__n_estimators': 100, 'model__reg_alpha': 0.1, 'model__reg_lambda': 5, 'model__subsample': 0.8}",0.21688775529230403,0.2262624629512125,0.22912280635246407,0.2240910081986602,0.005225611952551095,25,0.7429999828843431,0.747352698270172,0.7440556902475634,0.7448027904673595,0.0018538521806089002,27,0.052836304700162075,0.049656974844821955,0.050359712230215826,0.050950997258399945,0.001363634376871915,29,0.02813740721560504,0.026243093922651933,0.02658839779005525,0.026989632976104072,0.0008237507587684669,29,0.4323607427055703,0.46060606060606063,0.47530864197530864,0.4560918150956465,0.01782160341303252,1,
AllKNN,XGBoost,139.26910527547201,1.8717697023747422,0.9965016841888428,0.041675991882107764,0.8,1,0.05,3,1,200,0.0,1,0.8,"{'model__colsample_bytree': 0.8, 'model__gamma': 1, 'model__learning_rate': 0.05, 'model__max_depth': 3, 'model__min_child_weight': 1, 'model__n_estimators': 200, 'model__reg_alpha': 0, 'model__reg_lambda': 1, 'model__subsample': 0.8}",0.22561322865107003,0.23297072135000396,0.23661817546017258,0.23173404182041554,0.004577062068035303,14,0.7486334927549476,0.7530494202810845,0.7508507832367013,0.7508445654242445,0.001802800224635197,17,0.10178193899124131,0.10953530476765239,0.10534351145038168,0.10555358506975847,0.0031687819331591926,22,0.05817365786293803,0.06267265193370165,0.05956491712707182,0.060137075641237166,0.0018807376099446522,21,0.40651387213510254,0.4342105263157895,0.4551451187335092,0.43195650572813377,0.01991749637941379,12,
AllKNN,XGBoost,151.88863515853882,11.093080197416196,1.096698522567749,0.07852415579309954,0.8,1,0.05,3,1,200,0.0,5,0.8,"{'model__colsample_bytree': 0.8, 'model__gamma': 1, 'model__learning_rate': 0.05, 'model__max_depth': 3, 'model__min_child_weight': 1, 'model__n_estimators': 200, 'model__reg_alpha': 0, 'model__reg_lambda': 5, 'model__subsample': 0.8}",0.2251659394417177,0.23312063252250032,0.23689010540726654,0.2317255591238282,0.004886968333414587,16,0.7487682929471873,0.7527477269938418,0.751200478001903,0.7509054993143107,0.0016379322640692772,12,0.10090361445783133,0.10781344639612356,0.10955569080949483,0.1060909172211499,0.003736302661520722,18,0.057828413602623856,0.06146408839779006,0.062154696132596686,0.0604823993776702,0.0018977118031030498,19,0.3955135773317591,0.43842364532019706,0.46153846153846156,0.4318252280634726,0.02735538540942771,13,
AllKNN,XGBoost,157.13258306185404,2.8936001390157675,1.2156185309092205,0.09413444191928808,0.8,1,0.05,3,1,200,0.1,1,0.8,"{'model__colsample_bytree': 0.8, 'model__gamma': 1, 'model__learning_rate': 0.05, 'model__max_depth': 3, 'model__min_child_weight': 1, 'model__n_estimators': 200, 'model__reg_alpha': 0.1, 'model__reg_lambda': 1, 'model__subsample': 0.8}",0.22468933145520836,0.23386466089682878,0.23708733941630572,0.23188044392278095,0.00525233205988432,9,0.7485613269690308,0.7531518610391699,0.7508630555015765,0.7508587478365923,0.001874080161796744,15,0.10048280024140012,0.11059213500075335,0.10508578431372549,0.10538690651862632,0.00413260759133021,23,0.05748316934230968,0.06336325966850828,0.059219613259668506,0.06002201409016216,0.002466678046907928,23,0.39880239520958083,0.43431952662721895,0.46603260869565216,0.43305151017748394,0.0274612612071779,9,
AllKNN,XGBoost,154.6073067188263,5.36401772827692,1.0942373275756836,0.10176130651474308,0.8,1,0.05,3,1,200,0.1,5,0.8,"{'model__colsample_bytree': 0.8, 'model__gamma': 1, 'model__learning_rate': 0.05, 'model__max_depth': 3, 'model__min_child_weight': 1, 'model__n_estimators': 200, 'model__reg_alpha': 0.1, 'model__reg_lambda': 5, 'model__subsample': 0.8}",0.2245189185400877,0.23368523739141928,0.2364372433164873,0.23154713308266475,0.005095110983107306,20,0.7489085719815964,0.7530488496606851,0.7510754872679407,0.7510109696367407,0.0016908768353611988,9,0.10284167794316644,0.10591617491299743,0.10953902327704244,0.10609895871106878,0.0027372329176165856,16,0.059036768513723456,0.06042817679558011,0.062154696132596686,0.06053988048063342,0.0012753369343233675,17,0.3986013986013986,0.4283965728274174,0.46094750320102434,0.4293151582099468,0.025460977187526487,15,
AllKNN,XGBoost,153.4965319633484,5.598646364287837,1.1876702308654785,0.031111322398777657,0.8,1,0.1,3,1,100,0.0,1,0.8,"{'model__colsample_bytree': 0.8, 'model__gamma': 1, 'model__learning_rate': 0.1, 'model__max_depth': 3, 'model__min_child_weight': 1, 'model__n_estimators': 100, 'model__reg_alpha': 0, 'model__reg_lambda': 1, 'model__subsample': 0.8}",0.22388656384410954,0.23451492815693414,0.23558698769432093,0.2313294932317882,0.00528111265520209,21,0.7483248103119373,0.7536771053379916,0.7503241346358416,0.7507753500952568,0.0022082364086291164,23,0.10199490025498725,0.10770855332629356,0.11228813559322035,0.10733052972483371,0.004210688765076178,13,0.05869152425340929,0.06163674033149171,0.06405386740331492,0.061460710662738643,0.0021927031791141513,13,0.3890160183066362,0.4265232974910394,0.45465686274509803,0.4233987261809245,0.026888688130297246,22,
AllKNN,XGBoost,158.05917143821716,0.5661908214990355,1.1770933469136555,0.037153807592854624,0.8,1,0.1,3,1,100,0.0,5,0.8,"{'model__colsample_bytree': 0.8, 'model__gamma': 1, 'model__learning_rate': 0.1, 'model__max_depth': 3, 'model__min_child_weight': 1, 'model__n_estimators': 100, 'model__reg_alpha': 0, 'model__reg_lambda': 5, 'model__subsample': 0.8}",0.22371319294889255,0.23421519796416654,0.23597230488301577,0.23130023193202495,0.005412591897895436,23,0.748323035936494,0.7533860287312083,0.7506420618116958,0.7507837088264661,0.002069383469768603,21,0.10477611940298508,0.11121130147279831,0.11035319084432317,0.10878020390670218,0.0028529058866771993,11,0.06059036768513724,0.06388121546961326,0.06284530386740332,0.06243896234071794,0.0013738643461369431,11,0.3869900771775083,0.42923433874709976,0.45217391304347826,0.42279944298936206,0.026997395270780496,23,
AllKNN,XGBoost,156.15983986854553,8.458614502544583,1.1344749132792156,0.06620418179090415,0.8,1,0.1,3,1,100,0.1,1,0.8,"{'model__colsample_bytree': 0.8, 'model__gamma': 1, 'model__learning_rate': 0.1, 'model__max_depth': 3, 'model__min_child_weight': 1, 'model__n_estimators': 100, 'model__reg_alpha': 0.1, 'model__reg_lambda': 1, 'model__subsample': 0.8}",0.22532098397006742,0.23399872278902556,0.23564703983333768,0.23165558219747687,0.004529502422758806,17,0.7487976892188215,0.7534178499798138,0.7501934979009546,0.7508030123665299,0.0019347872022804562,19,0.10371702637889688,0.10588413250642868,0.11013081837541831,0.1065773257535813,0.0026639031016016195,15,0.059727257034351805,0.06042817679558011,0.0625,0.0608851446099773,0.0011771832414522669,15,0.39362912400455063,0.42735042735042733,0.4629156010230179,0.4279650507926653,0.028289424359519453,17,
AllKNN,XGBoost,146.27692516644797,2.3524846948264706,1.1054966449737549,0.05769973150970876,0.8,1,0.1,3,1,100,0.1,5,0.8,"{'model__colsample_bytree': 0.8, 'model__gamma': 1, 'model__learning_rate': 0.1, 'model__max_depth': 3, 'model__min_child_weight': 1, 'model__n_estimators': 100, 'model__reg_alpha': 0.1, 'model__reg_lambda': 5, 'model__subsample': 0.8}",0.22571331101162945,0.23363933670927295,0.2361825321534592,0.23184505995812055,0.0044583793485920625,11,0.748545883621698,0.753366810864361,0.7506736788933692,0.7508621244598094,0.0019726409824387878,13,0.10647525048601765,0.11265501269983565,0.11149825783972125,0.11020950700852485,0.0026824148676786548,9,0.061453478335922664,0.06508977900552486,0.06353591160220995,0.06335972298121915,0.001489732070443613,9,0.3982102908277405,0.4184239733629301,0.45488257107540175,0.4238389450886908,0.023451059339405184,19,
AllKNN,XGBoost,151.17560505867004,1.2791391363769817,1.0781447092692058,0.020329365308868745,0.8,1,0.1,3,1,200,0.0,1,0.8,"{'model__colsample_bytree': 0.8, 'model__gamma': 1, 'model__learning_rate': 0.1, 'model__max_depth': 3, 'model__min_child_weight': 1, 'model__n_estimators': 200, 'model__reg_alpha': 0, 'model__reg_lambda': 1, 'model__subsample': 0.8}",0.22679708371182034,0.23813230709659527,0.24082435542435301,0.2352512487442562,0.006078182888906404,7,0.7511495662934407,0.7572562537378253,0.755847034679481,0.754750951570249,0.0026107414684477647,6,0.12527122812093158,0.13016889924286545,0.1362906756165183,0.13057693432677178,0.004507913430791972,8,0.0747453823580183,0.07717541436464088,0.08062845303867404,0.07751641658711107,0.0024138271196304313,8,0.38660714285714287,0.4154275092936803,0.44015080113100846,0.4140618177606106,0.021880427636889667,30,
AllKNN,XGBoost,150.89316773414612,5.832344448794639,1.0648386478424072,0.08101180900341345,0.8,1,0.1,3,1,200,0.0,5,0.8,"{'model__colsample_bytree': 0.8, 'model__gamma': 1, 'model__learning_rate': 0.1, 'model__max_depth': 3, 'model__min_child_weight': 1, 'model__n_estimators': 200, 'model__reg_alpha': 0, 'model__reg_lambda': 5, 'model__subsample': 0.8}",0.22818573861028618,0.23752162676087235,0.24160577600765815,0.23577104712627225,0.005616805006972265,5,0.7515498489059117,0.7568333572749598,0.7560153245081567,0.7547995102296761,0.0023219989149105085,5,0.12752452394691285,0.13459028281363306,0.13331384300540858,0.13180954992198482,0.003074455003333781,6,0.07629898152943207,0.08011049723756906,0.0787292817679558,0.07837958684498564,0.0015755692945106307,5,0.3880597014925373,0.42067089755213055,0.43469971401334606,0.41447677101933794,0.019537964660518124,29,
AllKNN,XGBoost,133.7023003101349,0.4012148678257003,0.9959171613057455,0.010521181849352875,0.8,1,0.1,3,1,200,0.1,1,0.8,"{'model__colsample_bytree': 0.8, 'model__gamma': 1, 'model__learning_rate': 0.1, 'model__max_depth': 3, 'model__min_child_weight': 1, 'model__n_estimators': 200, 'model__reg_alpha': 0.1, 'model__reg_lambda': 1, 'model__subsample': 0.8}",0.22854328931018741,0.23752580859947428,0.2416390299163909,0.23590270927535087,0.005468116316015915,3,0.7518803053956611,0.757242832379577,0.7558747922208839,0.7549993099987073,0.002275086189476062,2,0.13024059933727128,0.1363373772385904,0.13561303521847143,0.13406367059811106,0.002719445193370845,1,0.07802520283100293,0.08149171270718232,0.08011049723756906,0.07987580425858477,0.0014248937448574181,1,0.39372822299651566,0.4169611307420495,0.44148430066603234,0.4173912181348658,0.019498708845601752,26,
AllKNN,XGBoost,133.93729543685913,0.37823495525003187,0.9967969258626302,0.010288207821205347,0.8,1,0.1,3,1,200,0.1,5,0.8,"{'model__colsample_bytree': 0.8, 'model__gamma': 1, 'model__learning_rate': 0.1, 'model__max_depth': 3, 'model__min_child_weight': 1, 'model__n_estimators': 200, 'model__reg_alpha': 0.1, 'model__reg_lambda': 5, 'model__subsample': 0.8}",0.22982006075888178,0.23783763106240452,0.24090320483698358,0.23618696555275664,0.004672796673837953,1,0.7519926995180504,0.7571251288345691,0.7559046228419031,0.7550074837315076,0.002189231464816844,1,0.13004613610149943,0.13683602771362588,0.13110916008194323,0.13266377463235618,0.0029819766181033935,2,0.07785258070084584,0.08183701657458564,0.07734806629834254,0.07901255452459134,0.002007788684013139,2,0.39457567804024496,0.41725352112676056,0.42994241842610365,0.41392387253103635,0.01462911483329136,31,
NeighbourhoodCleaningRule,XGBoost,68.72557258605957,0.23092469052038966,0.9577823479970297,0.024360135138646155,0.8,0,0.05,3,1,100,0.0,1,0.8,"{'model__colsample_bytree': 0.8, 'model__gamma': 0, 'model__learning_rate': 0.05, 'model__max_depth': 3, 'model__min_child_weight': 1, 'model__n_estimators': 100, 'model__reg_alpha': 0, 'model__reg_lambda': 1, 'model__subsample': 0.8}",0.2204859330018133,0.2277487942854248,0.23197654009658053,0.22673708912793955,0.004745255409061454,27,0.7437260348089542,0.7472999381321845,0.7444974119485608,0.7451744616298998,0.0015355766439571939,27,0.02457498737586265,0.014973625999659691,0.02169859298186133,0.020415735452461222,0.004023334243275048,25,0.012601415501467287,0.007596685082872928,0.011049723756906077,0.010415941447082097,0.002091744352270816,25,0.49324324324324326,0.5176470588235295,0.5981308411214953,0.536340381062756,0.04481392841087204,5,
NeighbourhoodCleaningRule,XGBoost,68.56372586886089,0.20182333153004614,0.937467098236084,0.009974021658636707,0.8,0,0.05,3,1,100,0.0,5,0.8,"{'model__colsample_bytree': 0.8, 'model__gamma': 0, 'model__learning_rate': 0.05, 'model__max_depth': 3, 'model__min_child_weight': 1, 'model__n_estimators': 100, 'model__reg_alpha': 0, 'model__reg_lambda': 5, 'model__subsample': 0.8}",0.22036590212145918,0.2273080588726062,0.2311079215051572,0.22626062749974085,0.004447514622091974,31,0.7436665474328242,0.7471346152678335,0.7445842993744743,0.7451284873583773,0.0014671921138521382,29,0.023549201009251473,0.01362629875660024,0.02002035968781812,0.019065286484556614,0.004106914567458876,31,0.012083549110996029,0.006906077348066298,0.01018646408839779,0.009725363515820038,0.0021386933343371635,31,0.4605263157894737,0.5063291139240507,0.5784313725490197,0.5150956007541813,0.048532044883596116,7,
NeighbourhoodCleaningRule,XGBoost,68.81801501909892,0.2914939417989087,0.9489314556121826,0.011645560244736524,0.8,0,0.05,3,1,100,0.1,1,0.8,"{'model__colsample_bytree': 0.8, 'model__gamma': 0, 'model__learning_rate': 0.05, 'model__max_depth': 3, 'model__min_child_weight': 1, 'model__n_estimators': 100, 'model__reg_alpha': 0.1, 'model__reg_lambda': 1, 'model__subsample': 0.8}",0.22056340615060452,0.2284597194144094,0.23148282042486618,0.22683531532996004,0.004603434840451143,25,0.7438436709284129,0.7478557865305944,0.744089348998556,0.7452629354858544,0.001836163905845386,25,0.022899478026603807,0.014983824280606163,0.020702528423553367,0.01952861024358778,0.003336460847122484,29,0.011738304850681858,0.007596685082872928,0.010531767955801106,0.009955585963118631,0.0017392034272035927,29,0.4657534246575342,0.5432098765432098,0.6039603960396039,0.5376412324134493,0.05655999223676277,3,
NeighbourhoodCleaningRule,XGBoost,68.42506210009257,0.15691162985276375,0.9461205800374349,0.0023294774463620896,0.8,0,0.05,3,1,100,0.1,5,0.8,"{'model__colsample_bytree': 0.8, 'model__gamma': 0, 'model__learning_rate': 0.05, 'model__max_depth': 3, 'model__min_child_weight': 1, 'model__n_estimators': 100, 'model__reg_alpha': 0.1, 'model__reg_lambda': 5, 'model__subsample': 0.8}",0.22077248327376253,0.22755177905188767,0.23094304029130855,0.22642243420565292,0.0042282086315662,29,0.7437524423833075,0.7471043658428513,0.7441528213566568,0.7450032098609386,0.0014947058073571861,31,0.021948336991389497,0.016660999659979598,0.020023756999830306,0.0195443645503998,0.002185001427071757,27,0.0112204384602106,0.008459944751381215,0.01018646408839779,0.009955615766663201,0.0011387272397600785,27,0.5,0.5444444444444444,0.5841584158415841,0.5428676200953428,0.03437561655701309,1,
NeighbourhoodCleaningRule,XGBoost,69.96460127830505,0.6360157853445014,0.9627379576365153,0.005880770746800299,0.8,0,0.05,3,1,200,0.0,1,0.8,"{'model__colsample_bytree': 0.8, 'model__gamma': 0, 'model__learning_rate': 0.05, 'model__max_depth': 3, 'model__min_child_weight': 1, 'model__n_estimators': 200, 'model__reg_alpha': 0, 'model__reg_lambda': 1, 'model__subsample': 0.8}",0.22811980108947175,0.23600458589576018,0.24047992632806084,0.23486810443776426,0.0051095901046742925,9,0.7499186234259222,0.753568086740164,0.751974421181513,0.7518203771158664,0.0014938636263327001,9,0.06354300385109114,0.05903340901719105,0.06348178137651822,0.06201939808160014,0.002111561044571244,19,0.03417918177110305,0.03142265193370166,0.03383977900552486,0.03314720423677652,0.0012272894371611893,19,0.4510250569476082,0.48663101604278075,0.5117493472584856,0.48313514008295816,0.024913526713879485,21,
NeighbourhoodCleaningRule,XGBoost,69.83790485064189,0.1278163315213007,0.9616009394327799,0.01562595334974766,0.8,0,0.05,3,1,200,0.0,5,0.8,"{'model__colsample_bytree': 0.8, 'model__gamma': 0, 'model__learning_rate': 0.05, 'model__max_depth': 3, 'model__min_child_weight': 1, 'model__n_estimators': 200, 'model__reg_alpha': 0, 'model__reg_lambda': 5, 'model__subsample': 0.8}",0.2283234647139023,0.23558705459924767,0.23942694685882232,0.2344458220573241,0.004604247149585436,16,0.7498158640575078,0.7533740561729192,0.7517384945128305,0.751642804914419,0.0014542008474249324,11,0.061142397425583264,0.05966277561608301,0.06474587245063128,0.06185034849743252,0.00213469192116771,23,0.03279820472984637,0.031767955801104975,0.034530386740331494,0.03303218242376094,0.0011398290352610386,23,0.45023696682464454,0.48936170212765956,0.5181347150259067,0.4859111279927369,0.027826317268561277,15,
NeighbourhoodCleaningRule,XGBoost,69.51577631632487,0.5342324485898262,0.9588085015614828,0.014125319818824854,0.8,0,0.05,3,1,200,0.1,1,0.8,"{'model__colsample_bytree': 0.8, 'model__gamma': 0, 'model__learning_rate': 0.05, 'model__max_depth': 3, 'model__min_child_weight': 1, 'model__n_estimators': 200, 'model__reg_alpha': 0.1, 'model__reg_lambda': 1, 'model__subsample': 0.8}",0.2278330973067545,0.23640181374872238,0.23944121796858114,0.23455870967468603,0.004914935794472382,12,0.7498798305539496,0.753257991198416,0.7515380326872305,0.751558618146532,0.0013792051227201803,14,0.06106379559697895,0.060596241088788076,0.06472491909385113,0.062128318593206056,0.0018459690182476155,17,0.03279820472984637,0.03228591160220994,0.034530386740331494,0.033204834357462604,0.000960356844078605,17,0.4418604651162791,0.4921052631578947,0.5154639175257731,0.483143215266649,0.030709453250890036,19,
NeighbourhoodCleaningRule,XGBoost,69.52602918942769,0.24606539539673372,0.956549882888794,0.02129666122493642,0.8,0,0.05,3,1,200,0.1,5,0.8,"{'model__colsample_bytree': 0.8, 'model__gamma': 0, 'model__learning_rate': 0.05, 'model__max_depth': 3, 'model__min_child_weight': 1, 'model__n_estimators': 200, 'model__reg_alpha': 0.1, 'model__reg_lambda': 5, 'model__subsample': 0.8}",0.2282747854155883,0.23591266128613514,0.23926356740745924,0.23448367136972756,0.004598539010897028,15,0.7495033279746148,0.7533398189489529,0.7513176829084427,0.7513869432773368,0.0015670063811971308,15,0.060557255596714446,0.06096967731473974,0.06411917098445596,0.061882034631970055,0.0015908293881044607,21,0.032452960469532194,0.0324585635359116,0.03418508287292818,0.033032202292790656,0.000815212885338091,21,0.4519230769230769,0.5013333333333333,0.515625,0.48962713675213676,0.02729175736033097,9,
NeighbourhoodCleaningRule,XGBoost,68.32263358434041,0.4989773861587601,0.9258832931518555,0.009390737735456588,0.8,0,0.1,3,1,100,0.0,1,0.8,"{'model__colsample_bytree': 0.8, 'model__gamma': 0, 'model__learning_rate': 0.1, 'model__max_depth': 3, 'model__min_child_weight': 1, 'model__n_estimators': 100, 'model__reg_alpha': 0, 'model__reg_lambda': 1, 'model__subsample': 0.8}",0.22756687480579724,0.23512749482441508,0.2383898614832157,0.233694743704476,0.004533125631295283,18,0.7495814083453431,0.7525902894228547,0.7513232988078327,0.7511649988586768,0.0012334600358554443,18,0.06236939398810481,0.06150857882809971,0.06500646830530402,0.06296148037383618,0.001488115679824765,13,0.03348869325047471,0.03280386740331492,0.03470303867403315,0.03366519977594093,0.0007853147114499135,13,0.4532710280373832,0.49222797927461137,0.5127551020408163,0.48608470311760366,0.02466973377058648,13,
NeighbourhoodCleaningRule,XGBoost,68.13883527119954,0.21804372835587277,0.9447941780090332,0.027974032199609516,0.8,0,0.1,3,1,100,0.0,5,0.8,"{'model__colsample_bytree': 0.8, 'model__gamma': 0, 'model__learning_rate': 0.1, 'model__max_depth': 3, 'model__min_child_weight': 1, 'model__n_estimators': 100, 'model__reg_alpha': 0, 'model__reg_lambda': 5, 'model__subsample': 0.8}",0.2269717628492379,0.2342721183841869,0.2386263408573691,0.23329007403026467,0.004808368085723534,22,0.74880174044771,0.7529906817165266,0.7516449729703922,0.7511457983782096,0.0017461746177495734,20,0.0631916599839615,0.06181229773462783,0.06622516556291391,0.06374304109383443,0.0018432519205151326,10,0.03400655964094597,0.03297651933701658,0.03539364640883978,0.03412557512893411,0.0009903700773350491,11,0.4457013574660634,0.49226804123711343,0.5137844611528822,0.483917953285353,0.028415022183217717,17,
NeighbourhoodCleaningRule,XGBoost,68.50141954421997,0.1852294036043072,0.9544455210367838,0.032336458506536006,0.8,0,0.1,3,1,100,0.1,1,0.8,"{'model__colsample_bytree': 0.8, 'model__gamma': 0, 'model__learning_rate': 0.1, 'model__max_depth': 3, 'model__min_child_weight': 1, 'model__n_estimators': 100, 'model__reg_alpha': 0.1, 'model__reg_lambda': 1, 'model__subsample': 0.8}",0.22691451709489852,0.2352276649259188,0.23892620975645457,0.2336894639257573,0.00502292988116121,19,0.7496174689931816,0.7524471134355661,0.7513126690397496,0.751125750489499,0.0011627340842170892,21,0.06407176037161622,0.062298256939961265,0.06736502820306205,0.06457834850487985,0.0020992881985280342,9,0.03452442603141723,0.03332182320441989,0.03608425414364641,0.03464350112649451,0.0011308964975333287,9,0.4444444444444444,0.4777227722772277,0.5060532687651331,0.47607349516226843,0.02517871978206752,23,
NeighbourhoodCleaningRule,XGBoost,68.1309871673584,0.24182204365787752,0.9281667073567709,0.007118691020086189,0.8,0,0.1,3,1,100,0.1,5,0.8,"{'model__colsample_bytree': 0.8, 'model__gamma': 0, 'model__learning_rate': 0.1, 'model__max_depth': 3, 'model__min_child_weight': 1, 'model__n_estimators': 100, 'model__reg_alpha': 0.1, 'model__reg_lambda': 5, 'model__subsample': 0.8}",0.22731714303724793,0.23441813089848373,0.23779692153546333,0.23317739849039834,0.004367379231245329,24,0.7489797092578536,0.752995637999675,0.7507576700281269,0.7509110057618852,0.0016430773567267104,23,0.05987445678416224,0.06347150259067358,0.0634304207119741,0.06225879336226997,0.001686063980293797,15,0.03210771620921802,0.03383977900552486,0.03383977900552486,0.033262424740089246,0.0008165022324729999,15,0.44285714285714284,0.5104166666666666,0.5051546391752577,0.4861428162330224,0.030682887445964424,11,
NeighbourhoodCleaningRule,XGBoost,69.03128321965535,0.4313415791929305,0.970210075378418,0.020556059220447336,0.8,0,0.1,3,1,200,0.0,1,0.8,"{'model__colsample_bytree': 0.8, 'model__gamma': 0, 'model__learning_rate': 0.1, 'model__max_depth': 3, 'model__min_child_weight': 1, 'model__n_estimators': 200, 'model__reg_alpha': 0, 'model__reg_lambda': 1, 'model__subsample': 0.8}",0.23136822242801497,0.23978311781639883,0.24235401669906392,0.23783511898115925,0.004691690778246445,2,0.7526310258496667,0.75641550347356,0.7559282721781826,0.7549916005004698,0.0016809884186214888,3,0.08982867726501004,0.0903125,0.09188935771214252,0.0906768449923842,0.0008798338598489683,1,0.050233039875712066,0.049896408839779006,0.050759668508287295,0.050296372407926115,0.0003552581887826969,1,0.42419825072886297,0.4753289473684211,0.4843492586490939,0.46129215224879266,0.02648659599845098,28,
NeighbourhoodCleaningRule,XGBoost,68.99783142407735,0.5650879483083747,0.9569262663523356,0.0040590032860985175,0.8,0,0.1,3,1,200,0.0,5,0.8,"{'model__colsample_bytree': 0.8, 'model__gamma': 0, 'model__learning_rate': 0.1, 'model__max_depth': 3, 'model__min_child_weight': 1, 'model__n_estimators': 200, 'model__reg_alpha': 0, 'model__reg_lambda': 5, 'model__subsample': 0.8}",0.2305121036798089,0.23785928085665803,0.243874529667313,0.2374153047345933,0.005464213463717286,5,0.7523734862457638,0.756608866571989,0.7562811943514234,0.755087849056392,0.0019240004109188445,2,0.08857231340972438,0.08507956514888924,0.09133416458852868,0.08832868104904744,0.0025592344015299123,5,0.04936992922492663,0.04661602209944751,0.050587016574585635,0.048857655966319934,0.0016611275686526951,5,0.43007518796992483,0.4864864864864865,0.46955128205128205,0.4620376521692311,0.02363471494200138,26,
NeighbourhoodCleaningRule,XGBoost,69.09902930259705,0.3559967462123402,0.9527365366617838,0.006422428475363405,0.8,0,0.1,3,1,200,0.1,1,0.8,"{'model__colsample_bytree': 0.8, 'model__gamma': 0, 'model__learning_rate': 0.1, 'model__max_depth': 3, 'model__min_child_weight': 1, 'model__n_estimators': 200, 'model__reg_alpha': 0.1, 'model__reg_lambda': 1, 'model__subsample': 0.8}",0.23005531041512683,0.23967464798917343,0.24319670901624538,0.2376422224735152,0.005554106853244964,4,0.7528221114293123,0.7558848435159933,0.7562104910811509,0.7549724820088187,0.0015263424268664068,5,0.08979718222635083,0.09146246293116904,0.09007036747458952,0.09044333754403645,0.0007292095999493338,3,0.05006041774555498,0.050587016574585635,0.049723756906077346,0.05012373040873932,0.0003552564180118169,3,0.43543543543543545,0.4764227642276423,0.47761194029850745,0.4631567133205284,0.01960791456901672,25,
NeighbourhoodCleaningRule,XGBoost,69.33044735590617,0.2698715174030711,0.9633787473042806,0.017395243655397668,0.8,0,0.1,3,1,200,0.1,5,0.8,"{'model__colsample_bytree': 0.8, 'model__gamma': 0, 'model__learning_rate': 0.1, 'model__max_depth': 3, 'model__min_child_weight': 1, 'model__n_estimators': 200, 'model__reg_alpha': 0.1, 'model__reg_lambda': 5, 'model__subsample': 0.8}",0.23053432687620062,0.23882110852815516,0.2428029543860778,0.23738612993014452,0.0051103931960003604,7,0.7522037978543561,0.7564141253467697,0.7558239389496899,0.754813954050272,0.0018613196969055237,7,0.08776554504574352,0.08632867681682624,0.08679304402318659,0.08696242196191878,0.0005987009500659719,7,0.048852062834455375,0.0474792817679558,0.047824585635359115,0.04805197674592343,0.0005830448822104412,7,0.43140243902439024,0.4749568221070812,0.4686971235194585,0.4583521282169767,0.019226895524841026,31,
NeighbourhoodCleaningRule,XGBoost,68.28637385368347,0.24229461766434293,0.9297931989034017,0.01171142165413275,0.8,1,0.05,3,1,100,0.0,1,0.8,"{'model__colsample_bytree': 0.8, 'model__gamma': 1, 'model__learning_rate': 0.05, 'model__max_depth': 3, 'model__min_child_weight': 1, 'model__n_estimators': 100, 'model__reg_alpha': 0, 'model__reg_lambda': 1, 'model__subsample': 0.8}",0.2204859330018133,0.2277487942854248,0.23197654009658053,0.22673708912793955,0.004745255409061454,27,0.7437260348089542,0.7472999381321845,0.7444974119485608,0.7451744616298998,0.0015355766439571939,27,0.02457498737586265,0.014973625999659691,0.02169859298186133,0.020415735452461222,0.004023334243275048,25,0.012601415501467287,0.007596685082872928,0.011049723756906077,0.010415941447082097,0.002091744352270816,25,0.49324324324324326,0.5176470588235295,0.5981308411214953,0.536340381062756,0.04481392841087204,5,
NeighbourhoodCleaningRule,XGBoost,72.26895507176717,1.9837864208401366,1.0153907140096028,0.08125843747398956,0.8,1,0.05,3,1,100,0.0,5,0.8,"{'model__colsample_bytree': 0.8, 'model__gamma': 1, 'model__learning_rate': 0.05, 'model__max_depth': 3, 'model__min_child_weight': 1, 'model__n_estimators': 100, 'model__reg_alpha': 0, 'model__reg_lambda': 5, 'model__subsample': 0.8}",0.22036590212145918,0.2273080588726062,0.2311079215051572,0.22626062749974085,0.004447514622091974,31,0.7436665474328242,0.7471346152678335,0.7445842993744743,0.7451284873583773,0.0014671921138521382,29,0.023549201009251473,0.01362629875660024,0.02002035968781812,0.019065286484556614,0.004106914567458876,31,0.012083549110996029,0.006906077348066298,0.01018646408839779,0.009725363515820038,0.0021386933343371635,31,0.4605263157894737,0.5063291139240507,0.5784313725490197,0.5150956007541813,0.048532044883596116,7,
NeighbourhoodCleaningRule,XGBoost,83.87183594703674,2.6743658754355084,1.136500597000122,0.08886666266896899,0.8,1,0.05,3,1,100,0.1,1,0.8,"{'model__colsample_bytree': 0.8, 'model__gamma': 1, 'model__learning_rate': 0.05, 'model__max_depth': 3, 'model__min_child_weight': 1, 'model__n_estimators': 100, 'model__reg_alpha': 0.1, 'model__reg_lambda': 1, 'model__subsample': 0.8}",0.22056340615060452,0.2284597194144094,0.23148282042486618,0.22683531532996004,0.004603434840451143,25,0.7438436709284129,0.7478557865305944,0.744089348998556,0.7452629354858544,0.001836163905845386,25,0.022899478026603807,0.014983824280606163,0.020702528423553367,0.01952861024358778,0.003336460847122484,29,0.011738304850681858,0.007596685082872928,0.010531767955801106,0.009955585963118631,0.0017392034272035927,29,0.4657534246575342,0.5432098765432098,0.6039603960396039,0.5376412324134493,0.05655999223676277,3,
NeighbourhoodCleaningRule,XGBoost,84.14504647254944,4.611947081285615,1.0378813743591309,0.054281872976025124,0.8,1,0.05,3,1,100,0.1,5,0.8,"{'model__colsample_bytree': 0.8, 'model__gamma': 1, 'model__learning_rate': 0.05, 'model__max_depth': 3, 'model__min_child_weight': 1, 'model__n_estimators': 100, 'model__reg_alpha': 0.1, 'model__reg_lambda': 5, 'model__subsample': 0.8}",0.22077248327376253,0.22755177905188767,0.23094304029130855,0.22642243420565292,0.0042282086315662,29,0.7437524423833075,0.7471043658428513,0.7441528213566568,0.7450032098609386,0.0014947058073571861,31,0.021948336991389497,0.016660999659979598,0.020023756999830306,0.0195443645503998,0.002185001427071757,27,0.0112204384602106,0.008459944751381215,0.01018646408839779,0.009955615766663201,0.0011387272397600785,27,0.5,0.5444444444444444,0.5841584158415841,0.5428676200953428,0.03437561655701309,1,
NeighbourhoodCleaningRule,XGBoost,84.61827929814656,4.864204208455504,1.091487725575765,0.03517453117137543,0.8,1,0.05,3,1,200,0.0,1,0.8,"{'model__colsample_bytree': 0.8, 'model__gamma': 1, 'model__learning_rate': 0.05, 'model__max_depth': 3, 'model__min_child_weight': 1, 'model__n_estimators': 200, 'model__reg_alpha': 0, 'model__reg_lambda': 1, 'model__subsample': 0.8}",0.22811520536648078,0.23600754646639835,0.24047805689586743,0.23486693624291552,0.0051111491366651685,10,0.7499176014589448,0.7535673865522885,0.7519744918546817,0.7518198266219717,0.0014940267305853603,10,0.06354300385109114,0.05903340901719105,0.06348178137651822,0.06201939808160014,0.002111561044571244,19,0.03417918177110305,0.03142265193370166,0.03383977900552486,0.03314720423677652,0.0012272894371611893,19,0.4510250569476082,0.48663101604278075,0.5117493472584856,0.48313514008295816,0.024913526713879485,21,
NeighbourhoodCleaningRule,XGBoost,72.63163193066914,2.1293231097499916,1.02048659324646,0.08333803330600775,0.8,1,0.05,3,1,200,0.0,5,0.8,"{'model__colsample_bytree': 0.8, 'model__gamma': 1, 'model__learning_rate': 0.05, 'model__max_depth': 3, 'model__min_child_weight': 1, 'model__n_estimators': 200, 'model__reg_alpha': 0, 'model__reg_lambda': 5, 'model__subsample': 0.8}",0.2283234647139023,0.23596862044674177,0.23943006249468557,0.23457404921844324,0.004640240672574614,11,0.7498158640575078,0.7533391410100378,0.7517403006049206,0.7516317685574888,0.001440417653563765,12,0.061142397425583264,0.059633770863717385,0.06474587245063128,0.061840680246643985,0.0021446203754780266,24,0.03279820472984637,0.031767955801104975,0.034530386740331494,0.03303218242376094,0.0011398290352610386,23,0.45023696682464454,0.48548812664907653,0.5181347150259067,0.4846199361665426,0.027725936939214775,16,
NeighbourhoodCleaningRule,XGBoost,71.25528462727864,0.16230786844929387,0.9728038311004639,0.010620450511896116,0.8,1,0.05,3,1,200,0.1,1,0.8,"{'model__colsample_bytree': 0.8, 'model__gamma': 1, 'model__learning_rate': 0.05, 'model__max_depth': 3, 'model__min_child_weight': 1, 'model__n_estimators': 200, 'model__reg_alpha': 0.1, 'model__reg_lambda': 1, 'model__subsample': 0.8}",0.2278330973067545,0.23640181374872238,0.23943990826159514,0.23455827310569066,0.004914502125494472,13,0.7498798305539496,0.753257991198416,0.7515389017054535,0.7515589078192729,0.001379200860014719,13,0.06106379559697895,0.060596241088788076,0.06472491909385113,0.062128318593206056,0.0018459690182476155,17,0.03279820472984637,0.03228591160220994,0.034530386740331494,0.033204834357462604,0.000960356844078605,17,0.4418604651162791,0.4921052631578947,0.5154639175257731,0.483143215266649,0.030709453250890036,19,
NeighbourhoodCleaningRule,XGBoost,71.71746293703715,0.4063941913132492,0.9779775142669678,0.0013012057511328,0.8,1,0.05,3,1,200,0.1,5,0.8,"{'model__colsample_bytree': 0.8, 'model__gamma': 1, 'model__learning_rate': 0.05, 'model__max_depth': 3, 'model__min_child_weight': 1, 'model__n_estimators': 200, 'model__reg_alpha': 0.1, 'model__reg_lambda': 5, 'model__subsample': 0.8}",0.2282747854155883,0.23591613796448693,0.23926404348531077,0.23448498895512868,0.004599064313965071,14,0.7495033279746148,0.7533378322476538,0.7513170311447755,0.7513860637890147,0.0015661906832538136,16,0.060557255596714446,0.06096967731473974,0.06411917098445596,0.061882034631970055,0.0015908293881044607,21,0.032452960469532194,0.0324585635359116,0.03418508287292818,0.033032202292790656,0.000815212885338091,21,0.4519230769230769,0.5013333333333333,0.515625,0.48962713675213676,0.02729175736033097,9,
NeighbourhoodCleaningRule,XGBoost,70.14418896039327,0.552296359556161,0.9543024698893229,0.022951096696143612,0.8,1,0.1,3,1,100,0.0,1,0.8,"{'model__colsample_bytree': 0.8, 'model__gamma': 1, 'model__learning_rate': 0.1, 'model__max_depth': 3, 'model__min_child_weight': 1, 'model__n_estimators': 100, 'model__reg_alpha': 0, 'model__reg_lambda': 1, 'model__subsample': 0.8}",0.2275382801947911,0.23512749482441508,0.23839158030880642,0.23368578510933755,0.004546605035124773,20,0.7495818728757874,0.7525902894228547,0.7513255551141826,0.7511659058042749,0.001233358141223273,17,0.06236939398810481,0.06150857882809971,0.06500646830530402,0.06296148037383618,0.001488115679824765,13,0.03348869325047471,0.03280386740331492,0.03470303867403315,0.03366519977594093,0.0007853147114499135,13,0.4532710280373832,0.49222797927461137,0.5127551020408163,0.48608470311760366,0.02466973377058648,13,
NeighbourhoodCleaningRule,XGBoost,70.18369213740031,0.3297458065028566,0.9335720539093018,0.016382260951152597,0.8,1,0.1,3,1,100,0.0,5,0.8,"{'model__colsample_bytree': 0.8, 'model__gamma': 1, 'model__learning_rate': 0.1, 'model__max_depth': 3, 'model__min_child_weight': 1, 'model__n_estimators': 100, 'model__reg_alpha': 0, 'model__reg_lambda': 5, 'model__subsample': 0.8}",0.2269717628492379,0.2342721183841869,0.23862771947163916,0.23329053356835464,0.004808878092225482,21,0.74880174044771,0.7529906817165266,0.7516464728120843,0.7511462983254402,0.0017463176737000973,19,0.0631916599839615,0.06181229773462783,0.06622516556291391,0.06374304109383443,0.0018432519205151326,10,0.03400655964094597,0.03297651933701658,0.03539364640883978,0.03412557512893411,0.0009903700773350491,11,0.4457013574660634,0.49226804123711343,0.5137844611528822,0.483917953285353,0.028415022183217717,17,
NeighbourhoodCleaningRule,XGBoost,70.06968148549397,0.4139810729095258,0.9384254614512125,0.009007678598625609,0.8,1,0.1,3,1,100,0.1,1,0.8,"{'model__colsample_bytree': 0.8, 'model__gamma': 1, 'model__learning_rate': 0.1, 'model__max_depth': 3, 'model__min_child_weight': 1, 'model__n_estimators': 100, 'model__reg_alpha': 0.1, 'model__reg_lambda': 1, 'model__subsample': 0.8}",0.2270543219638012,0.2352254154707333,0.23892829814207375,0.2337360118588694,0.004960616219101604,17,0.7495275568357578,0.7524397608084927,0.7513148782306538,0.7510940652916348,0.001199111270964729,22,0.061306371368961644,0.062298256939961265,0.06736502820306205,0.06365655217066164,0.0026533695695166474,12,0.03297082686000345,0.03332182320441989,0.03608425414364641,0.03412563473602325,0.00139234624438679,10,0.4360730593607306,0.4777227722772277,0.5060532687651331,0.4732830334676971,0.0287412698350142,24,
NeighbourhoodCleaningRule,XGBoost,69.73589166005452,0.2464094191907649,0.9450130462646484,0.004113352565753147,0.8,1,0.1,3,1,100,0.1,5,0.8,"{'model__colsample_bytree': 0.8, 'model__gamma': 1, 'model__learning_rate': 0.1, 'model__max_depth': 3, 'model__min_child_weight': 1, 'model__n_estimators': 100, 'model__reg_alpha': 0.1, 'model__reg_lambda': 5, 'model__subsample': 0.8}",0.22731714303724793,0.23441836376431374,0.2377979508465689,0.23317781921604352,0.004367764200454899,23,0.7489797092578536,0.7529956013543283,0.7507561230709889,0.7509104778943904,0.001643110138581181,24,0.05987445678416224,0.06347150259067358,0.0634304207119741,0.06225879336226997,0.001686063980293797,15,0.03210771620921802,0.03383977900552486,0.03383977900552486,0.033262424740089246,0.0008165022324729999,15,0.44285714285714284,0.5104166666666666,0.5051546391752577,0.4861428162330224,0.030682887445964424,11,
NeighbourhoodCleaningRule,XGBoost,82.2111205259959,5.6668320265159835,1.0613908767700195,0.08318542160670712,0.8,1,0.1,3,1,200,0.0,1,0.8,"{'model__colsample_bytree': 0.8, 'model__gamma': 1, 'model__learning_rate': 0.1, 'model__max_depth': 3, 'model__min_child_weight': 1, 'model__n_estimators': 200, 'model__reg_alpha': 0, 'model__reg_lambda': 1, 'model__subsample': 0.8}",0.2313435278996911,0.23978537410472722,0.242359588744721,0.23782949691637978,0.004705138383885832,3,0.7526214539054423,0.7564155885431151,0.7559324000147419,0.754989814154433,0.0016862612471060796,4,0.08982867726501004,0.0903125,0.09188935771214252,0.0906768449923842,0.0008798338598489683,1,0.050233039875712066,0.049896408839779006,0.050759668508287295,0.050296372407926115,0.0003552581887826969,1,0.42419825072886297,0.4753289473684211,0.4843492586490939,0.46129215224879266,0.02648659599845098,28,
NeighbourhoodCleaningRule,XGBoost,73.30421002705891,1.7199997858579268,0.9919367631276449,0.01098113570650937,0.8,1,0.1,3,1,200,0.0,5,0.8,"{'model__colsample_bytree': 0.8, 'model__gamma': 1, 'model__learning_rate': 0.1, 'model__max_depth': 3, 'model__min_child_weight': 1, 'model__n_estimators': 200, 'model__reg_alpha': 0, 'model__reg_lambda': 5, 'model__subsample': 0.8}",0.23050661375825904,0.23786182564303823,0.24387602190241972,0.23741482043457232,0.005467182624447088,6,0.7523803612963389,0.7566122968381976,0.7562814953667717,0.7550913845004361,0.0019217340282913593,1,0.08857231340972438,0.08507956514888924,0.09133416458852868,0.08832868104904744,0.0025592344015299123,5,0.04936992922492663,0.04661602209944751,0.050587016574585635,0.048857655966319934,0.0016611275686526951,5,0.43007518796992483,0.4864864864864865,0.46955128205128205,0.4620376521692311,0.02363471494200138,26,
NeighbourhoodCleaningRule,XGBoost,75.24330186843872,2.939393569786836,1.0373881657918294,0.05645736029477815,0.8,1,0.1,3,1,200,0.1,1,0.8,"{'model__colsample_bytree': 0.8, 'model__gamma': 1, 'model__learning_rate': 0.1, 'model__max_depth': 3, 'model__min_child_weight': 1, 'model__n_estimators': 200, 'model__reg_alpha': 0.1, 'model__reg_lambda': 1, 'model__subsample': 0.8}",0.23066839521370605,0.23966986157405318,0.24320082936791632,0.23784636205189183,0.005276320645923378,1,0.7523235655797127,0.7558692051142666,0.7562156017982604,0.7548027908307465,0.0017587715503903005,8,0.08672758246863868,0.09146246293116904,0.09007036747458952,0.08942013762479907,0.0019869360653666066,4,0.048334196443984116,0.050587016574585635,0.049723756906077346,0.0495483233082157,0.000928038198084135,4,0.42168674698795183,0.4764227642276423,0.47761194029850745,0.4585738171713672,0.026087615132715593,30,
NeighbourhoodCleaningRule,XGBoost,81.06985529263814,0.5043813879941206,1.1983518600463867,0.09657029209677248,0.8,1,0.1,3,1,200,0.1,5,0.8,"{'model__colsample_bytree': 0.8, 'model__gamma': 1, 'model__learning_rate': 0.1, 'model__max_depth': 3, 'model__min_child_weight': 1, 'model__n_estimators': 200, 'model__reg_alpha': 0.1, 'model__reg_lambda': 5, 'model__subsample': 0.8}",0.23053752736082225,0.2388148149478897,0.24280272363366912,0.23738502198079367,0.005108293312476099,8,0.7522042872469932,0.756453136935913,0.7558213227336843,0.7548262489721967,0.0018718635567902412,6,0.08776554504574352,0.08632867681682624,0.08679304402318659,0.08696242196191878,0.0005987009500659719,7,0.048852062834455375,0.0474792817679558,0.047824585635359115,0.04805197674592343,0.0005830448822104412,7,0.43140243902439024,0.4749568221070812,0.4686971235194585,0.4583521282169767,0.019226895524841026,31,
SMOTETomek,XGBoost,200.89514541625977,3.3195737186325434,0.9391923745473226,0.05887164039832228,0.8,0,0.05,3,1,100,0.0,1,0.8,"{'model__colsample_bytree': 0.8, 'model__gamma': 0, 'model__learning_rate': 0.05, 'model__max_depth': 3, 'model__min_child_weight': 1, 'model__n_estimators': 100, 'model__reg_alpha': 0, 'model__reg_lambda': 1, 'model__subsample': 0.8}",0.18361899757157338,0.18177267982798573,0.18207071855453974,0.18248746531803295,0.0008093127542276003,25,0.7156374360034072,0.7178751276828582,0.7171524408732566,0.716888334853174,0.0009324269427874514,25,0.025658113962012664,0.017884258478150835,0.0161588958087864,0.019900422749649965,0.004131785341140726,13,0.013291904022095633,0.009150552486187844,0.008287292817679558,0.010243249775321012,0.0021843418308651478,13,0.3684210526315789,0.3925925925925926,0.3221476510067114,0.3610537654102943,0.029227043863634606,25,
SMOTETomek,XGBoost,195.99845910072327,1.2292891898164175,0.900725523630778,0.003258845111032768,0.8,0,0.05,3,1,100,0.0,5,0.8,"{'model__colsample_bytree': 0.8, 'model__gamma': 0, 'model__learning_rate': 0.05, 'model__max_depth': 3, 'model__min_child_weight': 1, 'model__n_estimators': 100, 'model__reg_alpha': 0, 'model__reg_lambda': 5, 'model__subsample': 0.8}",0.18471562062873298,0.18088846551036689,0.18136760719650563,0.18232389777853517,0.0017024781609891967,29,0.7164021277012249,0.7167386520878215,0.7171800295843119,0.7167736031244528,0.0003185372988613031,31,0.025969702014316632,0.0198252688172043,0.019450033534540577,0.02174833478868717,0.002988885669671655,9,0.013464526152252718,0.01018646408839779,0.010013812154696133,0.011221600798448882,0.0015875532074243021,8,0.3644859813084112,0.36875,0.3372093023255814,0.3568150945446642,0.013972252985922754,29,
SMOTETomek,XGBoost,195.92270469665527,0.8069201604772164,0.9516595204671224,0.0510182507047606,0.8,0,0.05,3,1,100,0.1,1,0.8,"{'model__colsample_bytree': 0.8, 'model__gamma': 0, 'model__learning_rate': 0.05, 'model__max_depth': 3, 'model__min_child_weight': 1, 'model__n_estimators': 100, 'model__reg_alpha': 0.1, 'model__reg_lambda': 1, 'model__subsample': 0.8}",0.18362097731354668,0.18175771783672742,0.18206947854988806,0.18248272456672074,0.0008148673398413748,27,0.7156388335203494,0.7178606632409898,0.7171534224450447,0.716884306402128,0.0009268043340053498,27,0.025658113962012664,0.017884258478150835,0.0161588958087864,0.019900422749649965,0.004131785341140726,13,0.013291904022095633,0.009150552486187844,0.008287292817679558,0.010243249775321012,0.0021843418308651478,13,0.3684210526315789,0.3925925925925926,0.3221476510067114,0.3610537654102943,0.029227043863634606,25,
SMOTETomek,XGBoost,196.67948762575784,0.6923605963137031,0.9372162818908691,0.04907130525097665,0.8,0,0.05,3,1,100,0.1,5,0.8,"{'model__colsample_bytree': 0.8, 'model__gamma': 0, 'model__learning_rate': 0.05, 'model__max_depth': 3, 'model__min_child_weight': 1, 'model__n_estimators': 100, 'model__reg_alpha': 0.1, 'model__reg_lambda': 5, 'model__subsample': 0.8}",0.18471754241757693,0.18088941397563432,0.18136358915372763,0.18232351518231296,0.0017038652777863993,31,0.7164035657827974,0.7167396925539169,0.7171864346674194,0.7167765643347113,0.0003206665649253382,29,0.025969702014316632,0.0198252688172043,0.01912110030191211,0.02163869037781101,0.0030759507658763012,11,0.013464526152252718,0.01018646408839779,0.009841160220994474,0.011164050153881661,0.001632779032717309,11,0.3644859813084112,0.36875,0.3352941176470588,0.35617669965182336,0.014868470830134518,31,
SMOTETomek,XGBoost,200.83336464564005,1.2961388008514096,0.9695935249328613,0.05106527468810063,0.8,0,0.05,3,1,200,0.0,1,0.8,"{'model__colsample_bytree': 0.8, 'model__gamma': 0, 'model__learning_rate': 0.05, 'model__max_depth': 3, 'model__min_child_weight': 1, 'model__n_estimators': 200, 'model__reg_alpha': 0, 'model__reg_lambda': 1, 'model__subsample': 0.8}",0.20568989661503995,0.20550604936305084,0.20563985413445607,0.20561193337084896,7.760854676425936e-05,9,0.7292567633277318,0.7325678622088894,0.7322906205292677,0.7313717486886296,0.0014997973296057778,9,0.005151983513652756,0.006178136262227562,0.0034411562284927736,0.004923758668124364,0.001128961133477164,19,0.002589331952356292,0.003107734806629834,0.0017265193370165745,0.002474528698667567,0.0005696922465494756,19,0.5,0.5142857142857142,0.5,0.5047619047619047,0.006734350297014714,10,
SMOTETomek,XGBoost,201.04995481173196,0.8036282837705003,0.9751524925231934,0.06451164147367504,0.8,0,0.05,3,1,200,0.0,5,0.8,"{'model__colsample_bytree': 0.8, 'model__gamma': 0, 'model__learning_rate': 0.05, 'model__max_depth': 3, 'model__min_child_weight': 1, 'model__n_estimators': 200, 'model__reg_alpha': 0, 'model__reg_lambda': 5, 'model__subsample': 0.8}",0.20419981544921895,0.20591984740123043,0.2039953423295109,0.2047050017266534,0.0008630719645350684,16,0.7283105514518107,0.7320802500636583,0.7309040705441772,0.7304316240198819,0.0015748145276572238,15,0.003785271851342051,0.0030943785456420837,0.003783319002579536,0.00355432313318789,0.0003252309139817266,32,0.0018988434317279475,0.001553867403314917,0.001899171270718232,0.0017839607019203656,0.0001627005867986815,32,0.5789473684210527,0.36,0.4782608695652174,0.47240274599542337,0.08948082008060079,18,
SMOTETomek,XGBoost,200.90152271588644,0.4590981695789901,0.9407313664754232,0.01526568710021904,0.8,0,0.05,3,1,200,0.1,1,0.8,"{'model__colsample_bytree': 0.8, 'model__gamma': 0, 'model__learning_rate': 0.05, 'model__max_depth': 3, 'model__min_child_weight': 1, 'model__n_estimators': 200, 'model__reg_alpha': 0.1, 'model__reg_lambda': 1, 'model__subsample': 0.8}",0.20611302901873924,0.2046159459078104,0.20546329522819878,0.20539742338491615,0.0006129539325050875,12,0.7293042592757177,0.7322911846058553,0.7318936571930419,0.7311630336915383,0.001324333482087337,11,0.0034399724802201583,0.005148446885189634,0.003783969728242174,0.004124129697883988,0.0007377907570664335,27,0.0017262213015708614,0.0025897790055248618,0.001899171270718232,0.0020717238592713183,0.00037306279531901357,27,0.47619047619047616,0.42857142857142855,0.5,0.4682539682539682,0.02969569354582494,20,
SMOTETomek,XGBoost,200.69303727149963,1.2355584490823164,1.0170203844706218,0.07901253325945302,0.8,0,0.05,3,1,200,0.1,5,0.8,"{'model__colsample_bytree': 0.8, 'model__gamma': 0, 'model__learning_rate': 0.05, 'model__max_depth': 3, 'model__min_child_weight': 1, 'model__n_estimators': 200, 'model__reg_alpha': 0.1, 'model__reg_lambda': 5, 'model__subsample': 0.8}",0.20458090863049644,0.2057497657493073,0.20390603281171543,0.2047455690638397,0.0007616528430642994,14,0.7282745614649411,0.7319271981554198,0.7306965008300694,0.7302994201501435,0.0015173866784564812,16,0.00584292833820244,0.0037781212433453545,0.004130098089829634,0.0045837158904591425,0.0009019179255080084,24,0.0029345762126704645,0.001899171270718232,0.0020718232044198894,0.002301856895936195,0.0004529182949710619,25,0.6538461538461539,0.3548387096774194,0.631578947368421,0.5467546036306647,0.13600916607588254,2,
SMOTETomek,XGBoost,196.8876665433248,1.3144052169724176,0.9653615156809489,0.06907711488396967,0.8,0,0.1,3,1,100,0.0,1,0.8,"{'model__colsample_bytree': 0.8, 'model__gamma': 0, 'model__learning_rate': 0.1, 'model__max_depth': 3, 'model__min_child_weight': 1, 'model__n_estimators': 100, 'model__reg_alpha': 0, 'model__reg_lambda': 1, 'model__subsample': 0.8}",0.2014137953412808,0.20424962175289985,0.20161860931889922,0.20242734213769328,0.001291256349027309,23,0.7269806583655207,0.7304191832422295,0.7310225632729027,0.7294741349602177,0.001780278257572835,24,0.0037820182224514356,0.006518010291595197,0.001033947957952783,0.0037779921573331387,0.002238860882490487,30,0.0018988434317279475,0.0032803867403314916,0.0005179558011049724,0.001899061991054804,0.0011277577190529037,30,0.4583333333333333,0.5,0.2727272727272727,0.4103535353535353,0.09879193253544724,23,
SMOTETomek,XGBoost,196.46477643648782,0.5800697877002311,0.966266393661499,0.06706775715378324,0.8,0,0.1,3,1,100,0.0,5,0.8,"{'model__colsample_bytree': 0.8, 'model__gamma': 0, 'model__learning_rate': 0.1, 'model__max_depth': 3, 'model__min_child_weight': 1, 'model__n_estimators': 100, 'model__reg_alpha': 0, 'model__reg_lambda': 5, 'model__subsample': 0.8}",0.2020540090757585,0.20505394275153327,0.20277962280269088,0.2032958582099942,0.0012779605527498685,20,0.7275410875215136,0.731538202564588,0.7296353497452834,0.7295715466104618,0.0016324389313545104,21,0.0034411562284927736,0.007535536907004624,0.0030965078272836744,0.004691066987593691,0.002016259320613171,23,0.0017262213015708614,0.003798342541436464,0.001553867403314917,0.0023594770821074138,0.0010198616978455634,21,0.5263157894736842,0.46808510638297873,0.42857142857142855,0.47432410814269715,0.040147095198083155,16,
SMOTETomek,XGBoost,196.0016450881958,1.040728613071613,0.9679058392842611,0.0374008623620226,0.8,0,0.1,3,1,100,0.1,1,0.8,"{'model__colsample_bytree': 0.8, 'model__gamma': 0, 'model__learning_rate': 0.1, 'model__max_depth': 3, 'model__min_child_weight': 1, 'model__n_estimators': 100, 'model__reg_alpha': 0.1, 'model__reg_lambda': 1, 'model__subsample': 0.8}",0.20201043035792787,0.20423573460658437,0.20170985777665373,0.20265200758038868,0.0011265668908326395,22,0.7272537119777251,0.7304170394894445,0.7310653244662763,0.7295786919778152,0.0016651761375123502,20,0.004811823337343186,0.006518010291595197,0.002066115702479339,0.004465316443805907,0.0018339195963112097,26,0.002416709822199206,0.0032803867403314916,0.0010359116022099447,0.0022443360549135477,0.0009243742741796103,26,0.5384615384615384,0.5,0.375,0.4711538461538461,0.069780580311145,19,
SMOTETomek,XGBoost,197.7485953172048,1.9984149903486506,0.9545331001281738,0.06256697386755523,0.8,0,0.1,3,1,100,0.1,5,0.8,"{'model__colsample_bytree': 0.8, 'model__gamma': 0, 'model__learning_rate': 0.1, 'model__max_depth': 3, 'model__min_child_weight': 1, 'model__n_estimators': 100, 'model__reg_alpha': 0.1, 'model__reg_lambda': 5, 'model__subsample': 0.8}",0.2040802593711218,0.2057318174523996,0.20401789175935003,0.2046099895276238,0.000793660653493077,17,0.7284410373993331,0.7318307960269743,0.7299643006266983,0.7300787113510019,0.0013862258711561189,17,0.004810996563573883,0.007534246575342466,0.0034411562284927736,0.0052621331224697076,0.0017011741617576584,17,0.002416709822199206,0.003798342541436464,0.0017265193370165745,0.0026471905668840816,0.0008613763706402469,17,0.5185185185185185,0.4583333333333333,0.5,0.49228395061728397,0.02516899140478409,15,
SMOTETomek,XGBoost,201.83752346038818,0.7861501448262485,0.9370337327321371,0.009545504829466546,0.8,0,0.1,3,1,200,0.0,1,0.8,"{'model__colsample_bytree': 0.8, 'model__gamma': 0, 'model__learning_rate': 0.1, 'model__max_depth': 3, 'model__min_child_weight': 1, 'model__n_estimators': 200, 'model__reg_alpha': 0, 'model__reg_lambda': 1, 'model__subsample': 0.8}",0.2227765383234086,0.22784160905910403,0.22917017180426896,0.22659610639559383,0.0027547649549465895,7,0.7414416899926377,0.7463462639231377,0.7472920201197613,0.7450266580118455,0.002564190641628178,2,0.022596964586846544,0.028648466464442197,0.019308943089430895,0.023518124713573212,0.003868081023143039,2,0.01156568272052477,0.014675414364640885,0.009841160220994474,0.012027419102053377,0.0020004005675299083,2,0.48905109489051096,0.5985915492957746,0.5089285714285714,0.5321904052049523,0.04764880180940471,5,
SMOTETomek,XGBoost,202.07612943649292,1.284556410928331,0.9353868961334229,0.005080985146000042,0.8,0,0.1,3,1,200,0.0,5,0.8,"{'model__colsample_bytree': 0.8, 'model__gamma': 0, 'model__learning_rate': 0.1, 'model__max_depth': 3, 'model__min_child_weight': 1, 'model__n_estimators': 200, 'model__reg_alpha': 0, 'model__reg_lambda': 5, 'model__subsample': 0.8}",0.22444948382124394,0.22853311534651682,0.23037412583377676,0.22778557500051252,0.0024758107319752067,1,0.7414714906020388,0.7465048204859633,0.7467104938033765,0.7448956016304596,0.0024226676246909464,6,0.02562373567093729,0.025947767481044652,0.019677692960135707,0.02374973203737255,0.0028824036079168687,1,0.013119281891938547,0.013294198895027625,0.010013812154696133,0.0121424309805541,0.0015068538015437184,1,0.5467625899280576,0.5384615384615384,0.5631067961165048,0.5494436415020336,0.010238431174636714,1,
SMOTETomek,XGBoost,201.0203301111857,1.2441149337418942,0.9662490685780843,0.047789058467414505,0.8,0,0.1,3,1,200,0.1,1,0.8,"{'model__colsample_bytree': 0.8, 'model__gamma': 0, 'model__learning_rate': 0.1, 'model__max_depth': 3, 'model__min_child_weight': 1, 'model__n_estimators': 200, 'model__reg_alpha': 0.1, 'model__reg_lambda': 1, 'model__subsample': 0.8}",0.2238497313075816,0.2278614840066598,0.22976378819501245,0.22715833450308462,0.002465066819273612,4,0.7419008240325178,0.7461801427137325,0.7469419104768837,0.7450076257410446,0.0022187436645277844,3,0.02255512539976435,0.02566267094377849,0.020332090816672314,0.022849962386738382,0.00218616372664397,4,0.01156568272052477,0.013121546961325966,0.010359116022099447,0.011682115234650061,0.0011307589107197372,3,0.4527027027027027,0.5801526717557252,0.5454545454545454,0.5261033066376578,0.053800411929744316,7,
SMOTETomek,XGBoost,201.4614613056183,0.7415502596601095,0.9677720069885254,0.04659358670743129,0.8,0,0.1,3,1,200,0.1,5,0.8,"{'model__colsample_bytree': 0.8, 'model__gamma': 0, 'model__learning_rate': 0.1, 'model__max_depth': 3, 'model__min_child_weight': 1, 'model__n_estimators': 200, 'model__reg_alpha': 0.1, 'model__reg_lambda': 5, 'model__subsample': 0.8}",0.22407394952664517,0.22769860506132106,0.2298011720866302,0.2271912422248655,0.002365492527820591,3,0.7412806654211493,0.7466125041461592,0.7465917838200953,0.7448283177958013,0.002508583313546801,7,0.024279210925644917,0.022969093058604964,0.02132701421800948,0.02285843940075312,0.0012077664023975203,3,0.012428793371310202,0.011740331491712707,0.01087707182320442,0.011682065562075775,0.0006348260284683215,4,0.5217391304347826,0.5271317829457365,0.5431034482758621,0.5306581205521271,0.009071376664702013,6,
SMOTETomek,XGBoost,196.06680130958557,1.2531087089085375,0.9599567254384359,0.06342515524006928,0.8,1,0.05,3,1,100,0.0,1,0.8,"{'model__colsample_bytree': 0.8, 'model__gamma': 1, 'model__learning_rate': 0.05, 'model__max_depth': 3, 'model__min_child_weight': 1, 'model__n_estimators': 100, 'model__reg_alpha': 0, 'model__reg_lambda': 1, 'model__subsample': 0.8}",0.18361899757157338,0.18177105031240087,0.18207071855453974,0.18248692214617132,0.0008097927061645963,26,0.7156374360034072,0.7178736239148789,0.7171524408732566,0.7168878335971809,0.0009318965793001925,26,0.025658113962012664,0.017884258478150835,0.0161588958087864,0.019900422749649965,0.004131785341140726,13,0.013291904022095633,0.009150552486187844,0.008287292817679558,0.010243249775321012,0.0021843418308651478,13,0.3684210526315789,0.3925925925925926,0.3221476510067114,0.3610537654102943,0.029227043863634606,25,
SMOTETomek,XGBoost,196.019481976827,0.781771478324933,0.9079432487487793,0.018681405502720624,0.8,1,0.05,3,1,100,0.0,5,0.8,"{'model__colsample_bytree': 0.8, 'model__gamma': 1, 'model__learning_rate': 0.05, 'model__max_depth': 3, 'model__min_child_weight': 1, 'model__n_estimators': 100, 'model__reg_alpha': 0, 'model__reg_lambda': 5, 'model__subsample': 0.8}",0.18471610525318632,0.18088818463312495,0.18136735059022968,0.182323880158847,0.001702832088042774,30,0.7164012091086281,0.71673836023381,0.717179903943123,0.7167731577618538,0.00031885165023431646,32,0.025969702014316632,0.0198252688172043,0.019450033534540577,0.02174833478868717,0.002988885669671655,9,0.013464526152252718,0.01018646408839779,0.010013812154696133,0.011221600798448882,0.0015875532074243021,8,0.3644859813084112,0.36875,0.3372093023255814,0.3568150945446642,0.013972252985922754,29,
SMOTETomek,XGBoost,197.6897562344869,0.4105262435843437,0.9771032333374023,0.039350355190535743,0.8,1,0.05,3,1,100,0.1,1,0.8,"{'model__colsample_bytree': 0.8, 'model__gamma': 1, 'model__learning_rate': 0.05, 'model__max_depth': 3, 'model__min_child_weight': 1, 'model__n_estimators': 100, 'model__reg_alpha': 0.1, 'model__reg_lambda': 1, 'model__subsample': 0.8}",0.18362097731354668,0.18175771783672742,0.18206947854988806,0.18248272456672074,0.0008148673398413748,27,0.7156388335203494,0.7178606632409898,0.7171534224450447,0.716884306402128,0.0009268043340053498,27,0.025658113962012664,0.017884258478150835,0.0161588958087864,0.019900422749649965,0.004131785341140726,13,0.013291904022095633,0.009150552486187844,0.008287292817679558,0.010243249775321012,0.0021843418308651478,13,0.3684210526315789,0.3925925925925926,0.3221476510067114,0.3610537654102943,0.029227043863634606,25,
SMOTETomek,XGBoost,196.82279833157858,0.9700792211891175,0.9664864540100098,0.07712584753731315,0.8,1,0.05,3,1,100,0.1,5,0.8,"{'model__colsample_bytree': 0.8, 'model__gamma': 1, 'model__learning_rate': 0.05, 'model__max_depth': 3, 'model__min_child_weight': 1, 'model__n_estimators': 100, 'model__reg_alpha': 0.1, 'model__reg_lambda': 5, 'model__subsample': 0.8}",0.18471739954868244,0.18088941397563432,0.18136350115692476,0.18232343822708053,0.0017038148903486207,32,0.7164026903719038,0.7167396925539169,0.7171864255060827,0.7167762694773012,0.00032100217406301674,30,0.025969702014316632,0.0198252688172043,0.01912110030191211,0.02163869037781101,0.0030759507658763012,11,0.013464526152252718,0.01018646408839779,0.009841160220994474,0.011164050153881661,0.001632779032717309,11,0.3644859813084112,0.36875,0.3352941176470588,0.35617669965182336,0.014868470830134518,31,
SMOTETomek,XGBoost,201.46807058652243,0.6218181763627489,0.9402701059977213,0.015304532233010652,0.8,1,0.05,3,1,200,0.0,1,0.8,"{'model__colsample_bytree': 0.8, 'model__gamma': 1, 'model__learning_rate': 0.05, 'model__max_depth': 3, 'model__min_child_weight': 1, 'model__n_estimators': 200, 'model__reg_alpha': 0, 'model__reg_lambda': 1, 'model__subsample': 0.8}",0.205339663528155,0.20550541371492065,0.20564812295900708,0.20549773340069422,0.00012604508595567598,10,0.7290867805156199,0.7325661843755131,0.7322911963847167,0.7313147204252832,0.0015793863322133637,10,0.0041258380608561115,0.006178136262227562,0.0034411562284927736,0.0045817101838588154,0.00116293578804219,25,0.0020714655618850335,0.003107734806629834,0.0017265193370165745,0.0023019065685104807,0.0005869505013347413,24,0.5,0.5142857142857142,0.5,0.5047619047619047,0.006734350297014714,10,
SMOTETomek,XGBoost,201.75419918696085,1.152023008477159,0.9472765127817789,0.010057125608299211,0.8,1,0.05,3,1,200,0.0,5,0.8,"{'model__colsample_bytree': 0.8, 'model__gamma': 1, 'model__learning_rate': 0.05, 'model__max_depth': 3, 'model__min_child_weight': 1, 'model__n_estimators': 200, 'model__reg_alpha': 0, 'model__reg_lambda': 5, 'model__subsample': 0.8}",0.20501417265889368,0.20465678077569346,0.20472652173710515,0.2047991583905641,0.0001546809665378745,13,0.7287851379987788,0.7322367374731547,0.7320187513192326,0.731013542263722,0.0015782307957199688,13,0.0048126503953248535,0.006172839506172839,0.0030959752321981426,0.004693821711231946,0.0012589317249789994,22,0.002416709822199206,0.003107734806629834,0.001553867403314917,0.0023594373440479857,0.0006356550843218604,22,0.56,0.45,0.4090909090909091,0.4730303030303031,0.06372432593080268,17,
SMOTETomek,XGBoost,202.23860351244608,0.212206637771506,0.9673388799031576,0.04305869454604036,0.8,1,0.05,3,1,200,0.1,1,0.8,"{'model__colsample_bytree': 0.8, 'model__gamma': 1, 'model__learning_rate': 0.05, 'model__max_depth': 3, 'model__min_child_weight': 1, 'model__n_estimators': 200, 'model__reg_alpha': 0.1, 'model__reg_lambda': 1, 'model__subsample': 0.8}",0.20531220300173492,0.20558921766480698,0.20546190779090678,0.20545444281914957,0.00011321388384155619,11,0.7289172975644368,0.732612082672321,0.7318918497921895,0.7311404100096491,0.001599240561109974,12,0.0034387895460797797,0.005148446885189634,0.003783969728242174,0.004123735386503863,0.0007381565241390411,28,0.0017262213015708614,0.0025897790055248618,0.001899171270718232,0.0020717238592713183,0.00037306279531901357,27,0.43478260869565216,0.42857142857142855,0.5,0.45445134575569357,0.0323074255369094,21,
SMOTETomek,XGBoost,201.4029712677002,0.43567615916423125,0.9485668341318766,0.008175369601661346,0.8,1,0.05,3,1,200,0.1,5,0.8,"{'model__colsample_bytree': 0.8, 'model__gamma': 1, 'model__learning_rate': 0.05, 'model__max_depth': 3, 'model__min_child_weight': 1, 'model__n_estimators': 200, 'model__reg_alpha': 0.1, 'model__reg_lambda': 5, 'model__subsample': 0.8}",0.2054903872019453,0.20490318848243683,0.20379695211587145,0.20473017593341783,0.0007020829031175762,15,0.7286898883211237,0.7319660382966908,0.7310365120623917,0.7305641462267354,0.001378558855622687,14,0.005496392992098935,0.004466586497165435,0.0041286771030449,0.00469721886410309,0.0005816958854946838,21,0.002761954082513378,0.002244475138121547,0.0020718232044198894,0.0023594174750182716,0.00029323365294929636,23,0.5517241379310345,0.4482758620689655,0.5714285714285714,0.5238095238095238,0.054012756004592856,8,
SMOTETomek,XGBoost,197.34211007754007,0.902211264872135,0.9289197127024332,0.022883510477067347,0.8,1,0.1,3,1,100,0.0,1,0.8,"{'model__colsample_bytree': 0.8, 'model__gamma': 1, 'model__learning_rate': 0.1, 'model__max_depth': 3, 'model__min_child_weight': 1, 'model__n_estimators': 100, 'model__reg_alpha': 0, 'model__reg_lambda': 1, 'model__subsample': 0.8}",0.2013673039428345,0.2042445400298485,0.20161735578378445,0.20240973325215583,0.00130141420882332,24,0.7269924548217319,0.7304161155032014,0.7310216327428476,0.7294767343559269,0.0017739591098054255,23,0.0037820182224514356,0.006518010291595197,0.001033947957952783,0.0037779921573331387,0.002238860882490487,30,0.0018988434317279475,0.0032803867403314916,0.0005179558011049724,0.001899061991054804,0.0011277577190529037,30,0.4583333333333333,0.5,0.2727272727272727,0.4103535353535353,0.09879193253544724,23,
SMOTETomek,XGBoost,197.26591658592224,1.622951179924465,0.9312863349914551,0.02459674924517554,0.8,1,0.1,3,1,100,0.0,5,0.8,"{'model__colsample_bytree': 0.8, 'model__gamma': 1, 'model__learning_rate': 0.1, 'model__max_depth': 3, 'model__min_child_weight': 1, 'model__n_estimators': 100, 'model__reg_alpha': 0, 'model__reg_lambda': 5, 'model__subsample': 0.8}",0.202051194287664,0.20505303416595227,0.20402324610210607,0.2037091581852408,0.0012454581696069477,19,0.7275491755853895,0.7315361831442293,0.729961024794451,0.7296821278413566,0.0016395924191488448,19,0.0034411562284927736,0.007535536907004624,0.0034411562284927736,0.004805949787996724,0.0019301095616899378,20,0.0017262213015708614,0.003798342541436464,0.0017265193370165745,0.002417027726674633,0.0009767370800499195,20,0.5263157894736842,0.46808510638297873,0.5,0.49813363195222093,0.02380918045026428,13,
SMOTETomek,XGBoost,197.3312185605367,0.9609571413866538,0.9157277743021647,0.005499339169570369,0.8,1,0.1,3,1,100,0.1,1,0.8,"{'model__colsample_bytree': 0.8, 'model__gamma': 1, 'model__learning_rate': 0.1, 'model__max_depth': 3, 'model__min_child_weight': 1, 'model__n_estimators': 100, 'model__reg_alpha': 0.1, 'model__reg_lambda': 1, 'model__subsample': 0.8}",0.2024937456092205,0.20423295251878346,0.2016045289678266,0.20277707569861017,0.001091591970616412,21,0.7271418438869939,0.730413101423431,0.7310219533896318,0.7295256329000189,0.0017038217283802004,22,0.0048093438680865686,0.006518010291595197,0.001033947957952783,0.004120434039211516,0.0022912416552398483,29,0.002416709822199206,0.0032803867403314916,0.0005179558011049724,0.00207168412121189,0.0011538452305964663,29,0.4827586206896552,0.5,0.2727272727272727,0.41849529780564265,0.10331361362881793,22,
SMOTETomek,XGBoost,197.57740863164267,1.2508261181555353,0.9452928702036539,0.03297628042425641,0.8,1,0.1,3,1,100,0.1,5,0.8,"{'model__colsample_bytree': 0.8, 'model__gamma': 1, 'model__learning_rate': 0.1, 'model__max_depth': 3, 'model__min_child_weight': 1, 'model__n_estimators': 100, 'model__reg_alpha': 0.1, 'model__reg_lambda': 5, 'model__subsample': 0.8}",0.20407805195909712,0.20367170464443674,0.20401067332200196,0.20392014330851194,0.00017781319324842643,18,0.7284404106103675,0.7313737958339057,0.7299507928901326,0.7299216664448019,0.0011977265908882948,18,0.004810996563573883,0.007195477128661984,0.0034411562284927736,0.005149209973576214,0.0015512409201218855,18,0.002416709822199206,0.0036256906077348065,0.0017265193370165745,0.002589639922316862,0.0007849167656617708,18,0.5185185185185185,0.4666666666666667,0.5,0.49506172839506174,0.02145450271232439,14,
SMOTETomek,XGBoost,201.5132216612498,1.1224350853065634,0.9467699527740479,0.006380575834555918,0.8,1,0.1,3,1,200,0.0,1,0.8,"{'model__colsample_bytree': 0.8, 'model__gamma': 1, 'model__learning_rate': 0.1, 'model__max_depth': 3, 'model__min_child_weight': 1, 'model__n_estimators': 200, 'model__reg_alpha': 0, 'model__reg_lambda': 1, 'model__subsample': 0.8}",0.22258032890206947,0.2267110153565654,0.2290137915481793,0.22610171193560472,0.002661553230580272,8,0.741228745311383,0.7463741274742938,0.7473036903539396,0.7449688543798721,0.002671745206158906,5,0.02458326317561879,0.02598279061920027,0.01797219396405561,0.022846082586291557,0.0034933996806172625,5,0.012601415501467287,0.013294198895027625,0.009150552486187844,0.011682055627560918,0.0018122487547583073,5,0.5,0.5703703703703704,0.5,0.5234567901234568,0.03317291072233188,9,
SMOTETomek,XGBoost,201.5908114115397,1.2390818176785126,0.9718786875406901,0.033329404070598555,0.8,1,0.1,3,1,200,0.0,5,0.8,"{'model__colsample_bytree': 0.8, 'model__gamma': 1, 'model__learning_rate': 0.1, 'model__max_depth': 3, 'model__min_child_weight': 1, 'model__n_estimators': 200, 'model__reg_alpha': 0, 'model__reg_lambda': 5, 'model__subsample': 0.8}",0.22464133286390625,0.22832438651489928,0.22982160883789798,0.2275957760722345,0.0021766900980692556,2,0.741449759737003,0.7468243940848966,0.7466762003026277,0.7449834513748425,0.002499429640641794,4,0.02397433732905622,0.024932614555256066,0.017663043478260868,0.022189998454191052,0.003224858118443622,7,0.012256171241153116,0.012776243093922652,0.008977900552486187,0.011336771629187318,0.0016814325738059694,7,0.5461538461538461,0.5138888888888888,0.5416666666666666,0.5339031339031338,0.014270276744693607,4,
SMOTETomek,XGBoost,201.98626430829367,1.0354665755107983,0.9566667079925537,0.011798721067395506,0.8,1,0.1,3,1,200,0.1,1,0.8,"{'model__colsample_bytree': 0.8, 'model__gamma': 1, 'model__learning_rate': 0.1, 'model__max_depth': 3, 'model__min_child_weight': 1, 'model__n_estimators': 200, 'model__reg_alpha': 0.1, 'model__reg_lambda': 1, 'model__subsample': 0.8}",0.2238289123474358,0.2279637888189946,0.2291692415061159,0.22698731422418209,0.0022869056031382825,6,0.7417746627980049,0.7466689733167431,0.7476270894653213,0.7453569085266897,0.002563052865113848,1,0.023893656402490325,0.023950075898127848,0.018983050847457626,0.022275594382691933,0.002328293794238164,6,0.012256171241153116,0.01225828729281768,0.009668508287292817,0.011394322273754537,0.001220335078661822,6,0.47333333333333333,0.5182481751824818,0.5185185185185185,0.5033666756781111,0.021237066820048472,12,
SMOTETomek,XGBoost,203.03714354832968,1.4890687978127222,0.9462903340657552,0.009949337791248226,0.8,1,0.1,3,1,200,0.1,5,0.8,"{'model__colsample_bytree': 0.8, 'model__gamma': 1, 'model__learning_rate': 0.1, 'model__max_depth': 3, 'model__min_child_weight': 1, 'model__n_estimators': 200, 'model__reg_alpha': 0.1, 'model__reg_lambda': 5, 'model__subsample': 0.8}",0.2248680469834529,0.2277405956993904,0.22876662373226642,0.22712508880503657,0.001650022569410326,5,0.7416503583767322,0.7464317876186473,0.7462599065459896,0.7447806841804564,0.0022145865684713288,8,0.02331868874619804,0.024624725923427224,0.01765704584040747,0.021866820170010914,0.0030241343892886416,8,0.011910926980838944,0.012603591160220995,0.008977900552486187,0.011164139564515375,0.0015715547884475262,10,0.552,0.5328467153284672,0.5306122448979592,0.5384863200754756,0.00959905805632606,3,
SMOTEENN,XGBoost,103.67690849304199,0.6744317923567147,0.9020351568857828,0.0125889533471177,0.8,0,0.05,3,1,100,0.0,1,0.8,"{'model__colsample_bytree': 0.8, 'model__gamma': 0, 'model__learning_rate': 0.05, 'model__max_depth': 3, 'model__min_child_weight': 1, 'model__n_estimators': 100, 'model__reg_alpha': 0, 'model__reg_lambda': 1, 'model__subsample': 0.8}",0.18286673855187038,0.1810586560887323,0.18121969016797662,0.18171502826952643,0.0008170313843470528,29,0.7154743674979642,0.717256732221353,0.7160909652153993,0.7162740216449054,0.0007390706976029021,31,0.014910199932226365,0.016863406408094434,0.013200203080047386,0.014991269806789394,0.0014965947790623422,13,0.00759537372691179,0.008632596685082873,0.006733425414364641,0.007653798608786434,0.0007764332892558236,13,0.4036697247706422,0.36231884057971014,0.3333333333333333,0.3664406328945619,0.028862246032035965,27,
SMOTEENN,XGBoost,103.42753092447917,0.4330303032739868,0.938286542892456,0.009576316981827846,0.8,0,0.05,3,1,100,0.0,5,0.8,"{'model__colsample_bytree': 0.8, 'model__gamma': 0, 'model__learning_rate': 0.05, 'model__max_depth': 3, 'model__min_child_weight': 1, 'model__n_estimators': 100, 'model__reg_alpha': 0, 'model__reg_lambda': 5, 'model__subsample': 0.8}",0.18350808634169458,0.18201566875049222,0.1831879478591481,0.1829039009837783,0.0006415291820788183,25,0.716244752637931,0.7174321718189326,0.7174333824241379,0.7170367689603339,0.0005600403304558486,25,0.019508913555331315,0.014534392428595572,0.012557271338876633,0.015533525774267842,0.0029246119922962358,9,0.010012083549110996,0.007424033149171271,0.006388121546961326,0.007941412748414532,0.00152403770415761,9,0.3790849673202614,0.344,0.36633663366336633,0.36314053366120924,0.014500575261779442,29,
SMOTEENN,XGBoost,103.00313552220662,0.7199170137708434,0.9230014483133951,0.01941584051394846,0.8,0,0.05,3,1,100,0.1,1,0.8,"{'model__colsample_bytree': 0.8, 'model__gamma': 0, 'model__learning_rate': 0.05, 'model__max_depth': 3, 'model__min_child_weight': 1, 'model__n_estimators': 100, 'model__reg_alpha': 0.1, 'model__reg_lambda': 1, 'model__subsample': 0.8}",0.18269311945006195,0.1811812675765901,0.18122140683323845,0.18169859795329682,0.0007034237914785173,31,0.7161781821539285,0.7173282587031652,0.7160923812962988,0.7165329407177975,0.0005634645627304299,29,0.01620253164556962,0.016866250632484397,0.013200203080047386,0.015422995119367134,0.0015949365840988224,11,0.008285862247540134,0.008632596685082873,0.006733425414364641,0.007883961448995882,0.0008257748150608843,11,0.36363636363636365,0.36496350364963503,0.3333333333333333,0.35397773353977735,0.014607846523166372,31,
SMOTEENN,XGBoost,103.47913837432861,0.7655089753294173,0.9751956462860107,0.04776638698012091,0.8,0,0.05,3,1,100,0.1,5,0.8,"{'model__colsample_bytree': 0.8, 'model__gamma': 0, 'model__learning_rate': 0.05, 'model__max_depth': 3, 'model__min_child_weight': 1, 'model__n_estimators': 100, 'model__reg_alpha': 0.1, 'model__reg_lambda': 5, 'model__subsample': 0.8}",0.18320374327677125,0.18206451699119464,0.1831845423143289,0.18281760086076493,0.0005325684026144135,27,0.7158669781611544,0.7174340839207757,0.7174336153838421,0.7169115591552574,0.0007386303291961403,27,0.017561634582911177,0.014534392428595572,0.012557271338876633,0.014884432783461127,0.0020579616221051986,15,0.00897635076816848,0.007424033149171271,0.006388121546961326,0.007596168488100359,0.0010636276154616085,15,0.40310077519379844,0.344,0.36633663366336633,0.37114580295238825,0.024366253836878987,25,
SMOTEENN,XGBoost,107.56846904754639,0.7464096631327329,0.9555574258168539,0.0337727916028616,0.8,0,0.05,3,1,200,0.0,1,0.8,"{'model__colsample_bytree': 0.8, 'model__gamma': 0, 'model__learning_rate': 0.05, 'model__max_depth': 3, 'model__min_child_weight': 1, 'model__n_estimators': 200, 'model__reg_alpha': 0, 'model__reg_lambda': 1, 'model__subsample': 0.8}",0.2052291886767693,0.20349815745173716,0.20516884909843802,0.20463206507564816,0.0008021720891225727,12,0.7288155745569007,0.732234741610519,0.7310985029014738,0.7307162730229645,0.0014217947801180007,11,0.003787226717163023,0.0020639834881320948,0.0034423407917383822,0.0030978503323445,0.0007444895629715217,27,0.0018988434317279475,0.0010359116022099447,0.0017265193370165745,0.001553758123651489,0.0003728696494588552,27,0.6875,0.2727272727272727,0.5555555555555556,0.5052609427609428,0.17302459339533996,17,
SMOTEENN,XGBoost,108.09012508392334,0.8226287942807408,0.9801349639892578,0.008679009836058734,0.8,0,0.05,3,1,200,0.0,5,0.8,"{'model__colsample_bytree': 0.8, 'model__gamma': 0, 'model__learning_rate': 0.05, 'model__max_depth': 3, 'model__min_child_weight': 1, 'model__n_estimators': 200, 'model__reg_alpha': 0, 'model__reg_lambda': 5, 'model__subsample': 0.8}",0.20295327703676314,0.20423374423314786,0.20661800783920561,0.20460167636970553,0.0015185724670287327,14,0.7283581049754011,0.7319251512510512,0.731861197268393,0.7307148178316151,0.001666652161861767,12,0.0024108834165662133,0.003094910591471802,0.0024133770039648336,0.0026397236706676166,0.00032186736828278154,30,0.001208354911099603,0.001553867403314917,0.0012085635359116022,0.0013235952834420408,0.00016282699975564923,30,0.5,0.375,0.7777777777777778,0.5509259259259259,0.16833017558053556,5,
SMOTEENN,XGBoost,108.19599914550781,0.533683192494957,0.9732975165049235,0.018991382400686947,0.8,0,0.05,3,1,200,0.1,1,0.8,"{'model__colsample_bytree': 0.8, 'model__gamma': 0, 'model__learning_rate': 0.05, 'model__max_depth': 3, 'model__min_child_weight': 1, 'model__n_estimators': 200, 'model__reg_alpha': 0.1, 'model__reg_lambda': 1, 'model__subsample': 0.8}",0.20368998918893882,0.20354455482863598,0.2054958558488035,0.2042434666221261,0.0008875610287420195,15,0.7283121125358107,0.7321082039194187,0.7313798684913677,0.7306000616488658,0.0016449217776508998,14,0.0041279669762641896,0.0034376074252320385,0.0024117140396210162,0.003325762813705748,0.0007051065869685609,24,0.0020714655618850335,0.0017265193370165745,0.0012085635359116022,0.0016688494782710701,0.0003546306398334826,25,0.5714285714285714,0.38461538461538464,0.5384615384615384,0.4981684981684982,0.08141432516810573,19,
SMOTEENN,XGBoost,108.27963264783223,0.9754206131033764,0.9295875231424967,0.008078694275452438,0.8,0,0.05,3,1,200,0.1,5,0.8,"{'model__colsample_bytree': 0.8, 'model__gamma': 0, 'model__learning_rate': 0.05, 'model__max_depth': 3, 'model__min_child_weight': 1, 'model__n_estimators': 200, 'model__reg_alpha': 0.1, 'model__reg_lambda': 5, 'model__subsample': 0.8}",0.2038639907064041,0.20498443167841499,0.20661525120796642,0.20515455786426184,0.0011296211093982918,9,0.7287177470624141,0.7321942053131985,0.7318589448883301,0.7309236324213142,0.0015657900137158011,9,0.001722059583261581,0.0034393809114359416,0.0024133770039648336,0.0025249391662207853,0.0007055176459338468,31,0.0008631106507854307,0.0017265193370165745,0.0012085635359116022,0.0012660645079045358,0.00035482240740962847,31,0.35714285714285715,0.43478260869565216,0.7777777777777778,0.5232344145387624,0.18275890417353485,13,
SMOTEENN,XGBoost,103.58935530980428,0.8257350154033436,0.9220708211263021,0.006235468861581116,0.8,0,0.1,3,1,100,0.0,1,0.8,"{'model__colsample_bytree': 0.8, 'model__gamma': 0, 'model__learning_rate': 0.1, 'model__max_depth': 3, 'model__min_child_weight': 1, 'model__n_estimators': 100, 'model__reg_alpha': 0, 'model__reg_lambda': 1, 'model__subsample': 0.8}",0.20284176273694846,0.202875136164872,0.20154247724430396,0.20241979204870816,0.0006205048460422584,21,0.7276490273857839,0.7293992450849167,0.7297069063286304,0.7289183929331103,0.0009063224333445828,19,0.0041258380608561115,0.0024088093599449415,0.00412725709372313,0.003553968171508061,0.000809749768421933,21,0.0020714655618850335,0.0012085635359116022,0.0020718232044198894,0.0017839507674055084,0.0004068602393957186,20,0.5,0.35,0.5217391304347826,0.4572463768115942,0.07635219469635854,22,
SMOTEENN,XGBoost,103.54222059249878,0.8229545649671776,0.9084182580312093,0.007382520808583191,0.8,0,0.1,3,1,100,0.0,5,0.8,"{'model__colsample_bytree': 0.8, 'model__gamma': 0, 'model__learning_rate': 0.1, 'model__max_depth': 3, 'model__min_child_weight': 1, 'model__n_estimators': 100, 'model__reg_alpha': 0, 'model__reg_lambda': 5, 'model__subsample': 0.8}",0.20341751428417076,0.20116291200248457,0.2011277679062325,0.2019027313976293,0.001071209338985482,23,0.7273501301784414,0.7293214587926218,0.7284949635682433,0.7283888508464355,0.0008082817407186124,24,0.004470426409903714,0.0037787701820680177,0.0024133770039648336,0.003554191198645522,0.0008546694700154309,20,0.00224408769204212,0.001899171270718232,0.0012085635359116022,0.0017839408328906511,0.00043053153956003977,22,0.5652173913043478,0.36666666666666664,0.7777777777777778,0.5698872785829306,0.16786788913735923,3,
SMOTEENN,XGBoost,103.65214959780376,0.9611392691825765,0.9310399691263834,0.042375152328671416,0.8,0,0.1,3,1,100,0.1,1,0.8,"{'model__colsample_bytree': 0.8, 'model__gamma': 0, 'model__learning_rate': 0.1, 'model__max_depth': 3, 'model__min_child_weight': 1, 'model__n_estimators': 100, 'model__reg_alpha': 0.1, 'model__reg_lambda': 1, 'model__subsample': 0.8}",0.20283985313149744,0.20286416880636693,0.2015316335760482,0.20241188517130418,0.0006225110259929151,22,0.7276479072785719,0.7293976248370853,0.7297053790029283,0.7289169703728618,0.0009061158901652743,20,0.0041258380608561115,0.0024088093599449415,0.00412725709372313,0.003553968171508061,0.000809749768421933,21,0.0020714655618850335,0.0012085635359116022,0.0020718232044198894,0.0017839507674055084,0.0004068602393957186,20,0.5,0.35,0.5217391304347826,0.4572463768115942,0.07635219469635854,22,
SMOTEENN,XGBoost,104.16013503074646,1.2939969762473695,0.913503885269165,0.014704084978375151,0.8,0,0.1,3,1,100,0.1,5,0.8,"{'model__colsample_bytree': 0.8, 'model__gamma': 0, 'model__learning_rate': 0.1, 'model__max_depth': 3, 'model__min_child_weight': 1, 'model__n_estimators': 100, 'model__reg_alpha': 0.1, 'model__reg_lambda': 5, 'model__subsample': 0.8}",0.2036205623115408,0.20116542285294578,0.20301705321685098,0.20260101279377918,0.0010445875312006742,18,0.7270135039392704,0.7292949026950872,0.7292610188369646,0.7285231418237741,0.0010675648101190545,23,0.003785271851342051,0.0037787701820680177,0.0041293874741913286,0.0038978098358671324,0.00016377162931899283,18,0.0018988434317279475,0.001899171270718232,0.0020718232044198894,0.0019566126356220233,8.146628440300452e-05,18,0.5789473684210527,0.36666666666666664,0.6,0.5152046783625731,0.10538329726299026,16,
SMOTEENN,XGBoost,108.24686098098755,0.332879605355173,0.9575412273406982,0.00937911460336074,0.8,0,0.1,3,1,200,0.0,1,0.8,"{'model__colsample_bytree': 0.8, 'model__gamma': 0, 'model__learning_rate': 0.1, 'model__max_depth': 3, 'model__min_child_weight': 1, 'model__n_estimators': 200, 'model__reg_alpha': 0, 'model__reg_lambda': 1, 'model__subsample': 0.8}",0.22150184800575215,0.22726983566526135,0.22785356917218275,0.22554175094773207,0.002866565661465449,8,0.7409902305191112,0.7456914600008712,0.7451634005541614,0.7439483636913812,0.0021027958521102857,8,0.02060462759668975,0.020992043338412054,0.019015280135823428,0.020203983690308413,0.0008552913127769138,4,0.010529949939582254,0.010704419889502763,0.009668508287292817,0.010300959372125945,0.0004528470837462804,3,0.4765625,0.5391304347826087,0.5714285714285714,0.5290405020703933,0.039380603801664235,10,
SMOTEENN,XGBoost,107.99242401123047,0.5334777943482376,0.93698517481486,0.010564908450821212,0.8,0,0.1,3,1,200,0.0,5,0.8,"{'model__colsample_bytree': 0.8, 'model__gamma': 0, 'model__learning_rate': 0.1, 'model__max_depth': 3, 'model__min_child_weight': 1, 'model__n_estimators': 200, 'model__reg_alpha': 0, 'model__reg_lambda': 5, 'model__subsample': 0.8}",0.22363049512271754,0.22696453551428586,0.22871832952527296,0.2264377867207588,0.002110231100388183,2,0.7415281790186751,0.7456078850525515,0.7448467729793546,0.7439942790168604,0.0017712631646706752,7,0.020956565827277337,0.019318759532282664,0.018339276617422313,0.019538200658994104,0.001079711846767514,6,0.01070257206973934,0.009841160220994474,0.009323204419889503,0.009955645570207772,0.0005689135550921795,6,0.5,0.5229357798165137,0.5567010309278351,0.5265456035814496,0.023288406955396627,12,
SMOTEENN,XGBoost,108.56400775909424,0.8297899468473415,0.9524107774098715,0.013334476815421072,0.8,0,0.1,3,1,200,0.1,1,0.8,"{'model__colsample_bytree': 0.8, 'model__gamma': 0, 'model__learning_rate': 0.1, 'model__max_depth': 3, 'model__min_child_weight': 1, 'model__n_estimators': 200, 'model__reg_alpha': 0.1, 'model__reg_lambda': 1, 'model__subsample': 0.8}",0.22283127388516258,0.2275126009417959,0.22721897690244053,0.22585428390979967,0.0021409493183965687,5,0.7419131111899024,0.7457087186504294,0.7448366745687995,0.7441528348030438,0.001623245025152533,6,0.021269412559081703,0.021341463414634148,0.01867572156196944,0.02042886584522843,0.0012400091370333313,2,0.010875194199896427,0.01087707182320442,0.00949585635359116,0.01041604079223067,0.0006506691080229401,2,0.48091603053435117,0.5625,0.5612244897959183,0.5348801734434231,0.038161964235813285,9,
SMOTEENN,XGBoost,108.49927306175232,1.466617359778378,0.9274358749389648,0.016286654140215167,0.8,0,0.1,3,1,200,0.1,5,0.8,"{'model__colsample_bytree': 0.8, 'model__gamma': 0, 'model__learning_rate': 0.1, 'model__max_depth': 3, 'model__min_child_weight': 1, 'model__n_estimators': 200, 'model__reg_alpha': 0.1, 'model__reg_lambda': 5, 'model__subsample': 0.8}",0.2232641180085969,0.2263966871991413,0.22838780898691297,0.22601620473155037,0.0021089693361809663,4,0.7419452017381132,0.7455966362398607,0.7449311384201541,0.744157658799376,0.0015878594654350183,5,0.020311442112389978,0.0176420695504665,0.020006781959986435,0.019320097874280972,0.0011930461694777625,7,0.010357327809425169,0.008977900552486187,0.01018646408839779,0.00984056415010305,0.0006139706642181856,7,0.5217391304347826,0.5048543689320388,0.5566037735849056,0.5277324243172423,0.02154746542175646,11,
SMOTEENN,XGBoost,103.3253554503123,1.0597506698974095,1.0079529285430908,0.07296682264151091,0.8,1,0.05,3,1,100,0.0,1,0.8,"{'model__colsample_bytree': 0.8, 'model__gamma': 1, 'model__learning_rate': 0.05, 'model__max_depth': 3, 'model__min_child_weight': 1, 'model__n_estimators': 100, 'model__reg_alpha': 0, 'model__reg_lambda': 1, 'model__subsample': 0.8}",0.18286673855187038,0.1810578502579323,0.18121969016797662,0.1817147596592598,0.0008172472354948934,30,0.7154743674979642,0.7172553802698103,0.7160909652153993,0.7162735709943912,0.0007384715188643122,32,0.014910199932226365,0.016863406408094434,0.013200203080047386,0.014991269806789394,0.0014965947790623422,13,0.00759537372691179,0.008632596685082873,0.006733425414364641,0.007653798608786434,0.0007764332892558236,13,0.4036697247706422,0.36231884057971014,0.3333333333333333,0.3664406328945619,0.028862246032035965,27,
SMOTEENN,XGBoost,103.5605480670929,0.6408083566747584,0.91805100440979,0.011585068531726913,0.8,1,0.05,3,1,100,0.0,5,0.8,"{'model__colsample_bytree': 0.8, 'model__gamma': 1, 'model__learning_rate': 0.05, 'model__max_depth': 3, 'model__min_child_weight': 1, 'model__n_estimators': 100, 'model__reg_alpha': 0, 'model__reg_lambda': 5, 'model__subsample': 0.8}",0.18350676388081122,0.18201512531319755,0.1831872556392488,0.1829030482777525,0.0006412626982990404,26,0.7162440447197047,0.7174323184003195,0.717432963620175,0.7170364422467331,0.0005603097266736471,26,0.019508913555331315,0.014534392428595572,0.012557271338876633,0.015533525774267842,0.0029246119922962358,9,0.010012083549110996,0.007424033149171271,0.006388121546961326,0.007941412748414532,0.00152403770415761,9,0.3790849673202614,0.344,0.36633663366336633,0.36314053366120924,0.014500575261779442,29,
SMOTEENN,XGBoost,103.97611435254414,0.3214363477043971,0.9292829831441244,0.019049601232885172,0.8,1,0.05,3,1,100,0.1,1,0.8,"{'model__colsample_bytree': 0.8, 'model__gamma': 1, 'model__learning_rate': 0.05, 'model__max_depth': 3, 'model__min_child_weight': 1, 'model__n_estimators': 100, 'model__reg_alpha': 0.1, 'model__reg_lambda': 1, 'model__subsample': 0.8}",0.18269311945006195,0.18118081450161938,0.18122140683323845,0.18169844692830658,0.000703534885890735,32,0.7161781821539285,0.7173268910464738,0.7160923812962988,0.7165324848322338,0.0005628210915912804,30,0.01620253164556962,0.016866250632484397,0.013200203080047386,0.015422995119367134,0.0015949365840988224,11,0.008285862247540134,0.008632596685082873,0.006733425414364641,0.007883961448995882,0.0008257748150608843,11,0.36363636363636365,0.36496350364963503,0.3333333333333333,0.35397773353977735,0.014607846523166372,31,
SMOTEENN,XGBoost,103.75938208897908,0.3139888511001883,0.9462172190348307,0.04116527933094477,0.8,1,0.05,3,1,100,0.1,5,0.8,"{'model__colsample_bytree': 0.8, 'model__gamma': 1, 'model__learning_rate': 0.05, 'model__max_depth': 3, 'model__min_child_weight': 1, 'model__n_estimators': 100, 'model__reg_alpha': 0.1, 'model__reg_lambda': 5, 'model__subsample': 0.8}",0.18320309184442363,0.1820643432477861,0.18318429224156907,0.18281724244459294,0.0005324354462788027,28,0.7158663500636524,0.7174339020028043,0.7174335577982973,0.7169112699549179,0.000738869954273006,28,0.017561634582911177,0.014534392428595572,0.012557271338876633,0.014884432783461127,0.0020579616221051986,15,0.00897635076816848,0.007424033149171271,0.006388121546961326,0.007596168488100359,0.0010636276154616085,15,0.40310077519379844,0.344,0.36633663366336633,0.37114580295238825,0.024366253836878987,25,
SMOTEENN,XGBoost,108.37077697118123,0.47945052543863986,0.9450633525848389,0.00894032302075475,0.8,1,0.05,3,1,200,0.0,1,0.8,"{'model__colsample_bytree': 0.8, 'model__gamma': 1, 'model__learning_rate': 0.05, 'model__max_depth': 3, 'model__min_child_weight': 1, 'model__n_estimators': 200, 'model__reg_alpha': 0, 'model__reg_lambda': 1, 'model__subsample': 0.8}",0.20522720968597924,0.2034301937318711,0.20516850352450183,0.20460863564745072,0.0008336288601230496,13,0.7288147292423459,0.7322583320524912,0.7310974794492896,0.7307235135813755,0.0014304982654734244,10,0.003787226717163023,0.0020639834881320948,0.0034423407917383822,0.0030978503323445,0.0007444895629715217,27,0.0018988434317279475,0.0010359116022099447,0.0017265193370165745,0.001553758123651489,0.0003728696494588552,27,0.6875,0.2727272727272727,0.5555555555555556,0.5052609427609428,0.17302459339533996,17,
SMOTEENN,XGBoost,108.7338178952535,0.45285633083604643,0.9726825555165609,0.03586835111318875,0.8,1,0.05,3,1,200,0.0,5,0.8,"{'model__colsample_bytree': 0.8, 'model__gamma': 1, 'model__learning_rate': 0.05, 'model__max_depth': 3, 'model__min_child_weight': 1, 'model__n_estimators': 200, 'model__reg_alpha': 0, 'model__reg_lambda': 5, 'model__subsample': 0.8}",0.20373317727648604,0.2041926667475252,0.20661695471347982,0.20484759957916368,0.001265107594106026,11,0.7285284044533369,0.7317173695174373,0.731858910860508,0.7307015616104273,0.001537740227305388,13,0.003782668500687758,0.003437016669530847,0.0024133770039648336,0.0032110207247278127,0.000581403718627019,26,0.0018988434317279475,0.0017265193370165745,0.0012085635359116022,0.001611308768218708,0.0002933447232797414,26,0.4782608695652174,0.37037037037037035,0.7777777777777778,0.5421363392377886,0.172347044500382,6,
SMOTEENN,XGBoost,108.14296293258667,0.21307971998202074,0.9361758232116699,0.00884406784047737,0.8,1,0.05,3,1,200,0.1,1,0.8,"{'model__colsample_bytree': 0.8, 'model__gamma': 1, 'model__learning_rate': 0.05, 'model__max_depth': 3, 'model__min_child_weight': 1, 'model__n_estimators': 200, 'model__reg_alpha': 0.1, 'model__reg_lambda': 1, 'model__subsample': 0.8}",0.20276762468224824,0.2033287862181979,0.20492063280498166,0.20367234790180924,0.000911916285256284,16,0.7282226727600498,0.7320353869978959,0.731000078735145,0.7304193794976969,0.0016097838712382604,16,0.002755769893213917,0.003780718336483932,0.0024117140396210162,0.002982734089772955,0.0005814795789461277,29,0.001380977041256689,0.001899171270718232,0.0012085635359116022,0.0014962372826288408,0.00029348305263343703,29,0.6153846153846154,0.4074074074074074,0.5384615384615384,0.5204178537511871,0.08585961673159133,14,
SMOTEENN,XGBoost,107.90450310707092,1.0516780395794545,0.9408188660939535,0.012411235715644339,0.8,1,0.05,3,1,200,0.1,5,0.8,"{'model__colsample_bytree': 0.8, 'model__gamma': 1, 'model__learning_rate': 0.05, 'model__max_depth': 3, 'model__min_child_weight': 1, 'model__n_estimators': 200, 'model__reg_alpha': 0.1, 'model__reg_lambda': 5, 'model__subsample': 0.8}",0.20405232389128572,0.20449999360163518,0.20651696942054254,0.20502309563782115,0.001072021828576837,10,0.7285202182492263,0.7313106742241238,0.7318611632405709,0.730564018571307,0.001462554695663292,15,0.002755295333218529,0.00549167667753561,0.002757669769045157,0.0036682139265997653,0.0012893832408104435,19,0.001380977041256689,0.0027624309392265192,0.0013812154696132596,0.0018415411500321561,0.0006511674219399336,19,0.5714285714285714,0.45714285714285713,0.8,0.6095238095238095,0.1425393290199597,1,
SMOTEENN,XGBoost,103.16540877024333,0.6519454132035365,0.9278024037679037,0.019495150469941547,0.8,1,0.1,3,1,100,0.0,1,0.8,"{'model__colsample_bytree': 0.8, 'model__gamma': 1, 'model__learning_rate': 0.1, 'model__max_depth': 3, 'model__min_child_weight': 1, 'model__n_estimators': 100, 'model__reg_alpha': 0, 'model__reg_lambda': 1, 'model__subsample': 0.8}",0.20291074004762572,0.20287822239878284,0.201539812203303,0.2024429248832372,0.0006387350696833009,20,0.7274899800128907,0.729397470403124,0.7297052638318384,0.7288642380826177,0.0009798377860126726,21,0.003440564252537416,0.0024088093599449415,0.00412725709372313,0.003325543568735162,0.0007062520662901224,25,0.0017262213015708614,0.0012085635359116022,0.0020718232044198894,0.0016688693473007844,0.0003547499107937001,24,0.5,0.35,0.5217391304347826,0.4572463768115942,0.07635219469635854,22,
SMOTEENN,XGBoost,104.21979681650798,0.27198189199423917,0.9307044347127279,0.02974951496782668,0.8,1,0.1,3,1,100,0.0,5,0.8,"{'model__colsample_bytree': 0.8, 'model__gamma': 1, 'model__learning_rate': 0.1, 'model__max_depth': 3, 'model__min_child_weight': 1, 'model__n_estimators': 100, 'model__reg_alpha': 0, 'model__reg_lambda': 5, 'model__subsample': 0.8}",0.2033960959579051,0.201086932235921,0.20309588281994695,0.20252630367125768,0.0010251421295599439,19,0.7283078584837706,0.7301912714343868,0.7296401084053118,0.729379746107823,0.0007906337036843484,18,0.003098106712564544,0.0034381983840467596,0.0037891836031691355,0.0034418295665934796,0.0002821426427618287,23,0.0015535991714137752,0.0017265193370165745,0.001899171270718232,0.0017264299263828606,0.00014107923293931533,23,0.5294117647058824,0.4,0.7857142857142857,0.5717086834733894,0.1602823541003796,2,
SMOTEENN,XGBoost,103.9772219657898,0.31421317109748936,0.9295701185862223,0.027912794741296536,0.8,1,0.1,3,1,100,0.1,1,0.8,"{'model__colsample_bytree': 0.8, 'model__gamma': 1, 'model__learning_rate': 0.1, 'model__max_depth': 3, 'model__min_child_weight': 1, 'model__n_estimators': 100, 'model__reg_alpha': 0.1, 'model__reg_lambda': 1, 'model__subsample': 0.8}",0.2035610209753943,0.20318818260680632,0.20152980937576703,0.2027596709859892,0.0008828634464047722,17,0.7281254799057477,0.7304917855267213,0.729703728653562,0.7294403313620105,0.000983830667293379,17,0.005150214592274678,0.004123002920460402,0.0041279669762641896,0.00446706149633309,0.0004830664376897782,17,0.002589331952356292,0.0020718232044198894,0.0020718232044198894,0.00224432612039869,0.00024395596332612676,17,0.46875,0.41379310344827586,0.5454545454545454,0.4759992163009404,0.05399442675268091,21,
SMOTEENN,XGBoost,103.45702767372131,0.8100235388743426,0.9665588537851969,0.016579736784223104,0.8,1,0.1,3,1,100,0.1,5,0.8,"{'model__colsample_bytree': 0.8, 'model__gamma': 1, 'model__learning_rate': 0.1, 'model__max_depth': 3, 'model__min_child_weight': 1, 'model__n_estimators': 100, 'model__reg_alpha': 0.1, 'model__reg_lambda': 5, 'model__subsample': 0.8}",0.2033986715264622,0.2011388241145361,0.1996852755443923,0.2014075903951302,0.001527853377586022,24,0.7283073756338159,0.7293408912964998,0.7287751133178823,0.7288077934160659,0.0004225633269039751,22,0.003098106712564544,0.0030938466827088347,0.0013795481979651664,0.0025238338644128482,0.0008091340234233159,32,0.0015535991714137752,0.001553867403314917,0.0006906077348066298,0.0012660247698451073,0.0004068813022217024,32,0.5294117647058824,0.34615384615384615,0.5714285714285714,0.4823313940961,0.09780796298347963,20,
SMOTEENN,XGBoost,108.306787331899,0.9585891670623679,0.9851617813110352,0.04179471430109197,0.8,1,0.1,3,1,200,0.0,1,0.8,"{'model__colsample_bytree': 0.8, 'model__gamma': 1, 'model__learning_rate': 0.1, 'model__max_depth': 3, 'model__min_child_weight': 1, 'model__n_estimators': 200, 'model__reg_alpha': 0, 'model__reg_lambda': 1, 'model__subsample': 0.8}",0.22329833184328873,0.22780856677597625,0.2274976145851596,0.22620150440147488,0.002056774334274773,3,0.7414720244849156,0.7457643292728894,0.7453173921537914,0.7441845819705323,0.0019267268067351523,4,0.019932432432432434,0.0203527815468114,0.019681031557516118,0.019988748512253317,0.0002771168678426082,5,0.010184705679268082,0.010359116022099447,0.010013812154696133,0.010185877952021222,0.000140972150626704,5,0.4645669291338583,0.5769230769230769,0.5686274509803921,0.5367058190124424,0.05112219952969619,8,
SMOTEENN,XGBoost,108.14199097951253,0.7548129160749418,0.9638930161794027,0.02710032035238288,0.8,1,0.1,3,1,200,0.0,5,0.8,"{'model__colsample_bytree': 0.8, 'model__gamma': 1, 'model__learning_rate': 0.1, 'model__max_depth': 3, 'model__min_child_weight': 1, 'model__n_estimators': 200, 'model__reg_alpha': 0, 'model__reg_lambda': 5, 'model__subsample': 0.8}",0.22274753390315552,0.2260737670210704,0.22854046460026206,0.2257872551748293,0.0023736158484328183,7,0.7420859034297997,0.745866716371717,0.7449785365586543,0.7443103854533902,0.0016141986763388843,3,0.02028397565922921,0.0166270783847981,0.01935812531839022,0.018756393120805844,0.0015523714433392354,8,0.010357327809425169,0.008459944751381215,0.009841160220994474,0.009552810927266953,0.0008009888070932191,8,0.4878048780487805,0.4803921568627451,0.5876288659793815,0.5186086336303024,0.04889840804488509,15,
SMOTEENN,XGBoost,107.49298723538716,0.5554935488211391,0.9638591607411703,0.017238213221619298,0.8,1,0.1,3,1,200,0.1,1,0.8,"{'model__colsample_bytree': 0.8, 'model__gamma': 1, 'model__learning_rate': 0.1, 'model__max_depth': 3, 'model__min_child_weight': 1, 'model__n_estimators': 200, 'model__reg_alpha': 0.1, 'model__reg_lambda': 1, 'model__subsample': 0.8}",0.22419164972105593,0.22786260336429173,0.22821305883783788,0.2267557706410618,0.0018187434909929083,1,0.7419072947453258,0.7464347375690609,0.7450762932561674,0.7444727751901846,0.0018969466997472895,1,0.023283279905517124,0.018999151823579304,0.0210419141354149,0.021108115288170443,0.0017496143003686417,1,0.011910926980838944,0.009668508287292817,0.010704419889502763,0.01076128505254484,0.000916346235279777,1,0.5149253731343284,0.5436893203883495,0.6138613861386139,0.557492026553764,0.04155293563967622,4,
SMOTEENN,XGBoost,107.6418255964915,0.7719528009613045,0.9836858908335367,0.04249873542565761,0.8,1,0.1,3,1,200,0.1,5,0.8,"{'model__colsample_bytree': 0.8, 'model__gamma': 1, 'model__learning_rate': 0.1, 'model__max_depth': 3, 'model__min_child_weight': 1, 'model__n_estimators': 200, 'model__reg_alpha': 0.1, 'model__reg_lambda': 5, 'model__subsample': 0.8}",0.22232172697551308,0.22595712745507351,0.22922269007358576,0.22583384816805743,0.0028186546740357745,6,0.7419740104768757,0.7454726990596177,0.7455074506272008,0.744318053387898,0.00165754935459912,2,0.021621621621621623,0.019318759532282664,0.01969439728353141,0.020211592812478568,0.001008765536683606,3,0.011047816330053513,0.009841160220994474,0.010013812154696133,0.010300929568581375,0.0005328114415685194,4,0.5039370078740157,0.5229357798165137,0.5918367346938775,0.5395698407948023,0.03776338157725154,7,
